episode_id,player_idx,n_steps,final_label,method,argmax_rel,max_dv
75368665,0,75,0,raw,0.136986301369863,0.16472992000000003
75368665,0,75,0,smooth_k5,0.0,0.09315324400000002
75368665,0,75,0,smooth_k15,0.0,0.03105108133333334
75368665,0,75,0,k5_drop10pct,0.1643835616438356,0.04395693600000006
75368665,0,75,0,k5_drop20pct,0.4383561643835616,0.02185525599999999
75368665,1,75,1,raw,0.1643835616438356,0.21083786999999998
75368665,1,75,1,smooth_k5,0.9863013698630136,0.19748249000000018
75368665,1,75,1,smooth_k15,1.0,0.06571398666666661
75368665,1,75,1,k5_drop10pct,0.1643835616438356,0.06538736
75368665,1,75,1,k5_drop20pct,0.1917808219178082,0.043207434000000045
75648312,0,181,0,raw,0.3463687150837989,0.180215956
75648312,0,181,0,smooth_k5,0.00558659217877095,0.05232359200000003
75648312,0,181,0,smooth_k15,0.0,0.018035253333333334
75648312,0,181,0,k5_drop10pct,0.6871508379888268,0.04232551400000001
75648312,0,181,0,k5_drop20pct,0.6871508379888268,0.04232551400000001
75648312,1,181,0,raw,0.27932960893854747,0.122437245
75648312,1,181,0,smooth_k5,0.00558659217877095,0.05232359200000003
75648312,1,181,0,smooth_k15,0.027932960893854747,0.01914266666666667
75648312,1,181,0,k5_drop10pct,0.2849162011173184,0.0304191848
75648312,1,181,0,k5_drop20pct,0.2849162011173184,0.0304191848
75648312,2,181,1,raw,0.664804469273743,0.20143660000000008
75648312,2,181,1,smooth_k5,0.994413407821229,0.19748249000000018
75648312,2,181,1,smooth_k15,0.9664804469273743,0.06582749666666665
75648312,2,181,1,k5_drop10pct,0.7262569832402235,0.0703800280000001
75648312,2,181,1,k5_drop20pct,0.7262569832402235,0.0703800280000001
75648312,3,181,0,raw,0.09497206703910614,0.12535258000000002
75648312,3,181,0,smooth_k5,0.00558659217877095,0.05182410400000004
75648312,3,181,0,smooth_k15,0.0223463687150838,0.020729133333333344
75648312,3,181,0,k5_drop10pct,0.6983240223463687,0.03463713700000001
75648312,3,181,0,k5_drop20pct,0.6983240223463687,0.03463713700000001
75682275,0,174,0,raw,0.26744186046511625,0.135942094
75682275,0,174,0,smooth_k5,0.0,0.05357642800000001
75682275,0,174,0,smooth_k15,0.03488372093023256,0.018087173333333345
75682275,0,174,0,k5_drop10pct,0.18604651162790697,0.04525994
75682275,0,174,0,k5_drop20pct,0.27906976744186046,0.033240817999999984
75682275,1,174,0,raw,0.48255813953488375,0.20261829999999997
75682275,1,174,0,smooth_k5,0.5348837209302325,0.06256575200000003
75682275,1,174,0,smooth_k15,0.436046511627907,0.026502045333333307
75682275,1,174,0,k5_drop10pct,0.5348837209302325,0.06256575200000003
75682275,1,174,0,k5_drop20pct,0.5348837209302325,0.06256575200000003
75682275,2,174,0,raw,0.5465116279069767,0.14969365
75682275,2,174,0,smooth_k5,0.0,0.05357642800000001
75682275,2,174,0,smooth_k15,0.0,0.017858809333333336
75682275,2,174,0,k5_drop10pct,0.27325581395348836,0.04902772200000005
75682275,2,174,0,k5_drop20pct,0.27325581395348836,0.04902772200000005
75682275,3,174,1,raw,0.6395348837209303,0.28653027999999997
75682275,3,174,1,smooth_k5,1.0,0.19748248999999996
75682275,3,174,1,smooth_k15,0.9651162790697675,0.06582749666666665
75682275,3,174,1,k5_drop10pct,0.6395348837209303,0.13498935199999995
75682275,3,174,1,k5_drop20pct,0.6395348837209303,0.13498935199999995
75696709,0,127,0,raw,0.512,0.16262149999999992
75696709,0,127,0,smooth_k5,0.496,0.06275804399999996
75696709,0,127,0,smooth_k15,0.456,0.022378029333333327
75696709,0,127,0,k5_drop10pct,0.496,0.06275804399999996
75696709,0,127,0,k5_drop20pct,0.496,0.06275804399999996
75696709,1,127,0,raw,0.44,0.08305140999999999
75696709,1,127,0,smooth_k5,0.008,0.05554330000000002
75696709,1,127,0,smooth_k15,0.04,0.021918455999999975
75696709,1,127,0,k5_drop10pct,0.44,0.02506172200000001
75696709,1,127,0,k5_drop20pct,0.44,0.02506172200000001
75696709,2,127,0,raw,0.6,0.08604437300000001
75696709,2,127,0,smooth_k5,0.008,0.05554329999999999
75696709,2,127,0,smooth_k15,0.0,0.018839337333333345
75696709,2,127,0,k5_drop10pct,0.592,0.027470949800000005
75696709,2,127,0,k5_drop20pct,0.592,0.027470949800000005
75696709,3,127,1,raw,0.584,0.33953037
75696709,3,127,1,smooth_k5,0.992,0.19748249000000018
75696709,3,127,1,smooth_k15,0.952,0.06582749666666665
75696709,3,127,1,k5_drop10pct,0.584,0.10891838000000009
75696709,3,127,1,k5_drop20pct,0.584,0.10891838000000009
75699482,0,301,0,raw,0.47157190635451507,0.093463907
75699482,0,301,0,smooth_k5,0.0033444816053511705,0.05232359200000003
75699482,0,301,0,smooth_k15,0.013377926421404682,0.01840744666666666
75699482,0,301,0,k5_drop10pct,0.4682274247491639,0.018887278400000002
75699482,0,301,0,k5_drop20pct,0.4682274247491639,0.018887278400000002
75699482,1,301,0,raw,0.12040133779264214,0.18603888
75699482,1,301,0,smooth_k5,0.12040133779264214,0.05378722400000002
75699482,1,301,0,smooth_k15,0.10702341137123746,0.018847850000000055
75699482,1,301,0,k5_drop10pct,0.12040133779264214,0.05378722400000002
75699482,1,301,0,k5_drop20pct,0.2140468227424749,0.038727766000000025
75699482,2,301,0,raw,0.5719063545150501,0.23840165000000002
75699482,2,301,0,smooth_k5,0.39464882943143814,0.07815212799999999
75699482,2,301,0,smooth_k15,0.38461538461538464,0.028009461999999985
75699482,2,301,0,k5_drop10pct,0.39464882943143814,0.07815212799999999
75699482,2,301,0,k5_drop20pct,0.39464882943143814,0.07815212799999999
75699482,3,301,1,raw,0.6488294314381271,0.51588765
75699482,3,301,1,smooth_k5,0.9966555183946488,0.19748249000000018
75699482,3,301,1,smooth_k15,0.979933110367893,0.06582749666666665
75699482,3,301,1,k5_drop10pct,0.6555183946488294,0.10274718999999999
75699482,3,301,1,k5_drop20pct,0.6555183946488294,0.10274718999999999
75699913,0,160,1,raw,0.2911392405063291,0.28861936
75699913,0,160,1,smooth_k5,0.9936708860759493,0.19748249000000018
75699913,0,160,1,smooth_k15,0.9620253164556962,0.06582749666666665
75699913,0,160,1,k5_drop10pct,0.6518987341772152,0.06874286000000007
75699913,0,160,1,k5_drop20pct,0.6518987341772152,0.06874286000000007
75699913,1,160,0,raw,0.6582278481012658,0.44500059000000003
75699913,1,160,0,smooth_k5,0.6708860759493671,0.102437426
75699913,1,160,0,smooth_k15,0.02531645569620253,0.03430690399999997
75699913,1,160,0,k5_drop10pct,0.6708860759493671,0.102437426
75699913,1,160,0,k5_drop20pct,0.6708860759493671,0.102437426
75709643,0,249,0,raw,0.22267206477732793,0.10776385999999999
75709643,0,249,0,smooth_k5,0.004048582995951417,0.05232359200000003
75709643,0,249,0,smooth_k15,0.024291497975708502,0.021472183999999978
75709643,0,249,0,k5_drop10pct,0.21862348178137653,0.03041530540000001
75709643,0,249,0,k5_drop20pct,0.21862348178137653,0.03041530540000001
75709643,1,249,0,raw,0.23481781376518218,0.16762189
75709643,1,249,0,smooth_k5,0.22672064777327935,0.056310866000000015
75709643,1,249,0,smooth_k15,0.024291497975708502,0.021472183999999978
75709643,1,249,0,k5_drop10pct,0.22672064777327935,0.056310866000000015
75709643,1,249,0,k5_drop20pct,0.22672064777327935,0.056310866000000015
75709643,2,249,0,raw,0.21862348178137653,0.19394716
75709643,2,249,0,smooth_k5,0.22672064777327935,0.06253093999999998
75709643,2,249,0,smooth_k15,0.24696356275303644,0.02865243986666667
75709643,2,249,0,k5_drop10pct,0.22672064777327935,0.06253093999999998
75709643,2,249,0,k5_drop20pct,0.22672064777327935,0.06253093999999998
75709643,3,249,1,raw,0.5182186234817814,0.47991284
75709643,3,249,1,smooth_k5,0.9959514170040485,0.19748249000000018
75709643,3,249,1,smooth_k15,0.9757085020242915,0.06582749666666665
75709643,3,249,1,k5_drop10pct,0.5263157894736842,0.10354864000000008
75709643,3,249,1,k5_drop20pct,0.5263157894736842,0.10354864000000008
75714286,0,367,1,raw,0.7342465753424657,0.35119718000000005
75714286,0,367,1,smooth_k5,0.9972602739726028,0.19748249000000018
75714286,0,367,1,smooth_k15,0.9835616438356164,0.06582749666666665
75714286,0,367,1,k5_drop10pct,0.7315068493150685,0.1034614519999999
75714286,0,367,1,k5_drop20pct,0.7315068493150685,0.1034614519999999
75714286,1,367,0,raw,0.16712328767123288,0.17623378
75714286,1,367,0,smooth_k5,0.0027397260273972603,0.05554330000000002
75714286,1,367,0,smooth_k15,0.0027397260273972603,0.018407609333333325
75714286,1,367,0,k5_drop10pct,0.3726027397260274,0.040088366000000014
75714286,1,367,0,k5_drop20pct,0.3726027397260274,0.040088366000000014
75714286,2,367,0,raw,0.6904109589041096,0.18912783
75714286,2,367,0,smooth_k5,0.7671232876712328,0.05556114119999997
75714286,2,367,0,smooth_k15,0.7095890410958904,0.021690353999999995
75714286,2,367,0,k5_drop10pct,0.7671232876712328,0.05556114119999997
75714286,2,367,0,k5_drop20pct,0.7671232876712328,0.05556114119999997
75714286,3,367,0,raw,0.38082191780821917,0.31575434999999996
75714286,3,367,0,smooth_k5,0.5972602739726027,0.07287007999999995
75714286,3,367,0,smooth_k15,0.6465753424657534,0.025167115333333323
75714286,3,367,0,k5_drop10pct,0.5972602739726027,0.07287007999999995
75714286,3,367,0,k5_drop20pct,0.5972602739726027,0.07287007999999995
75717722,0,500,0,raw,0.5180722891566265,0.25220465000000003
75717722,0,500,0,smooth_k5,0.9979919678714859,0.18624691999999998
75717722,0,500,0,smooth_k15,0.9959839357429718,0.06054924666666672
75717722,0,500,0,k5_drop10pct,0.5140562248995983,0.09284940599999997
75717722,0,500,0,k5_drop20pct,0.5140562248995983,0.09284940599999997
75717722,1,500,1,raw,0.9437751004016064,0.31379434000000006
75717722,1,500,1,smooth_k5,0.37751004016064255,0.065898964
75717722,1,500,1,smooth_k15,0.9919678714859438,0.020592671333333368
75717722,1,500,1,k5_drop10pct,0.37751004016064255,0.065898964
75717722,1,500,1,k5_drop20pct,0.37751004016064255,0.065898964
75717722,2,500,0,raw,0.37349397590361444,0.21714867999999998
75717722,2,500,0,smooth_k5,0.29518072289156627,0.0613109
75717722,2,500,0,smooth_k15,0.4397590361445783,0.02083298039999995
75717722,2,500,0,k5_drop10pct,0.29518072289156627,0.0613109
75717722,2,500,0,k5_drop20pct,0.29518072289156627,0.0613109
75717722,3,500,0,raw,0.2971887550200803,0.19001456
75717722,3,500,0,smooth_k5,0.30522088353413657,0.059021112999999986
75717722,3,500,0,smooth_k15,0.3152610441767068,0.02482771546666665
75717722,3,500,0,k5_drop10pct,0.30522088353413657,0.059021112999999986
75717722,3,500,0,k5_drop20pct,0.30522088353413657,0.059021112999999986
75749145,0,320,1,raw,0.7327044025157232,0.27591445000000003
75749145,0,320,1,smooth_k5,0.9968553459119497,0.19748249000000018
75749145,0,320,1,smooth_k15,0.9811320754716981,0.06582749666666665
75749145,0,320,1,k5_drop10pct,0.7327044025157232,0.108104368
75749145,0,320,1,k5_drop20pct,0.7327044025157232,0.108104368
75749145,1,320,0,raw,0.17295597484276728,0.083041013
75749145,1,320,0,smooth_k5,0.0031446540880503146,0.05232359200000003
75749145,1,320,0,smooth_k15,0.012578616352201259,0.020815004666666664
75749145,1,320,0,k5_drop10pct,0.17295597484276728,0.02145918079999999
75749145,1,320,0,k5_drop20pct,0.20440251572327045,0.006259469600000001
75749145,2,320,0,raw,0.7484276729559748,0.24805727000000002
75749145,2,320,0,smooth_k5,0.7327044025157232,0.07549351800000009
75749145,2,320,0,smooth_k15,0.7421383647798742,0.026949304666666674
75749145,2,320,0,k5_drop10pct,0.7327044025157232,0.07549351800000009
75749145,2,320,0,k5_drop20pct,0.7327044025157232,0.07549351800000009
75749145,3,320,0,raw,0.29874213836477986,0.24746435
75749145,3,320,0,smooth_k5,0.3050314465408805,0.10165280999999993
75749145,3,320,0,smooth_k15,0.3081761006289308,0.0331384913333333
75749145,3,320,0,k5_drop10pct,0.3050314465408805,0.10165280999999993
75749145,3,320,0,k5_drop20pct,0.3050314465408805,0.10165280999999993
75789044,0,500,0,raw,0.020080321285140562,0.08635219999999999
75789044,0,500,0,smooth_k5,0.002008032128514056,0.05232359200000003
75789044,0,500,0,smooth_k15,0.0,0.017371483333333326
75789044,0,500,0,k5_drop10pct,0.10040160642570281,0.0009671352000000018
75789044,0,500,0,k5_drop20pct,0.3192771084337349,0.0003153908600000005
75789044,1,500,1,raw,0.3253012048192771,0.20909529999999998
75789044,1,500,1,smooth_k5,0.9979919678714859,0.19742307999999997
75789044,1,500,1,smooth_k15,0.9879518072289156,0.06580769333333336
75789044,1,500,1,k5_drop10pct,0.321285140562249,0.06758055200000002
75789044,1,500,1,k5_drop20pct,0.321285140562249,0.06758055200000002
75789044,2,500,0,raw,0.3192771084337349,0.21208521000000002
75789044,2,500,0,smooth_k5,0.3192771084337349,0.06329719399999995
75789044,2,500,0,smooth_k15,0.012048192771084338,0.019825730666666652
75789044,2,500,0,k5_drop10pct,0.3192771084337349,0.06329719399999995
75789044,2,500,0,k5_drop20pct,0.3192771084337349,0.06329719399999995
75789044,3,500,0,raw,0.08634538152610442,0.14446257999999998
75789044,3,500,0,smooth_k5,0.002008032128514056,0.05232359200000003
75789044,3,500,0,smooth_k15,0.002008032128514056,0.01775482466666667
75789044,3,500,0,k5_drop10pct,0.10843373493975904,0.02766885999999999
75789044,3,500,0,k5_drop20pct,0.3192771084337349,0.0010304588
75813241,0,500,1,raw,0.11646586345381527,0.29893496999999997
75813241,0,500,1,smooth_k5,0.9979919678714859,0.19748249000000018
75813241,0,500,1,smooth_k15,0.9879518072289156,0.06582749666666665
75813241,0,500,1,k5_drop10pct,0.12048192771084337,0.08984250400000005
75813241,0,500,1,k5_drop20pct,0.19879518072289157,0.002685047999999912
75813241,1,500,0,raw,0.11646586345381527,0.21144220000000002
75813241,1,500,0,smooth_k5,0.002008032128514056,0.09449893200000009
75813241,1,500,0,smooth_k15,0.012048192771084338,0.041719671333333375
75813241,1,500,0,k5_drop10pct,0.10240963855421686,0.055373892000000036
75813241,1,500,0,k5_drop20pct,0.20883534136546184,0.04237233400000001
75816344,0,373,0,raw,0.4636118598382749,0.232358574
75816344,0,373,0,smooth_k5,0.0026954177897574125,0.05812585400000003
75816344,0,373,0,smooth_k15,0.0,0.019323096666666678
75816344,0,373,0,k5_drop10pct,0.6415094339622641,0.0539115364
75816344,0,373,0,k5_drop20pct,0.6415094339622641,0.0539115364
75816344,1,373,1,raw,0.48247978436657685,0.31392992
75816344,1,373,1,smooth_k5,0.9973045822102425,0.19748249000000018
75816344,1,373,1,smooth_k15,0.9838274932614556,0.06582749666666665
75816344,1,373,1,k5_drop10pct,0.6495956873315364,0.107916964
75816344,1,373,1,k5_drop20pct,0.6495956873315364,0.107916964
75816344,2,373,0,raw,0.5148247978436657,0.49263407000000003
75816344,2,373,0,smooth_k5,0.522911051212938,0.12018535800000008
75816344,2,373,0,smooth_k15,0.5417789757412399,0.04458775599999998
75816344,2,373,0,k5_drop10pct,0.522911051212938,0.12018535800000008
75816344,2,373,0,k5_drop20pct,0.522911051212938,0.12018535800000008
75816344,3,373,0,raw,0.07008086253369272,0.11485517
75816344,3,373,0,smooth_k5,0.0,0.055949760000000015
75816344,3,373,0,smooth_k15,0.0,0.018790056
75816344,3,373,0,k5_drop10pct,0.09973045822102426,0.03222735800000001
75816344,3,373,0,k5_drop20pct,0.31266846361185985,0.028636223000000016
75823093,0,190,0,raw,0.4148936170212766,0.23828616000000002
75823093,0,190,0,smooth_k5,0.005319148936170213,0.09249640000000003
75823093,0,190,0,smooth_k15,0.0,0.030832133333333345
75823093,0,190,0,k5_drop10pct,0.3351063829787234,0.05163124799999996
75823093,0,190,0,k5_drop20pct,0.3351063829787234,0.05163124799999996
75823093,1,190,1,raw,0.6223404255319149,0.21115516999999995
75823093,1,190,1,smooth_k5,0.9946808510638298,0.19748249000000018
75823093,1,190,1,smooth_k15,0.9680851063829787,0.06582749666666665
75823093,1,190,1,k5_drop10pct,0.6648936170212766,0.05708092000000009
75823093,1,190,1,k5_drop20pct,0.6648936170212766,0.05708092000000009
75829171,0,234,0,raw,0.5387931034482759,0.31000550000000004
75829171,0,234,0,smooth_k5,0.5258620689655172,0.06216098800000003
75829171,0,234,0,smooth_k15,0.5689655172413793,0.04520544966666662
75829171,0,234,0,k5_drop10pct,0.5258620689655172,0.06216098800000003
75829171,0,234,0,k5_drop20pct,0.5258620689655172,0.06216098800000003
75829171,1,234,0,raw,0.6120689655172413,0.20587140999999998
75829171,1,234,0,smooth_k5,0.6120689655172413,0.05984427999999997
75829171,1,234,0,smooth_k15,0.5905172413793104,0.033885124666666655
75829171,1,234,0,k5_drop10pct,0.6120689655172413,0.05984427999999997
75829171,1,234,0,k5_drop20pct,0.6120689655172413,0.05984427999999997
75829171,2,234,1,raw,0.7931034482758621,0.23330679999999993
75829171,2,234,1,smooth_k5,0.9956896551724138,0.19748249000000018
75829171,2,234,1,smooth_k15,0.9741379310344828,0.06582749666666665
75829171,2,234,1,k5_drop10pct,0.7844827586206896,0.06909473199999994
75829171,2,234,1,k5_drop20pct,0.7844827586206896,0.06909473199999994
75829171,3,234,0,raw,0.15948275862068967,0.11869419999999999
75829171,3,234,0,smooth_k5,0.0,0.05426152000000001
75829171,3,234,0,smooth_k15,0.008620689655172414,0.01719293999999999
75829171,3,234,0,k5_drop10pct,0.16810344827586207,0.020879973999999996
75829171,3,234,0,k5_drop20pct,0.23275862068965517,0.019310241399999997
75850159,0,306,1,raw,0.19407894736842105,0.24957489999999993
75850159,0,306,1,smooth_k5,0.9967105263157895,0.19748249000000018
75850159,0,306,1,smooth_k15,0.9802631578947368,0.06582749666666665
75850159,0,306,1,k5_drop10pct,0.20723684210526316,0.05651194999999998
75850159,0,306,1,k5_drop20pct,0.20723684210526316,0.05651194999999998
75850159,1,306,0,raw,0.1118421052631579,0.23494997
75850159,1,306,0,smooth_k5,0.003289473684210526,0.09449893200000009
75850159,1,306,0,smooth_k15,0.01644736842105263,0.03282452800000002
75850159,1,306,0,k5_drop10pct,0.24013157894736842,0.049812928000000034
75850159,1,306,0,k5_drop20pct,0.24013157894736842,0.049812928000000034
75850258,0,122,0,raw,0.5833333333333334,0.33427530000000005
75850258,0,122,0,smooth_k5,0.0,0.09481834
75850258,0,122,0,smooth_k15,0.03333333333333333,0.03160611333333335
75850258,0,122,0,k5_drop10pct,0.6,0.06799202799999993
75850258,0,122,0,k5_drop20pct,0.6,0.06799202799999993
75850258,1,122,1,raw,0.45,0.26695747
75850258,1,122,1,smooth_k5,1.0,0.19748248999999996
75850258,1,122,1,smooth_k15,0.9666666666666667,0.06568377333333342
75850258,1,122,1,k5_drop10pct,0.6,0.09690402799999998
75850258,1,122,1,k5_drop20pct,0.6,0.09690402799999998
75851214,0,162,1,raw,0.475,0.21830573999999997
75851214,0,162,1,smooth_k5,0.99375,0.19748249000000018
75851214,0,162,1,smooth_k15,0.9625,0.06582749666666665
75851214,0,162,1,k5_drop10pct,0.48125,0.08605567800000002
75851214,0,162,1,k5_drop20pct,0.48125,0.08605567800000002
75851214,1,162,0,raw,0.65625,0.28821614000000007
75851214,1,162,0,smooth_k5,0.0,0.098473584
75851214,1,162,0,smooth_k15,0.01875,0.033302402666666675
75851214,1,162,0,k5_drop10pct,0.475,0.047044056000000056
75851214,1,162,0,k5_drop20pct,0.475,0.047044056000000056
75852471,0,185,1,raw,0.7868852459016393,0.26585504000000004
75852471,0,185,1,smooth_k5,0.994535519125683,0.19748249000000018
75852471,0,185,1,smooth_k15,0.9672131147540983,0.06582749666666665
75852471,0,185,1,k5_drop10pct,0.7923497267759563,0.120524034
75852471,0,185,1,k5_drop20pct,0.7923497267759563,0.120524034
75852471,1,185,0,raw,0.4098360655737705,0.15756757999999998
75852471,1,185,0,smooth_k5,0.0,0.055949760000000015
75852471,1,185,0,smooth_k15,0.0,0.019323096666666678
75852471,1,185,0,k5_drop10pct,0.3989071038251366,0.03858356399999999
75852471,1,185,0,k5_drop20pct,0.3989071038251366,0.03858356399999999
75852471,2,185,0,raw,0.6174863387978142,0.18910289
75852471,2,185,0,smooth_k5,0.0,0.055949760000000015
75852471,2,185,0,smooth_k15,0.0,0.019323096666666678
75852471,2,185,0,k5_drop10pct,0.4426229508196721,0.03905244600000002
75852471,2,185,0,k5_drop20pct,0.4426229508196721,0.03905244600000002
75852471,3,185,0,raw,0.4098360655737705,0.19843667
75852471,3,185,0,smooth_k5,0.0,0.055949760000000015
75852471,3,185,0,smooth_k15,0.0,0.019323096666666678
75852471,3,185,0,k5_drop10pct,0.4207650273224044,0.05031070180000002
75852471,3,185,0,k5_drop20pct,0.4207650273224044,0.05031070180000002
75854976,0,160,1,raw,0.5886075949367089,0.40114719
75854976,0,160,1,smooth_k5,0.9936708860759493,0.19748249000000018
75854976,0,160,1,smooth_k15,0.9620253164556962,0.06582749666666665
75854976,0,160,1,k5_drop10pct,0.6012658227848101,0.09352435999999997
75854976,0,160,1,k5_drop20pct,0.6012658227848101,0.09352435999999997
75854976,1,160,0,raw,0.5886075949367089,0.30649595999999996
75854976,1,160,0,smooth_k5,0.0,0.09236838800000002
75854976,1,160,0,smooth_k15,0.03164556962025317,0.03911956666666666
75854976,1,160,0,k5_drop10pct,0.5949367088607594,0.07067394799999993
75854976,1,160,0,k5_drop20pct,0.5949367088607594,0.07067394799999993
75855112,0,130,1,raw,0.4765625,0.3265208599999999
75855112,0,130,1,smooth_k5,0.9921875,0.19746864000000008
75855112,0,130,1,smooth_k15,1.0,0.06577431733333328
75855112,0,130,1,k5_drop10pct,0.484375,0.09002697599999998
75855112,0,130,1,k5_drop20pct,0.484375,0.09002697599999998
75855112,1,130,0,raw,0.5234375,0.23814064000000007
75855112,1,130,0,smooth_k5,0.0078125,0.09844938000000009
75855112,1,130,0,smooth_k15,0.046875,0.03334691333333334
75855112,1,130,0,k5_drop10pct,0.46875,0.058681676000000016
75855112,1,130,0,k5_drop20pct,0.46875,0.058681676000000016
75858039,0,178,1,raw,0.4318181818181818,0.46884202999999997
75858039,0,178,1,smooth_k5,0.9943181818181818,0.19748249000000018
75858039,0,178,1,smooth_k15,0.9659090909090909,0.06582749666666665
75858039,0,178,1,k5_drop10pct,0.4431818181818182,0.127282232
75858039,0,178,1,k5_drop20pct,0.4431818181818182,0.127282232
75858039,1,178,0,raw,0.4318181818181818,0.33246977
75858039,1,178,0,smooth_k5,0.4431818181818182,0.11516763000000019
75858039,1,178,0,smooth_k15,0.0,0.03329360466666664
75858039,1,178,0,k5_drop10pct,0.4431818181818182,0.11516763000000019
75858039,1,178,0,k5_drop20pct,0.4431818181818182,0.11516763000000019
75864911,0,500,0,raw,0.14457831325301204,0.19930228
75864911,0,500,0,smooth_k5,0.142570281124498,0.06234929000000003
75864911,0,500,0,smooth_k15,0.13654618473895583,0.028418868333333347
75864911,0,500,0,k5_drop10pct,0.142570281124498,0.06234929000000003
75864911,0,500,0,k5_drop20pct,0.20481927710843373,0.0022915740000000046
75864911,1,500,0,raw,0.0321285140562249,0.16397521000000004
75864911,1,500,0,smooth_k5,0.0,0.05796929000000001
75864911,1,500,0,smooth_k15,0.012048192771084338,0.01748506999999999
75864911,1,500,0,k5_drop10pct,0.11847389558232932,0.018322852
75864911,1,500,0,k5_drop20pct,0.24899598393574296,0.0006131282000000002
75864911,2,500,1,raw,0.3493975903614458,0.24973535000000002
75864911,2,500,1,smooth_k5,0.9979919678714859,0.19748249000000018
75864911,2,500,1,smooth_k15,0.9879518072289156,0.06582749666666665
75864911,2,500,1,k5_drop10pct,0.357429718875502,0.07333973000000005
75864911,2,500,1,k5_drop20pct,0.357429718875502,0.07333973000000005
75864911,3,500,0,raw,0.3172690763052209,0.43967599999999996
75864911,3,500,0,smooth_k5,0.321285140562249,0.08424581399999997
75864911,3,500,0,smooth_k15,0.3333333333333333,0.03228007666666666
75864911,3,500,0,k5_drop10pct,0.321285140562249,0.08424581399999997
75864911,3,500,0,k5_drop20pct,0.321285140562249,0.08424581399999997
75872623,0,159,0,raw,0.3885350318471338,0.35281907
75872623,0,159,0,smooth_k5,0.3184713375796178,0.11302458000000004
75872623,0,159,0,smooth_k15,0.3503184713375796,0.041127282666666654
75872623,0,159,0,k5_drop10pct,0.3184713375796178,0.11302458000000004
75872623,0,159,0,k5_drop20pct,0.3184713375796178,0.11302458000000004
75872623,1,159,1,raw,0.2484076433121019,0.37377974
75872623,1,159,1,smooth_k5,0.9936305732484076,0.19748249000000018
75872623,1,159,1,smooth_k15,0.9617834394904459,0.06582749666666665
75872623,1,159,1,k5_drop10pct,0.3184713375796178,0.08802696599999993
75872623,1,159,1,k5_drop20pct,0.3184713375796178,0.08802696599999993
75875734,0,119,1,raw,0.3162393162393162,0.28384713000000006
75875734,0,119,1,smooth_k5,0.9914529914529915,0.19748249000000018
75875734,0,119,1,smooth_k15,0.9487179487179487,0.06582749666666665
75875734,0,119,1,k5_drop10pct,0.5982905982905983,0.04984093799999989
75875734,0,119,1,k5_drop20pct,0.5982905982905983,0.04984093799999989
75875734,1,119,0,raw,0.5470085470085471,0.30108442999999996
75875734,1,119,0,smooth_k5,0.0,0.09447480000000003
75875734,1,119,0,smooth_k15,0.008547008547008548,0.033223633333333336
75875734,1,119,0,k5_drop10pct,0.5213675213675214,0.07616806599999998
75875734,1,119,0,k5_drop20pct,0.5213675213675214,0.07616806599999998
75878390,0,168,0,raw,0.6144578313253012,0.30832644
75878390,0,168,0,smooth_k5,0.608433734939759,0.10531787999999997
75878390,0,168,0,smooth_k15,0.6144578313253012,0.04109503800000003
75878390,0,168,0,k5_drop10pct,0.608433734939759,0.10531787999999997
75878390,0,168,0,k5_drop20pct,0.608433734939759,0.10531787999999997
75878390,1,168,1,raw,0.6144578313253012,0.40805610999999997
75878390,1,168,1,smooth_k5,0.9939759036144579,0.19748249000000018
75878390,1,168,1,smooth_k15,0.963855421686747,0.06582749666666665
75878390,1,168,1,k5_drop10pct,0.6144578313253012,0.11595011799999999
75878390,1,168,1,k5_drop20pct,0.6144578313253012,0.11595011799999999
75886361,0,152,0,raw,0.08,0.12571926
75886361,0,152,0,smooth_k5,0.006666666666666667,0.05232359200000003
75886361,0,152,0,smooth_k15,0.03333333333333333,0.02147928666666668
75886361,0,152,0,k5_drop10pct,0.12666666666666668,0.027552228000000012
75886361,0,152,0,k5_drop20pct,0.23333333333333334,0.0010664806600000007
75886361,1,152,0,raw,0.16666666666666666,0.17850022000000001
75886361,1,152,0,smooth_k5,0.006666666666666667,0.05232359200000003
75886361,1,152,0,smooth_k15,0.006666666666666667,0.017754213333333324
75886361,1,152,0,k5_drop10pct,0.5333333333333333,0.03610434679999999
75886361,1,152,0,k5_drop20pct,0.5333333333333333,0.03610434679999999
75886361,2,152,1,raw,0.6066666666666667,0.27774677000000003
75886361,2,152,1,smooth_k5,0.9933333333333333,0.19748249000000018
75886361,2,152,1,smooth_k15,0.96,0.06582749666666665
75886361,2,152,1,k5_drop10pct,0.6,0.11020780399999996
75886361,2,152,1,k5_drop20pct,0.6,0.11020780399999996
75886361,3,152,0,raw,0.08666666666666667,0.14980589
75886361,3,152,0,smooth_k5,0.006666666666666667,0.05232359200000003
75886361,3,152,0,smooth_k15,0.04,0.019819651333333327
75886361,3,152,0,k5_drop10pct,0.19333333333333333,0.029846918000000028
75886361,3,152,0,k5_drop20pct,0.22666666666666666,0.029683998000000045
75888282,0,143,1,raw,0.4397163120567376,0.36526388
75888282,0,143,1,smooth_k5,0.9929078014184397,0.19748249000000018
75888282,0,143,1,smooth_k15,0.9716312056737588,0.06582749666666665
75888282,0,143,1,k5_drop10pct,0.5531914893617021,0.0783013079999999
75888282,0,143,1,k5_drop20pct,0.5531914893617021,0.0783013079999999
75888282,1,143,0,raw,0.574468085106383,0.24098959999999997
75888282,1,143,0,smooth_k5,0.0070921985815602835,0.09449893200000009
75888282,1,143,0,smooth_k15,0.0,0.03282452800000002
75888282,1,143,0,k5_drop10pct,0.5815602836879432,0.049383692000000035
75888282,1,143,0,k5_drop20pct,0.5815602836879432,0.049383692000000035
75890977,0,266,1,raw,0.6401515151515151,0.4287138
75890977,0,266,1,smooth_k5,0.9962121212121212,0.19748249000000018
75890977,0,266,1,smooth_k15,0.9772727272727273,0.06582749666666665
75890977,0,266,1,k5_drop10pct,0.5265151515151515,0.1365269400000001
75890977,0,266,1,k5_drop20pct,0.5265151515151515,0.1365269400000001
75890977,1,266,0,raw,0.6856060606060606,0.44339666
75890977,1,266,0,smooth_k5,0.5265151515151515,0.11940975200000004
75890977,1,266,0,smooth_k15,0.48863636363636365,0.04446272066666679
75890977,1,266,0,k5_drop10pct,0.5265151515151515,0.11940975200000004
75890977,1,266,0,k5_drop20pct,0.5265151515151515,0.11940975200000004
75896918,0,199,0,raw,0.26903553299492383,0.26822076
75896918,0,199,0,smooth_k5,0.005076142131979695,0.09382180000000007
75896918,0,199,0,smooth_k15,0.0,0.03151891000000001
75896918,0,199,0,k5_drop10pct,0.4517766497461929,0.08028516800000002
75896918,0,199,0,k5_drop20pct,0.4517766497461929,0.08028516800000002
75896918,1,199,1,raw,0.6700507614213198,0.49657897999999995
75896918,1,199,1,smooth_k5,0.9949238578680203,0.19748249000000018
75896918,1,199,1,smooth_k15,0.9847715736040609,0.0658218106666667
75896918,1,199,1,k5_drop10pct,0.6802030456852792,0.10346879199999987
75896918,1,199,1,k5_drop20pct,0.6802030456852792,0.10346879199999987
75900177,0,201,1,raw,0.32663316582914576,0.27652612
75900177,0,201,1,smooth_k5,0.9949748743718593,0.19748249000000018
75900177,0,201,1,smooth_k15,0.9698492462311558,0.06582749666666665
75900177,0,201,1,k5_drop10pct,0.2814070351758794,0.09261159600000002
75900177,0,201,1,k5_drop20pct,0.2814070351758794,0.09261159600000002
75900177,1,201,0,raw,0.3015075376884422,0.34820625999999993
75900177,1,201,0,smooth_k5,0.0,0.09449893199999998
75900177,1,201,0,smooth_k15,0.0,0.03282452800000002
75900177,1,201,0,k5_drop10pct,0.3165829145728643,0.08205978399999991
75900177,1,201,0,k5_drop20pct,0.3165829145728643,0.08205978399999991
75905839,0,94,0,raw,0.31521739130434784,0.19281787
75905839,0,94,0,smooth_k5,0.010869565217391304,0.09831542400000004
75905839,0,94,0,smooth_k15,0.0,0.03040134
75905839,0,94,0,k5_drop10pct,0.33695652173913043,0.047011513999999976
75905839,0,94,0,k5_drop20pct,0.33695652173913043,0.047011513999999976
75905839,1,94,1,raw,0.44565217391304346,0.0825284300000001
75905839,1,94,1,smooth_k5,1.0,0.19275436000000012
75905839,1,94,1,smooth_k15,1.0,0.06311501333333336
75905839,1,94,1,k5_drop10pct,0.33695652173913043,0.023816211999999948
75905839,1,94,1,k5_drop20pct,0.33695652173913043,0.023816211999999948
75921657,0,105,0,raw,0.6407766990291263,0.18906006999999997
75921657,0,105,0,smooth_k5,0.009708737864077669,0.09379550800000008
75921657,0,105,0,smooth_k15,0.0,0.033140879999999984
75921657,0,105,0,k5_drop10pct,0.6601941747572816,0.04929186400000002
75921657,0,105,0,k5_drop20pct,0.6601941747572816,0.04929186400000002
75921657,1,105,1,raw,0.4854368932038835,0.20793094999999995
75921657,1,105,1,smooth_k5,0.9902912621359223,0.19748249000000007
75921657,1,105,1,smooth_k15,0.9902912621359223,0.06580839533333327
75921657,1,105,1,k5_drop10pct,0.3786407766990291,0.044206994000000166
75921657,1,105,1,k5_drop20pct,0.3786407766990291,0.044206994000000166
75925168,0,171,0,raw,0.6272189349112426,0.23833136
75925168,0,171,0,smooth_k5,0.5857988165680473,0.06600088799999998
75925168,0,171,0,smooth_k15,0.5857988165680473,0.03474996066666669
75925168,0,171,0,k5_drop10pct,0.5857988165680473,0.06600088799999998
75925168,0,171,0,k5_drop20pct,0.5857988165680473,0.06600088799999998
75925168,1,171,1,raw,0.5798816568047337,0.30215299999999995
75925168,1,171,1,smooth_k5,0.9940828402366864,0.19748249000000018
75925168,1,171,1,smooth_k15,0.9644970414201184,0.06582749666666665
75925168,1,171,1,k5_drop10pct,0.5857988165680473,0.121725792
75925168,1,171,1,k5_drop20pct,0.5857988165680473,0.121725792
75925168,2,171,0,raw,0.1952662721893491,0.08675820499999999
75925168,2,171,0,smooth_k5,0.005917159763313609,0.050820172000000025
75925168,2,171,0,smooth_k15,0.011834319526627219,0.01762121533333333
75925168,2,171,0,k5_drop10pct,0.14792899408284024,0.03224436
75925168,2,171,0,k5_drop20pct,0.28402366863905326,0.022372852400000004
75925168,3,171,0,raw,0.35502958579881655,0.31001376999999997
75925168,3,171,0,smooth_k5,0.42011834319526625,0.05301364060000001
75925168,3,171,0,smooth_k15,0.40236686390532544,0.02913326346666667
75925168,3,171,0,k5_drop10pct,0.42011834319526625,0.05301364060000001
75925168,3,171,0,k5_drop20pct,0.42011834319526625,0.05301364060000001
75927660,0,158,1,raw,0.3076923076923077,0.19656348
75927660,0,158,1,smooth_k5,0.9935897435897436,0.19748249000000018
75927660,0,158,1,smooth_k15,0.9615384615384616,0.06582749666666665
75927660,0,158,1,k5_drop10pct,0.3076923076923077,0.08458575599999996
75927660,0,158,1,k5_drop20pct,0.3076923076923077,0.08458575599999996
75927660,1,158,0,raw,0.2948717948717949,0.19399463000000006
75927660,1,158,0,smooth_k5,0.0,0.09447480000000003
75927660,1,158,0,smooth_k15,0.038461538461538464,0.03830676666666666
75927660,1,158,0,k5_drop10pct,0.48717948717948717,0.04976435999999995
75927660,1,158,0,k5_drop20pct,0.48717948717948717,0.04976435999999995
75928517,0,152,1,raw,0.52,0.28536048
75928517,0,152,1,smooth_k5,0.9933333333333333,0.19748249000000018
75928517,0,152,1,smooth_k15,0.98,0.06582749666666665
75928517,0,152,1,k5_drop10pct,0.46,0.08361602000000001
75928517,0,152,1,k5_drop20pct,0.46,0.08361602000000001
75928517,1,152,0,raw,0.6333333333333333,0.20928849999999993
75928517,1,152,0,smooth_k5,0.006666666666666667,0.09449893200000009
75928517,1,152,0,smooth_k15,0.0,0.03282452800000002
75928517,1,152,0,k5_drop10pct,0.19333333333333333,0.07023210599999996
75928517,1,152,0,k5_drop20pct,0.6466666666666666,0.06614837999999995
75930516,0,194,1,raw,0.640625,0.43101203000000005
75930516,0,194,1,smooth_k5,0.9947916666666666,0.19748249000000018
75930516,0,194,1,smooth_k15,0.96875,0.06582749666666665
75930516,0,194,1,k5_drop10pct,0.6510416666666666,0.10172262600000004
75930516,0,194,1,k5_drop20pct,0.6510416666666666,0.10172262600000004
75930516,1,194,0,raw,0.578125,0.38347882
75930516,1,194,0,smooth_k5,0.5677083333333334,0.10404060800000003
75930516,1,194,0,smooth_k15,0.5625,0.041119850666666624
75930516,1,194,0,k5_drop10pct,0.5677083333333334,0.10404060800000003
75930516,1,194,0,k5_drop20pct,0.5677083333333334,0.10404060800000003
75937328,0,155,1,raw,0.46405228758169936,0.20827197000000003
75937328,0,155,1,smooth_k5,0.9934640522875817,0.19748249000000018
75937328,0,155,1,smooth_k15,0.9607843137254902,0.06582749666666665
75937328,0,155,1,k5_drop10pct,0.477124183006536,0.052634554000000056
75937328,0,155,1,k5_drop20pct,0.477124183006536,0.052634554000000056
75937328,1,155,0,raw,0.35947712418300654,0.08717531
75937328,1,155,0,smooth_k5,0.006535947712418301,0.05232359200000003
75937328,1,155,0,smooth_k15,0.0,0.017441197333333325
75937328,1,155,0,k5_drop10pct,0.37254901960784315,0.028170170800000005
75937328,1,155,0,k5_drop20pct,0.37254901960784315,0.028170170800000005
75937328,2,155,0,raw,0.3660130718954248,0.29581264
75937328,2,155,0,smooth_k5,0.006535947712418301,0.05232359200000003
75937328,2,155,0,smooth_k15,0.43137254901960786,0.01819365333333331
75937328,2,155,0,k5_drop10pct,0.35294117647058826,0.04794757999999999
75937328,2,155,0,k5_drop20pct,0.35294117647058826,0.04794757999999999
75937328,3,155,0,raw,0.2222222222222222,0.12554699
75937328,3,155,0,smooth_k5,0.006535947712418301,0.05426152000000001
75937328,3,155,0,smooth_k15,0.0392156862745098,0.02531606333333336
75937328,3,155,0,k5_drop10pct,0.39215686274509803,0.03584709999999999
75937328,3,155,0,k5_drop20pct,0.39215686274509803,0.03584709999999999
75939046,0,146,1,raw,0.6458333333333334,0.22186805999999992
75939046,0,146,1,smooth_k5,1.0,0.19742395999999995
75939046,0,146,1,smooth_k15,0.9930555555555556,0.06580798666666676
75939046,0,146,1,k5_drop10pct,0.3680555555555556,0.04811317599999998
75939046,0,146,1,k5_drop20pct,0.3680555555555556,0.04811317599999998
75939046,1,146,0,raw,0.3611111111111111,0.17686930000000006
75939046,1,146,0,smooth_k5,0.0,0.09947324000000002
75939046,1,146,0,smooth_k15,0.020833333333333332,0.04056720666666669
75939046,1,146,0,k5_drop10pct,0.3472222222222222,0.05721844799999998
75939046,1,146,0,k5_drop20pct,0.3472222222222222,0.05721844799999998
75942176,0,147,1,raw,0.4896551724137931,0.30326155
75942176,0,147,1,smooth_k5,0.993103448275862,0.19748249000000018
75942176,0,147,1,smooth_k15,0.9586206896551724,0.06582749666666665
75942176,0,147,1,k5_drop10pct,0.503448275862069,0.062735922
75942176,0,147,1,k5_drop20pct,0.503448275862069,0.062735922
75942176,1,147,0,raw,0.041379310344827586,0.18293652
75942176,1,147,0,smooth_k5,0.0,0.098907476
75942176,1,147,0,smooth_k15,0.041379310344827586,0.03315515533333335
75942176,1,147,0,k5_drop10pct,0.7793103448275862,0.050217870000000026
75942176,1,147,0,k5_drop20pct,0.7793103448275862,0.050217870000000026
75959429,0,172,0,raw,0.2647058823529412,0.134641277
75959429,0,172,0,smooth_k5,0.0058823529411764705,0.05232359200000003
75959429,0,172,0,smooth_k15,0.0,0.017441197333333325
75959429,0,172,0,k5_drop10pct,0.2529411764705882,0.027188316999999997
75959429,0,172,0,k5_drop20pct,0.2529411764705882,0.027188316999999997
75959429,1,172,1,raw,0.5588235294117647,0.16502414999999993
75959429,1,172,1,smooth_k5,0.9941176470588236,0.19748249000000018
75959429,1,172,1,smooth_k15,0.9647058823529412,0.06582749666666665
75959429,1,172,1,k5_drop10pct,0.5470588235294118,0.059094199999999986
75959429,1,172,1,k5_drop20pct,0.5470588235294118,0.059094199999999986
75959429,2,172,0,raw,0.4647058823529412,0.11744945999999998
75959429,2,172,0,smooth_k5,0.7705882352941177,0.05644529460000003
75959429,2,172,0,smooth_k15,0.03529411764705882,0.021364096666666665
75959429,2,172,0,k5_drop10pct,0.7705882352941177,0.05644529460000003
75959429,2,172,0,k5_drop20pct,0.7705882352941177,0.05644529460000003
75959429,3,172,0,raw,0.08823529411764706,0.11357412000000003
75959429,3,172,0,smooth_k5,0.0058823529411764705,0.05232359200000003
75959429,3,172,0,smooth_k15,0.0,0.017274701333333337
75959429,3,172,0,k5_drop10pct,0.15294117647058825,0.031902017999999976
75959429,3,172,0,k5_drop20pct,0.28823529411764703,0.021451988000000033
75964932,0,178,1,raw,0.18181818181818182,0.23057966999999996
75964932,0,178,1,smooth_k5,0.9943181818181818,0.19748249000000018
75964932,0,178,1,smooth_k15,0.9659090909090909,0.06582749666666665
75964932,0,178,1,k5_drop10pct,0.1875,0.08704730599999999
75964932,0,178,1,k5_drop20pct,0.19886363636363635,0.050450009999999934
75964932,1,178,0,raw,0.18181818181818182,0.15833492999999993
75964932,1,178,0,smooth_k5,0.005681818181818182,0.09847358400000006
75964932,1,178,0,smooth_k15,0.0,0.03282452800000002
75964932,1,178,0,k5_drop10pct,0.1875,0.045709104
75964932,1,178,0,k5_drop20pct,0.375,0.03837936199999997
75976337,0,219,0,raw,0.4608294930875576,0.37842955
75976337,0,219,0,smooth_k5,0.4700460829493088,0.10744512
75976337,0,219,0,smooth_k15,0.271889400921659,0.03317127666666664
75976337,0,219,0,k5_drop10pct,0.4700460829493088,0.10744512
75976337,0,219,0,k5_drop20pct,0.4700460829493088,0.10744512
75976337,1,219,1,raw,0.47465437788018433,0.38360806000000003
75976337,1,219,1,smooth_k5,0.9953917050691244,0.19748249000000018
75976337,1,219,1,smooth_k15,0.9723502304147466,0.06582749666666665
75976337,1,219,1,k5_drop10pct,0.4700460829493088,0.11161741599999997
75976337,1,219,1,k5_drop20pct,0.4700460829493088,0.11161741599999997
75984949,0,192,1,raw,0.4631578947368421,0.2123733
75984949,0,192,1,smooth_k5,0.9947368421052631,0.19748249000000018
75984949,0,192,1,smooth_k15,0.968421052631579,0.06582749666666665
75984949,0,192,1,k5_drop10pct,0.3263157894736842,0.08529103399999999
75984949,0,192,1,k5_drop20pct,0.3263157894736842,0.08529103399999999
75984949,1,192,0,raw,0.4631578947368421,0.21382342999999998
75984949,1,192,0,smooth_k5,0.005263157894736842,0.09990720800000003
75984949,1,192,0,smooth_k15,0.46842105263157896,0.05049203466666663
75984949,1,192,0,k5_drop10pct,0.13157894736842105,0.08678388000000015
75984949,1,192,0,k5_drop20pct,0.4368421052631579,0.07466080800000008
75995342,0,214,0,raw,0.36792452830188677,0.40213059999999995
75995342,0,214,0,smooth_k5,0.33962264150943394,0.14334673800000003
75995342,0,214,0,smooth_k15,0.3867924528301887,0.046354565999999986
75995342,0,214,0,k5_drop10pct,0.33962264150943394,0.14334673800000003
75995342,0,214,0,k5_drop20pct,0.33962264150943394,0.14334673800000003
75995342,1,214,1,raw,0.36792452830188677,0.3941256000000001
75995342,1,214,1,smooth_k5,0.9952830188679245,0.19748249000000018
75995342,1,214,1,smooth_k15,0.9716981132075472,0.06582749666666665
75995342,1,214,1,k5_drop10pct,0.33962264150943394,0.11174244599999994
75995342,1,214,1,k5_drop20pct,0.33962264150943394,0.11174244599999994
75998767,0,500,0,raw,0.4678714859437751,0.34675259
75998767,0,500,0,smooth_k5,0.4738955823293173,0.05715945
75998767,0,500,0,smooth_k15,0.5180722891566265,0.02204001600000001
75998767,0,500,0,k5_drop10pct,0.4738955823293173,0.05715945
75998767,0,500,0,k5_drop20pct,0.4738955823293173,0.05715945
75998767,1,500,0,raw,0.40763052208835343,0.2655579
75998767,1,500,0,smooth_k5,0.5220883534136547,0.0691631720000001
75998767,1,500,0,smooth_k15,0.5120481927710844,0.02190462733333337
75998767,1,500,0,k5_drop10pct,0.5220883534136547,0.0691631720000001
75998767,1,500,0,k5_drop20pct,0.5220883534136547,0.0691631720000001
75998767,2,500,1,raw,0.6686746987951807,0.41946972
75998767,2,500,1,smooth_k5,1.0,0.1974791399999999
75998767,2,500,1,smooth_k15,1.0,0.06582637999999996
75998767,2,500,1,k5_drop10pct,0.8132530120481928,0.12734758000000002
75998767,2,500,1,k5_drop20pct,0.5220883534136547,0.10675017000000003
75998767,3,500,0,raw,0.03413654618473896,0.07551407999999998
75998767,3,500,0,smooth_k5,0.002008032128514056,0.05232359200000003
75998767,3,500,0,smooth_k15,0.002008032128514056,0.01841234333333333
75998767,3,500,0,k5_drop10pct,0.11044176706827309,0.004453826900000003
75998767,3,500,0,k5_drop20pct,0.19879518072289157,0.0
76004820,0,209,0,raw,0.22705314009661837,0.14851575
76004820,0,209,0,smooth_k5,0.0,0.05796929000000001
76004820,0,209,0,smooth_k15,0.0,0.018649920000000014
76004820,0,209,0,k5_drop10pct,0.22705314009661837,0.03434534000000003
76004820,0,209,0,k5_drop20pct,0.22705314009661837,0.03434534000000003
76004820,1,209,0,raw,0.2995169082125604,0.21251670999999997
76004820,1,209,0,smooth_k5,0.0,0.05796929000000001
76004820,1,209,0,smooth_k15,0.0,0.018649920000000014
76004820,1,209,0,k5_drop10pct,0.3140096618357488,0.03656411200000001
76004820,1,209,0,k5_drop20pct,0.3140096618357488,0.03656411200000001
76004820,2,209,0,raw,0.2995169082125604,0.08887799
76004820,2,209,0,smooth_k5,0.0,0.05796929000000001
76004820,2,209,0,smooth_k15,0.0,0.018649920000000014
76004820,2,209,0,k5_drop10pct,0.18840579710144928,0.03374796399999999
76004820,2,209,0,k5_drop20pct,0.30917874396135264,0.027704956000000017
76004820,3,209,1,raw,0.6376811594202898,0.38699141
76004820,3,209,1,smooth_k5,0.9951690821256038,0.19748249000000018
76004820,3,209,1,smooth_k15,0.9710144927536232,0.06582749666666665
76004820,3,209,1,k5_drop10pct,0.6473429951690821,0.08834644000000003
76004820,3,209,1,k5_drop20pct,0.6473429951690821,0.08834644000000003
76012428,0,160,0,raw,0.47468354430379744,0.30452019999999996
76012428,0,160,0,smooth_k5,0.0,0.09447480000000003
76012428,0,160,0,smooth_k15,0.03164556962025317,0.034470009999999995
76012428,0,160,0,k5_drop10pct,0.4873417721518987,0.060107259999999996
76012428,0,160,0,k5_drop20pct,0.4873417721518987,0.060107259999999996
76012428,1,160,1,raw,0.2911392405063291,0.24149197999999994
76012428,1,160,1,smooth_k5,0.9936708860759493,0.19748249000000018
76012428,1,160,1,smooth_k15,0.9620253164556962,0.06582749666666665
76012428,1,160,1,k5_drop10pct,0.4873417721518987,0.09323490599999995
76012428,1,160,1,k5_drop20pct,0.4873417721518987,0.09323490599999995
76059391,0,111,0,raw,0.1743119266055046,0.17341043
76059391,0,111,0,smooth_k5,0.009174311926605505,0.05232359200000003
76059391,0,111,0,smooth_k15,0.23853211009174313,0.02062791726666667
76059391,0,111,0,k5_drop10pct,0.1926605504587156,0.037846117999999984
76059391,0,111,0,k5_drop20pct,0.24770642201834864,0.021524936600000003
76059391,1,111,0,raw,0.1651376146788991,0.08656036
76059391,1,111,0,smooth_k5,0.009174311926605505,0.05426152000000001
76059391,1,111,0,smooth_k15,0.01834862385321101,0.01808827533333332
76059391,1,111,0,k5_drop10pct,0.1743119266055046,0.0378391832
76059391,1,111,0,k5_drop20pct,0.2018348623853211,0.011599409199999987
76059391,2,111,0,raw,0.6055045871559633,0.17569820999999997
76059391,2,111,0,smooth_k5,0.009174311926605505,0.05232359200000003
76059391,2,111,0,smooth_k15,0.6788990825688074,0.022547074666666667
76059391,2,111,0,k5_drop10pct,0.5871559633027523,0.039968899999999974
76059391,2,111,0,k5_drop20pct,0.5871559633027523,0.039968899999999974
76059391,3,111,1,raw,0.3119266055045872,0.20091656999999996
76059391,3,111,1,smooth_k5,0.9908256880733946,0.19748249000000018
76059391,3,111,1,smooth_k15,0.944954128440367,0.06582749666666665
76059391,3,111,1,k5_drop10pct,0.3302752293577982,0.060575546000000036
76059391,3,111,1,k5_drop20pct,0.3302752293577982,0.060575546000000036
76063562,0,223,0,raw,0.17647058823529413,0.162468925
76063562,0,223,0,smooth_k5,0.16289592760180996,0.056624225
76063562,0,223,0,smooth_k15,0.004524886877828055,0.01827138266666667
76063562,0,223,0,k5_drop10pct,0.16289592760180996,0.056624225
76063562,0,223,0,k5_drop20pct,0.3257918552036199,0.028651494
76063562,1,223,0,raw,0.4796380090497738,0.08704275399999999
76063562,1,223,0,smooth_k5,0.004524886877828055,0.05192914600000004
76063562,1,223,0,smooth_k15,0.027149321266968326,0.018125361333333312
76063562,1,223,0,k5_drop10pct,0.13574660633484162,0.022649697999999996
76063562,1,223,0,k5_drop20pct,0.4434389140271493,0.019391002000000004
76063562,2,223,1,raw,0.28054298642533937,0.29540016
76063562,2,223,1,smooth_k5,0.995475113122172,0.19748249000000018
76063562,2,223,1,smooth_k15,0.9728506787330317,0.06582749666666665
76063562,2,223,1,k5_drop10pct,0.3076923076923077,0.07649288999999992
76063562,2,223,1,k5_drop20pct,0.3076923076923077,0.07649288999999992
76063562,3,223,0,raw,0.167420814479638,0.14044635
76063562,3,223,0,smooth_k5,0.0,0.052863646000000014
76063562,3,223,0,smooth_k15,0.00904977375565611,0.018653693333333332
76063562,3,223,0,k5_drop10pct,0.17647058823529413,0.028248084000000007
76063562,3,223,0,k5_drop20pct,0.2171945701357466,0.022538492000000007
76090421,0,195,1,raw,0.5803108808290155,0.25553322
76090421,0,195,1,smooth_k5,0.9948186528497409,0.19748249000000018
76090421,0,195,1,smooth_k15,0.9689119170984456,0.06582749666666665
76090421,0,195,1,k5_drop10pct,0.5751295336787565,0.09978736600000004
76090421,0,195,1,k5_drop20pct,0.5751295336787565,0.09978736600000004
76090421,1,195,0,raw,0.14507772020725387,0.16518209599999997
76090421,1,195,0,smooth_k5,0.0,0.05192914600000001
76090421,1,195,0,smooth_k15,0.0,0.017309715333333336
76090421,1,195,0,k5_drop10pct,0.15025906735751296,0.033558499999999936
76090421,1,195,0,k5_drop20pct,0.19689119170984457,0.018221913000000006
76090421,2,195,0,raw,0.18134715025906736,0.17857267000000002
76090421,2,195,0,smooth_k5,0.0,0.05192914600000001
76090421,2,195,0,smooth_k15,0.010362694300518135,0.017789593999999992
76090421,2,195,0,k5_drop10pct,0.18134715025906736,0.035214948000000024
76090421,2,195,0,k5_drop20pct,0.36787564766839376,0.03135981800000004
76090421,3,195,0,raw,0.3316062176165803,0.22600546999999999
76090421,3,195,0,smooth_k5,0.0051813471502590676,0.05192914600000004
76090421,3,195,0,smooth_k15,0.5025906735751295,0.023910487666666647
76090421,3,195,0,k5_drop10pct,0.3316062176165803,0.04682636799999995
76090421,3,195,0,k5_drop20pct,0.3316062176165803,0.04682636799999995
76117280,0,167,1,raw,0.4727272727272727,0.35900861
76117280,0,167,1,smooth_k5,0.9939393939393939,0.19748249000000018
76117280,0,167,1,smooth_k15,0.9636363636363636,0.06582749666666665
76117280,0,167,1,k5_drop10pct,0.48484848484848486,0.11820789600000003
76117280,0,167,1,k5_drop20pct,0.48484848484848486,0.11820789600000003
76117280,1,167,0,raw,0.18181818181818182,0.13120415000000002
76117280,1,167,0,smooth_k5,0.0,0.05357642800000001
76117280,1,167,0,smooth_k15,0.030303030303030304,0.020447649333333345
76117280,1,167,0,k5_drop10pct,0.24848484848484848,0.025078508
76117280,1,167,0,k5_drop20pct,0.24848484848484848,0.025078508
76117280,2,167,0,raw,0.07878787878787878,0.11127545000000003
76117280,2,167,0,smooth_k5,0.0,0.05357642800000001
76117280,2,167,0,smooth_k15,0.01818181818181818,0.01851443333333333
76117280,2,167,0,k5_drop10pct,0.18181818181818182,0.013533534599999994
76117280,2,167,0,k5_drop20pct,0.2,0.001087528800000001
76117280,3,167,0,raw,0.6181818181818182,0.13632278
76117280,3,167,0,smooth_k5,0.0,0.05357642800000001
76117280,3,167,0,smooth_k15,0.0,0.017858809333333336
76117280,3,167,0,k5_drop10pct,0.6,0.03306604200000002
76117280,3,167,0,k5_drop20pct,0.6,0.03306604200000002
76126973,0,167,1,raw,0.5636363636363636,0.32863974000000007
76126973,0,167,1,smooth_k5,0.9939393939393939,0.19748249000000018
76126973,0,167,1,smooth_k15,0.9636363636363636,0.06582749666666665
76126973,0,167,1,k5_drop10pct,0.5757575757575758,0.099611428
76126973,0,167,1,k5_drop20pct,0.5757575757575758,0.099611428
76126973,1,167,0,raw,0.30303030303030304,0.24853587
76126973,1,167,0,smooth_k5,0.0,0.09236838800000002
76126973,1,167,0,smooth_k15,0.006060606060606061,0.04030508199999999
76126973,1,167,0,k5_drop10pct,0.5757575757575758,0.07190675600000002
76126973,1,167,0,k5_drop20pct,0.5757575757575758,0.07190675600000002
76132264,0,255,1,raw,0.07905138339920949,0.17054240999999998
76132264,0,255,1,smooth_k5,0.9960474308300395,0.19748249000000018
76132264,0,255,1,smooth_k15,0.9762845849802372,0.06582749666666665
76132264,0,255,1,k5_drop10pct,0.4308300395256917,0.05769198600000003
76132264,0,255,1,k5_drop20pct,0.4308300395256917,0.05769198600000003
76132264,1,255,0,raw,0.13043478260869565,0.14794544999999998
76132264,1,255,0,smooth_k5,0.0,0.05192914600000001
76132264,1,255,0,smooth_k15,0.023715415019762844,0.022039526666666642
76132264,1,255,0,k5_drop10pct,0.3557312252964427,0.0275074892
76132264,1,255,0,k5_drop20pct,0.3557312252964427,0.0275074892
76132264,2,255,0,raw,0.4189723320158103,0.17180030999999998
76132264,2,255,0,smooth_k5,0.003952569169960474,0.05192914600000004
76132264,2,255,0,smooth_k15,0.33201581027667987,0.019206169999999995
76132264,2,255,0,k5_drop10pct,0.233201581027668,0.044036854000000014
76132264,2,255,0,k5_drop20pct,0.233201581027668,0.044036854000000014
76132264,3,255,0,raw,0.38735177865612647,0.160101695
76132264,3,255,0,smooth_k5,0.003952569169960474,0.05192914600000004
76132264,3,255,0,smooth_k15,0.0,0.01812536133333334
76132264,3,255,0,k5_drop10pct,0.3952569169960474,0.041449392
76132264,3,255,0,k5_drop20pct,0.3952569169960474,0.041449392
76156832,0,336,0,raw,0.05688622754491018,0.09518195999999998
76156832,0,336,0,smooth_k5,0.0,0.055949760000000015
76156832,0,336,0,smooth_k15,0.0,0.01961165666666667
76156832,0,336,0,k5_drop10pct,0.17365269461077845,0.013776313199999998
76156832,0,336,0,k5_drop20pct,0.4311377245508982,0.0016490927999999998
76156832,1,336,0,raw,0.3502994011976048,0.37106645000000005
76156832,1,336,0,smooth_k5,0.3473053892215569,0.06706259800000003
76156832,1,336,0,smooth_k15,0.32934131736526945,0.026775762000000036
76156832,1,336,0,k5_drop10pct,0.3473053892215569,0.06706259800000003
76156832,1,336,0,k5_drop20pct,0.3473053892215569,0.06706259800000003
76156832,2,336,0,raw,0.10479041916167664,0.15830666999999998
76156832,2,336,0,smooth_k5,0.0,0.055949760000000015
76156832,2,336,0,smooth_k15,0.0,0.019466239999999996
76156832,2,336,0,k5_drop10pct,0.10179640718562874,0.035810746800000015
76156832,2,336,0,k5_drop20pct,0.2125748502994012,0.023134246600000012
76156832,3,336,1,raw,0.41317365269461076,0.31374107999999995
76156832,3,336,1,smooth_k5,0.9970059880239521,0.19748249000000018
76156832,3,336,1,smooth_k15,0.9820359281437125,0.06582749666666665
76156832,3,336,1,k5_drop10pct,0.5029940119760479,0.10302218400000007
76156832,3,336,1,k5_drop20pct,0.5029940119760479,0.10302218400000007
76161698,0,500,0,raw,0.17670682730923695,0.15243524
76161698,0,500,0,smooth_k5,0.002008032128514056,0.05232359200000003
76161698,0,500,0,smooth_k15,0.010040160642570281,0.020454119999999992
76161698,0,500,0,k5_drop10pct,0.17269076305220885,0.027063994000000008
76161698,0,500,0,k5_drop20pct,0.5120481927710844,0.0253440254
76161698,1,500,1,raw,0.5060240963855421,0.33322286
76161698,1,500,1,smooth_k5,0.9979919678714859,0.18985344000000004
76161698,1,500,1,smooth_k15,0.9879518072289156,0.06387316399999998
76161698,1,500,1,k5_drop10pct,0.26706827309236947,0.09166291199999999
76161698,1,500,1,k5_drop20pct,0.26706827309236947,0.09166291199999999
76161698,2,500,0,raw,0.6686746987951807,0.24874805
76161698,2,500,0,smooth_k5,0.8975903614457831,0.05433246159999999
76161698,2,500,0,smooth_k15,0.010040160642570281,0.01981026133333333
76161698,2,500,0,k5_drop10pct,0.8975903614457831,0.05433246159999999
76161698,2,500,0,k5_drop20pct,0.6024096385542169,0.0509977912
76161698,3,500,0,raw,0.16666666666666666,0.13441569800000003
76161698,3,500,0,smooth_k5,0.0,0.052323592
76161698,3,500,0,smooth_k15,0.010040160642570281,0.02031069599999999
76161698,3,500,0,k5_drop10pct,0.1706827309236948,0.03840067560000002
76161698,3,500,0,k5_drop20pct,0.2429718875502008,0.013779474200000003
76195833,0,153,0,raw,0.1390728476821192,0.14006592
76195833,0,153,0,smooth_k5,0.0,0.052852232
76195833,0,153,0,smooth_k15,0.026490066225165563,0.019908438
76195833,0,153,0,k5_drop10pct,0.11920529801324503,0.03957862000000001
76195833,0,153,0,k5_drop20pct,0.23178807947019867,0.03067449600000001
76195833,1,153,0,raw,0.7086092715231788,0.11875774
76195833,1,153,0,smooth_k5,0.0,0.05426152000000001
76195833,1,153,0,smooth_k15,0.6821192052980133,0.0179161226666667
76195833,1,153,0,k5_drop10pct,0.5562913907284768,0.03897725000000002
76195833,1,153,0,k5_drop20pct,0.5562913907284768,0.03897725000000002
76195833,2,153,0,raw,0.12582781456953643,0.09874108999999998
76195833,2,153,0,smooth_k5,0.006622516556291391,0.052852232
76195833,2,153,0,smooth_k15,0.0,0.01840744666666666
76195833,2,153,0,k5_drop10pct,0.11920529801324503,0.039409026000000014
76195833,2,153,0,k5_drop20pct,0.2847682119205298,0.022250770000000003
76195833,3,153,1,raw,0.6225165562913907,0.43065895
76195833,3,153,1,smooth_k5,0.9933774834437086,0.19748249000000018
76195833,3,153,1,smooth_k15,0.9602649006622517,0.06582749666666665
76195833,3,153,1,k5_drop10pct,0.5894039735099338,0.09132373999999999
76195833,3,153,1,k5_drop20pct,0.5894039735099338,0.09132373999999999
76216031,0,131,1,raw,0.6356589147286822,0.24681113000000005
76216031,0,131,1,smooth_k5,0.9922480620155039,0.19748249000000018
76216031,0,131,1,smooth_k15,0.9922480620155039,0.0658218106666667
76216031,0,131,1,k5_drop10pct,0.6356589147286822,0.09594946000000004
76216031,0,131,1,k5_drop20pct,0.6356589147286822,0.09594946000000004
76216031,1,131,0,raw,0.2868217054263566,0.19990040000000003
76216031,1,131,0,smooth_k5,0.40310077519379844,0.053557487999999986
76216031,1,131,0,smooth_k15,0.046511627906976744,0.020891379999999987
76216031,1,131,0,k5_drop10pct,0.40310077519379844,0.053557487999999986
76216031,1,131,0,k5_drop20pct,0.40310077519379844,0.053557487999999986
76216031,2,131,0,raw,0.24031007751937986,0.11526154000000001
76216031,2,131,0,smooth_k5,0.007751937984496124,0.05232359200000003
76216031,2,131,0,smooth_k15,0.0,0.02020902799999999
76216031,2,131,0,k5_drop10pct,0.3333333333333333,0.02909826239999999
76216031,2,131,0,k5_drop20pct,0.3333333333333333,0.02909826239999999
76216031,3,131,0,raw,0.17054263565891473,0.16390316
76216031,3,131,0,smooth_k5,0.007751937984496124,0.05232359200000003
76216031,3,131,0,smooth_k15,0.24031007751937986,0.022293696
76216031,3,131,0,k5_drop10pct,0.20155038759689922,0.05228433199999996
76216031,3,131,0,k5_drop20pct,0.20155038759689922,0.05228433199999996
76240663,0,214,0,raw,0.2169811320754717,0.14746041
76240663,0,214,0,smooth_k5,0.0,0.05357642800000001
76240663,0,214,0,smooth_k15,0.02830188679245283,0.018088022666666675
76240663,0,214,0,k5_drop10pct,0.13679245283018868,0.04539895800000002
76240663,0,214,0,k5_drop20pct,0.22641509433962265,0.03668353799999999
76240663,1,214,1,raw,0.36792452830188677,0.321271
76240663,1,214,1,smooth_k5,0.9952830188679245,0.19748249000000018
76240663,1,214,1,smooth_k15,0.9716981132075472,0.06582749666666665
76240663,1,214,1,k5_drop10pct,0.25471698113207547,0.09298498599999994
76240663,1,214,1,k5_drop20pct,0.25471698113207547,0.09298498599999994
76240663,2,214,0,raw,0.30660377358490565,0.297265893
76240663,2,214,0,smooth_k5,0.0,0.05357642800000001
76240663,2,214,0,smooth_k15,0.37264150943396224,0.021129573999999984
76240663,2,214,0,k5_drop10pct,0.29245283018867924,0.051718712599999994
76240663,2,214,0,k5_drop20pct,0.29245283018867924,0.051718712599999994
76240663,3,214,0,raw,0.07547169811320754,0.06831623
76240663,3,214,0,smooth_k5,0.0047169811320754715,0.05399661599999997
76240663,3,214,0,smooth_k15,0.014150943396226415,0.01838421600000001
76240663,3,214,0,k5_drop10pct,0.12264150943396226,0.013608852800000001
76240663,3,214,0,k5_drop20pct,0.3443396226415094,0.0007175027000000007
76296024,0,319,0,raw,0.5394321766561514,0.20996396
76296024,0,319,0,smooth_k5,0.5678233438485805,0.05658293199999992
76296024,0,319,0,smooth_k15,0.5646687697160884,0.033848344666666697
76296024,0,319,0,k5_drop10pct,0.5678233438485805,0.05658293199999992
76296024,0,319,0,k5_drop20pct,0.5678233438485805,0.05658293199999992
76296024,1,319,0,raw,0.6498422712933754,0.20915890000000004
76296024,1,319,0,smooth_k5,0.8675078864353313,0.05972201419999998
76296024,1,319,0,smooth_k15,0.8548895899053628,0.02613109900000002
76296024,1,319,0,k5_drop10pct,0.8675078864353313,0.05972201419999998
76296024,1,319,0,k5_drop20pct,0.43217665615141954,0.056254923999999984
76296024,2,319,0,raw,0.0914826498422713,0.13015746999999997
76296024,2,319,0,smooth_k5,0.0031545741324921135,0.05232359200000003
76296024,2,319,0,smooth_k15,0.012618296529968454,0.02020902799999999
76296024,2,319,0,k5_drop10pct,0.14511041009463724,0.030452270000000004
76296024,2,319,0,k5_drop20pct,0.20189274447949526,0.01717065399999998
76296024,3,319,1,raw,0.47318611987381703,0.34271106999999995
76296024,3,319,1,smooth_k5,0.9968454258675079,0.19748249000000018
76296024,3,319,1,smooth_k15,0.9810725552050473,0.06582749666666665
76296024,3,319,1,k5_drop10pct,0.6403785488958991,0.09255085399999996
76296024,3,319,1,k5_drop20pct,0.6403785488958991,0.09255085399999996
76324744,0,184,0,raw,0.4945054945054945,0.13316711999999997
76324744,0,184,0,smooth_k5,0.0,0.056370168
76324744,0,184,0,smooth_k15,0.0,0.019867198000000003
76324744,0,184,0,k5_drop10pct,0.5,0.03390665200000001
76324744,0,184,0,k5_drop20pct,0.5,0.03390665200000001
76324744,1,184,0,raw,0.35714285714285715,0.17192124
76324744,1,184,0,smooth_k5,0.4175824175824176,0.07030892
76324744,1,184,0,smooth_k15,0.47802197802197804,0.024429034000000016
76324744,1,184,0,k5_drop10pct,0.4175824175824176,0.07030892
76324744,1,184,0,k5_drop20pct,0.4175824175824176,0.07030892
76324744,2,184,0,raw,0.27472527472527475,0.23668192999999998
76324744,2,184,0,smooth_k5,0.0,0.05691727399999999
76324744,2,184,0,smooth_k15,0.016483516483516484,0.02001434199999999
76324744,2,184,0,k5_drop10pct,0.2857142857142857,0.04799707400000003
76324744,2,184,0,k5_drop20pct,0.2857142857142857,0.04799707400000003
76324744,3,184,1,raw,0.6153846153846154,0.22996037000000003
76324744,3,184,1,smooth_k5,0.9945054945054945,0.19748249000000018
76324744,3,184,1,smooth_k15,0.967032967032967,0.06582749666666665
76324744,3,184,1,k5_drop10pct,0.6043956043956044,0.05974059799999998
76324744,3,184,1,k5_drop20pct,0.6043956043956044,0.05974059799999998
76359751,0,330,0,raw,0.13414634146341464,0.15691627000000002
76359751,0,330,0,smooth_k5,0.003048780487804878,0.05232359200000003
76359751,0,330,0,smooth_k15,0.08536585365853659,0.017444172666666646
76359751,0,330,0,k5_drop10pct,0.11890243902439024,0.042181863999999986
76359751,0,330,0,k5_drop20pct,0.2347560975609756,0.023715784599999998
76359751,1,330,0,raw,0.042682926829268296,0.10860752999999998
76359751,1,330,0,smooth_k5,0.003048780487804878,0.05232359200000003
76359751,1,330,0,smooth_k15,0.006097560975609756,0.017540502666666652
76359751,1,330,0,k5_drop10pct,0.12195121951219512,0.009182415999999999
76359751,1,330,0,k5_drop20pct,0.19817073170731708,0.0012406936000000004
76359751,2,330,1,raw,0.5335365853658537,0.4375369
76359751,2,330,1,smooth_k5,0.9969512195121951,0.19748249000000018
76359751,2,330,1,smooth_k15,0.9817073170731707,0.06582749666666665
76359751,2,330,1,k5_drop10pct,0.5396341463414634,0.0849074620000001
76359751,2,330,1,k5_drop20pct,0.5396341463414634,0.0849074620000001
76359751,3,330,0,raw,0.25,0.32627213
76359751,3,330,0,smooth_k5,0.5274390243902439,0.09658133999999996
76359751,3,330,0,smooth_k15,0.5121951219512195,0.039326552666666625
76359751,3,330,0,k5_drop10pct,0.5274390243902439,0.09658133999999996
76359751,3,330,0,k5_drop20pct,0.5274390243902439,0.09658133999999996
76397269,0,286,0,raw,0.4823943661971831,0.41682563999999994
76397269,0,286,0,smooth_k5,0.0,0.09447480000000003
76397269,0,286,0,smooth_k15,0.02112676056338028,0.03310966466666665
76397269,0,286,0,k5_drop10pct,0.2992957746478873,0.08136553200000007
76397269,0,286,0,k5_drop20pct,0.2992957746478873,0.08136553200000007
76397269,1,286,1,raw,0.23591549295774647,0.24599230000000005
76397269,1,286,1,smooth_k5,0.9964788732394366,0.19748249000000018
76397269,1,286,1,smooth_k15,0.9788732394366197,0.06582749666666665
76397269,1,286,1,k5_drop10pct,0.10915492957746478,0.06386263200000009
76397269,1,286,1,k5_drop20pct,0.20422535211267606,0.05490981199999989
76404318,0,237,1,raw,0.5872340425531914,0.50935977
76404318,0,237,1,smooth_k5,0.9957446808510638,0.19748249000000018
76404318,0,237,1,smooth_k15,0.9744680851063829,0.06582749666666665
76404318,0,237,1,k5_drop10pct,0.6723404255319149,0.12813695999999997
76404318,0,237,1,k5_drop20pct,0.6723404255319149,0.12813695999999997
76404318,1,237,0,raw,0.14468085106382977,0.182204792
76404318,1,237,0,smooth_k5,0.00425531914893617,0.05232359200000003
76404318,1,237,0,smooth_k15,0.0,0.02000398466666667
76404318,1,237,0,k5_drop10pct,0.20425531914893616,0.033978206000000025
76404318,1,237,0,k5_drop20pct,0.20425531914893616,0.033978206000000025
76404318,2,237,0,raw,0.03404255319148936,0.11611236000000003
76404318,2,237,0,smooth_k5,0.00425531914893617,0.05232359200000003
76404318,2,237,0,smooth_k15,0.00425531914893617,0.018309942666666662
76404318,2,237,0,k5_drop10pct,0.11063829787234042,0.030627812000000004
76404318,2,237,0,k5_drop20pct,0.225531914893617,0.011107377399999993
76404318,3,237,0,raw,0.39148936170212767,0.42899546
76404318,3,237,0,smooth_k5,0.5872340425531914,0.098444378
76404318,3,237,0,smooth_k15,0.35319148936170214,0.0491253066666667
76404318,3,237,0,k5_drop10pct,0.5872340425531914,0.098444378
76404318,3,237,0,k5_drop20pct,0.5872340425531914,0.098444378
76404703,0,187,0,raw,0.15675675675675677,0.12090470000000003
76404703,0,187,0,smooth_k5,0.005405405405405406,0.05143211400000003
76404703,0,187,0,smooth_k15,0.021621621621621623,0.017946546666666674
76404703,0,187,0,k5_drop10pct,0.17297297297297298,0.029158399
76404703,0,187,0,k5_drop20pct,0.24864864864864866,0.01696628
76404703,1,187,0,raw,0.42162162162162165,0.16986787
76404703,1,187,0,smooth_k5,0.005405405405405406,0.05143211400000003
76404703,1,187,0,smooth_k15,0.010810810810810811,0.01780818866666667
76404703,1,187,0,k5_drop10pct,0.4540540540540541,0.04016530800000001
76404703,1,187,0,k5_drop20pct,0.4540540540540541,0.04016530800000001
76404703,2,187,1,raw,0.2972972972972973,0.27374058
76404703,2,187,1,smooth_k5,0.9945945945945946,0.19748249000000018
76404703,2,187,1,smooth_k15,0.9675675675675676,0.06582749666666665
76404703,2,187,1,k5_drop10pct,0.2864864864864865,0.06019787600000004
76404703,2,187,1,k5_drop20pct,0.2864864864864865,0.06019787600000004
76404703,3,187,0,raw,0.06486486486486487,0.10038443999999999
76404703,3,187,0,smooth_k5,0.005405405405405406,0.05143211400000003
76404703,3,187,0,smooth_k15,0.02702702702702703,0.017497529333333345
76404703,3,187,0,k5_drop10pct,0.21081081081081082,0.024889987800000027
76404703,3,187,0,k5_drop20pct,0.21081081081081082,0.024889987800000027
76448561,0,211,0,raw,0.5454545454545454,0.18898615000000002
76448561,0,211,0,smooth_k5,0.004784688995215311,0.09449893200000009
76448561,0,211,0,smooth_k15,0.0,0.031614164666666666
76448561,0,211,0,k5_drop10pct,0.1722488038277512,0.061190792000000105
76448561,0,211,0,k5_drop20pct,0.27751196172248804,0.05586401400000002
76448561,1,211,1,raw,0.14354066985645933,0.24760940000000004
76448561,1,211,1,smooth_k5,0.9952153110047847,0.19748249000000018
76448561,1,211,1,smooth_k15,0.9712918660287081,0.06582749666666665
76448561,1,211,1,k5_drop10pct,0.3923444976076555,0.06597156999999998
76448561,1,211,1,k5_drop20pct,0.3923444976076555,0.06597156999999998
76453508,0,138,0,raw,0.6176470588235294,0.21873812000000004
76453508,0,138,0,smooth_k5,0.0,0.09785741599999997
76453508,0,138,0,smooth_k15,0.04411764705882353,0.03357644666666665
76453508,0,138,0,k5_drop10pct,0.6323529411764706,0.06077835600000003
76453508,0,138,0,k5_drop20pct,0.6323529411764706,0.06077835600000003
76453508,1,138,1,raw,0.3235294117647059,0.24431560000000002
76453508,1,138,1,smooth_k5,0.9926470588235294,0.19748249000000018
76453508,1,138,1,smooth_k15,0.9558823529411765,0.06582749666666665
76453508,1,138,1,k5_drop10pct,0.3088235294117647,0.07272115999999995
76453508,1,138,1,k5_drop20pct,0.3088235294117647,0.07272115999999995
76475658,0,128,0,raw,0.7698412698412699,0.1263766885
76475658,0,128,0,smooth_k5,0.007936507936507936,0.053857792000000015
76475658,0,128,0,smooth_k15,0.0,0.017497529333333345
76475658,0,128,0,k5_drop10pct,0.7857142857142857,0.02688312920000001
76475658,0,128,0,k5_drop20pct,0.7857142857142857,0.02688312920000001
76475658,1,128,0,raw,0.1746031746031746,0.10980979999999999
76475658,1,128,0,smooth_k5,0.007936507936507936,0.05192914599999998
76475658,1,128,0,smooth_k15,0.0,0.017497529333333345
76475658,1,128,0,k5_drop10pct,0.42857142857142855,0.031844189999999994
76475658,1,128,0,k5_drop20pct,0.42857142857142855,0.031844189999999994
76475658,2,128,0,raw,0.42857142857142855,0.17543298000000002
76475658,2,128,0,smooth_k5,0.007936507936507936,0.05192914599999998
76475658,2,128,0,smooth_k15,0.031746031746031744,0.018325497999999996
76475658,2,128,0,k5_drop10pct,0.4126984126984127,0.036465635999999996
76475658,2,128,0,k5_drop20pct,0.4126984126984127,0.036465635999999996
76475658,3,128,1,raw,0.7142857142857143,0.28207474
76475658,3,128,1,smooth_k5,0.9920634920634921,0.19748249000000018
76475658,3,128,1,smooth_k15,0.9523809523809523,0.06582749666666665
76475658,3,128,1,k5_drop10pct,0.6666666666666666,0.08544728599999996
76475658,3,128,1,k5_drop20pct,0.6666666666666666,0.08544728599999996
76476141,0,143,0,raw,0.1347517730496454,0.28543066000000006
76476141,0,143,0,smooth_k5,0.14893617021276595,0.060263672000000046
76476141,0,143,0,smooth_k15,0.18439716312056736,0.023184016666666668
76476141,0,143,0,k5_drop10pct,0.14893617021276595,0.060263672000000046
76476141,0,143,0,k5_drop20pct,0.3404255319148936,0.05894004679999998
76476141,1,143,0,raw,0.375886524822695,0.16573064999999998
76476141,1,143,0,smooth_k5,0.0,0.055949760000000015
76476141,1,143,0,smooth_k15,0.3049645390070922,0.01869432033333332
76476141,1,143,0,k5_drop10pct,0.3829787234042553,0.054338349200000025
76476141,1,143,0,k5_drop20pct,0.3829787234042553,0.054338349200000025
76476141,2,143,1,raw,0.46099290780141844,0.12151688000000005
76476141,2,143,1,smooth_k5,0.9929078014184397,0.19748249000000018
76476141,2,143,1,smooth_k15,0.9574468085106383,0.06582749666666665
76476141,2,143,1,k5_drop10pct,0.425531914893617,0.05074707399999989
76476141,2,143,1,k5_drop20pct,0.425531914893617,0.05074707399999989
76476141,3,143,0,raw,0.14893617021276595,0.13029347000000002
76476141,3,143,0,smooth_k5,0.0,0.055949760000000015
76476141,3,143,0,smooth_k15,0.0,0.019323096666666678
76476141,3,143,0,k5_drop10pct,0.1276595744680851,0.032449164
76476141,3,143,0,k5_drop20pct,0.2127659574468085,0.019288853999999994
76481945,0,114,1,raw,0.35714285714285715,0.3485042
76481945,0,114,1,smooth_k5,0.9910714285714286,0.19748249000000018
76481945,0,114,1,smooth_k15,0.9464285714285714,0.06582749666666665
76481945,0,114,1,k5_drop10pct,0.35714285714285715,0.08552624799999997
76481945,0,114,1,k5_drop20pct,0.35714285714285715,0.08552624799999997
76481945,1,114,0,raw,0.32142857142857145,0.24620542
76481945,1,114,0,smooth_k5,0.0,0.09944903999999999
76481945,1,114,0,smooth_k15,0.0,0.033149680000000015
76481945,1,114,0,k5_drop10pct,0.375,0.052644472
76481945,1,114,0,k5_drop20pct,0.375,0.052644472
76483783,0,500,0,raw,0.8895582329317269,0.13407750499999999
76483783,0,500,0,smooth_k5,0.0,0.05796929000000001
76483783,0,500,0,smooth_k15,0.006024096385542169,0.01879166666666668
76483783,0,500,0,k5_drop10pct,0.8955823293172691,0.027270359
76483783,0,500,0,k5_drop20pct,0.27309236947791166,0.014895436000000005
76483783,1,500,0,raw,0.7951807228915663,0.19056639999999997
76483783,1,500,0,smooth_k5,0.8232931726907631,0.06832785199999997
76483783,1,500,0,smooth_k15,0.8293172690763052,0.028687296
76483783,1,500,0,k5_drop10pct,0.8232931726907631,0.06832785199999997
76483783,1,500,0,k5_drop20pct,0.7670682730923695,0.049056140000000026
76483783,2,500,1,raw,0.7289156626506024,0.5022677815
76483783,2,500,1,smooth_k5,0.3855421686746988,0.13150778599999996
76483783,2,500,1,smooth_k15,0.39558232931726905,0.04149943466666661
76483783,2,500,1,k5_drop10pct,0.3855421686746988,0.13150778599999996
76483783,2,500,1,k5_drop20pct,0.3855421686746988,0.13150778599999996
76483783,3,500,0,raw,0.1465863453815261,0.38252144
76483783,3,500,0,smooth_k5,0.14859437751004015,0.10008788000000002
76483783,3,500,0,smooth_k15,0.9979919678714859,0.03745960000000004
76483783,3,500,0,k5_drop10pct,0.14859437751004015,0.10008788000000002
76483783,3,500,0,k5_drop20pct,0.285140562248996,0.07304228400000001
76593975,0,312,1,raw,0.6516129032258065,0.39366335999999996
76593975,0,312,1,smooth_k5,0.9967741935483871,0.19748249000000018
76593975,0,312,1,smooth_k15,0.9806451612903225,0.06582749666666665
76593975,0,312,1,k5_drop10pct,0.6580645161290323,0.09825706000000001
76593975,0,312,1,k5_drop20pct,0.6580645161290323,0.09825706000000001
76593975,1,312,0,raw,0.035483870967741936,0.15178524999999998
76593975,1,312,0,smooth_k5,0.0032258064516129032,0.05594976000000004
76593975,1,312,0,smooth_k15,0.0064516129032258064,0.027258718000000015
76593975,1,312,0,k5_drop10pct,0.12580645161290321,0.022224701999999985
76593975,1,312,0,k5_drop20pct,0.22903225806451613,0.0007273598000000023
76593975,2,312,0,raw,0.10967741935483871,0.10984995999999998
76593975,2,312,0,smooth_k5,0.0,0.05796929000000001
76593975,2,312,0,smooth_k15,0.0,0.018641144
76593975,2,312,0,k5_drop10pct,0.12580645161290321,0.023047126
76593975,2,312,0,k5_drop20pct,0.22903225806451613,0.0014263719600000023
76593975,3,312,0,raw,0.6516129032258065,0.26326763000000003
76593975,3,312,0,smooth_k5,0.2838709677419355,0.098693892
76593975,3,312,0,smooth_k15,0.267741935483871,0.03472544666666666
76593975,3,312,0,k5_drop10pct,0.2838709677419355,0.098693892
76593975,3,312,0,k5_drop20pct,0.2838709677419355,0.098693892
76623067,0,197,0,raw,0.3230769230769231,0.10605663
76623067,0,197,0,smooth_k5,0.005128205128205128,0.05554330000000002
76623067,0,197,0,smooth_k15,0.02564102564102564,0.01889671066666665
76623067,0,197,0,k5_drop10pct,0.22564102564102564,0.022449782
76623067,0,197,0,k5_drop20pct,0.22564102564102564,0.022449782
76623067,1,197,0,raw,0.5538461538461539,0.148861445
76623067,1,197,0,smooth_k5,0.005128205128205128,0.05554330000000002
76623067,1,197,0,smooth_k15,0.03076923076923077,0.01805256800000002
76623067,1,197,0,k5_drop10pct,0.4512820512820513,0.04548518659999998
76623067,1,197,0,k5_drop20pct,0.4512820512820513,0.04548518659999998
76623067,2,197,1,raw,0.6564102564102564,0.22764689999999999
76623067,2,197,1,smooth_k5,0.9948717948717949,0.19748249000000018
76623067,2,197,1,smooth_k15,0.9692307692307692,0.06582749666666665
76623067,2,197,1,k5_drop10pct,0.6615384615384615,0.08672958799999997
76623067,2,197,1,k5_drop20pct,0.6615384615384615,0.08672958799999997
76623067,3,197,0,raw,0.08205128205128205,0.09011722999999999
76623067,3,197,0,smooth_k5,0.0,0.05357642800000001
76623067,3,197,0,smooth_k15,0.15384615384615385,0.01806439999999998
76623067,3,197,0,k5_drop10pct,0.1282051282051282,0.030055580000000026
76623067,3,197,0,k5_drop20pct,0.3487179487179487,0.005873613600000004
76670723,0,139,1,raw,0.5036496350364964,0.29424605000000004
76670723,0,139,1,smooth_k5,0.9927007299270073,0.19748249000000018
76670723,0,139,1,smooth_k15,0.9562043795620438,0.06582749666666665
76670723,0,139,1,k5_drop10pct,0.5328467153284672,0.12281976799999994
76670723,0,139,1,k5_drop20pct,0.5328467153284672,0.12281976799999994
76670723,1,139,0,raw,0.43795620437956206,0.31091742
76670723,1,139,0,smooth_k5,0.0,0.09844937999999998
76670723,1,139,0,smooth_k15,0.0364963503649635,0.04355754466666667
76670723,1,139,0,k5_drop10pct,0.5328467153284672,0.08866213599999995
76670723,1,139,0,k5_drop20pct,0.5328467153284672,0.08866213599999995
76682997,0,228,0,raw,0.035398230088495575,0.24312190999999997
76682997,0,228,0,smooth_k5,0.004424778761061947,0.06464239400000002
76682997,0,228,0,smooth_k15,0.004424778761061947,0.028668327999999993
76682997,0,228,0,k5_drop10pct,0.13716814159292035,0.038505703
76682997,0,228,0,k5_drop20pct,0.23893805309734514,0.019668471400000002
76682997,1,228,0,raw,0.3008849557522124,0.383548265
76682997,1,228,0,smooth_k5,0.6548672566371682,0.10128753400000001
76682997,1,228,0,smooth_k15,0.6814159292035398,0.050666185999999946
76682997,1,228,0,k5_drop10pct,0.6548672566371682,0.10128753400000001
76682997,1,228,0,k5_drop20pct,0.6548672566371682,0.10128753400000001
76682997,2,228,0,raw,0.37168141592920356,0.37998486
76682997,2,228,0,smooth_k5,0.3672566371681416,0.06829458399999999
76682997,2,228,0,smooth_k15,0.40707964601769914,0.026025981533333326
76682997,2,228,0,k5_drop10pct,0.3672566371681416,0.06829458399999999
76682997,2,228,0,k5_drop20pct,0.3672566371681416,0.06829458399999999
76682997,3,228,1,raw,0.3141592920353982,0.34243025
76682997,3,228,1,smooth_k5,0.995575221238938,0.19748249000000018
76682997,3,228,1,smooth_k15,0.9734513274336283,0.06582749666666665
76682997,3,228,1,k5_drop10pct,0.336283185840708,0.07651639880000005
76682997,3,228,1,k5_drop20pct,0.336283185840708,0.07651639880000005
