candidate_a_idx,candidate_a_name,candidate_b_idx,candidate_b_name,match_id,seed,points_a,points_b,win_a,draw,win_b,reward_our,reward_sub,ships_our_final,ships_sub_final,ships_diff,steps,match_time_sec
0,default,1,winner_seed4,2,1102,0.0,1.0,0,0,1,-1,1,0,2806,-2806,203,7.1
0,default,1,winner_seed4,4,1104,0.0,1.0,0,0,1,-1,1,0,3782,-3782,218,8.6
0,default,1,winner_seed4,1,1101,1.0,0.0,1,0,0,1,-1,2174,0,2174,267,11.5
0,default,1,winner_seed4,0,1100,0.0,1.0,0,0,1,-1,1,0,1667,-1667,299,17.9
0,default,1,winner_seed4,3,1103,0.0,1.0,0,0,1,-1,1,0,3362,-3362,345,23.9
0,default,1,winner_seed4,5,1105,1.0,0.0,1,0,0,1,-1,4542,0,4542,348,17.9
0,default,1,winner_seed4,6,1106,0.0,1.0,0,0,1,-1,1,0,2055,-2055,297,18.3
0,default,1,winner_seed4,8,1108,1.0,0.0,1,0,0,1,-1,3094,0,3094,243,14.2
0,default,1,winner_seed4,9,1109,0.0,1.0,0,0,1,-1,1,0,2831,-2831,204,9.6
0,default,1,winner_seed4,7,1107,1.0,0.0,1,0,0,1,-1,4301,0,4301,338,25.8
0,default,1,winner_seed4,13,1113,1.0,0.0,1,0,0,1,-1,2070,0,2070,242,6.5
0,default,1,winner_seed4,11,1111,0.0,1.0,0,0,1,-1,1,0,2279,-2279,229,14.0
0,default,1,winner_seed4,12,1112,0.0,1.0,0,0,1,-1,1,0,3115,-3115,225,9.0
0,default,1,winner_seed4,16,1116,0.0,1.0,0,0,1,-1,1,0,3229,-3229,173,6.1
0,default,1,winner_seed4,17,1117,1.0,0.0,1,0,0,1,-1,2365,0,2365,192,6.1
0,default,1,winner_seed4,10,1110,1.0,0.0,1,0,0,1,-1,4152,0,4152,305,23.4
0,default,1,winner_seed4,15,1115,1.0,0.0,1,0,0,1,-1,3989,0,3989,227,9.4
0,default,2,winner_seed11,0,1200,0.0,1.0,0,0,1,-1,1,0,2878,-2878,189,7.1
0,default,1,winner_seed4,14,1114,1.0,0.0,1,0,0,1,-1,2785,0,2785,280,19.1
0,default,1,winner_seed4,18,1118,1.0,0.0,1,0,0,1,-1,1655,0,1655,240,9.3
0,default,2,winner_seed11,1,1201,0.0,1.0,0,0,1,-1,1,0,2678,-2678,189,10.3
0,default,1,winner_seed4,19,1119,0.0,1.0,0,0,1,-1,1,0,2698,-2698,193,12.1
0,default,2,winner_seed11,3,1203,1.0,0.0,1,0,0,1,-1,3696,0,3696,199,9.0
0,default,2,winner_seed11,2,1202,0.0,1.0,0,0,1,-1,1,0,3818,-3818,239,11.1
0,default,2,winner_seed11,5,1205,1.0,0.0,1,0,0,1,-1,2846,0,2846,194,8.7
0,default,2,winner_seed11,8,1208,0.0,1.0,0,0,1,-1,1,0,2032,-2032,168,5.5
0,default,2,winner_seed11,7,1207,1.0,0.0,1,0,0,1,-1,5021,0,5021,181,10.4
0,default,2,winner_seed11,6,1206,1.0,0.0,1,0,0,1,-1,3046,0,3046,269,16.3
0,default,2,winner_seed11,10,1210,0.0,1.0,0,0,1,-1,1,0,3189,-3189,247,8.8
0,default,2,winner_seed11,12,1212,0.0,1.0,0,0,1,-1,1,0,2358,-2358,222,10.0
0,default,2,winner_seed11,4,1204,0.0,1.0,0,0,1,-1,1,0,2606,-2606,385,35.7
0,default,2,winner_seed11,11,1211,0.0,1.0,0,0,1,-1,1,0,2889,-2889,246,17.5
0,default,2,winner_seed11,13,1213,1.0,0.0,1,0,0,1,-1,2995,0,2995,181,12.7
0,default,2,winner_seed11,9,1209,1.0,0.0,1,0,0,1,-1,2678,0,2678,358,24.9
0,default,2,winner_seed11,14,1214,0.0,1.0,0,0,1,-1,1,0,3331,-3331,219,11.4
0,default,2,winner_seed11,15,1215,0.0,1.0,0,0,1,-1,1,0,2035,-2035,174,6.0
0,default,2,winner_seed11,17,1217,0.0,1.0,0,0,1,-1,1,0,1919,-1919,169,6.6
0,default,2,winner_seed11,18,1218,1.0,0.0,1,0,0,1,-1,2510,0,2510,172,7.7
0,default,3,winner_seed19,0,1300,0.0,1.0,0,0,1,-1,1,0,3259,-3259,196,8.9
0,default,3,winner_seed19,1,1301,0.0,1.0,0,0,1,-1,1,0,2814,-2814,191,9.5
0,default,2,winner_seed11,19,1219,1.0,0.0,1,0,0,1,-1,1141,0,1141,255,15.0
0,default,2,winner_seed11,16,1216,0.0,1.0,0,0,1,-1,1,0,3319,-3319,270,20.6
0,default,3,winner_seed19,4,1304,0.0,1.0,0,0,1,-1,1,0,3919,-3919,216,8.8
0,default,3,winner_seed19,5,1305,1.0,0.0,1,0,0,1,-1,1769,0,1769,152,6.2
0,default,3,winner_seed19,6,1306,0.0,1.0,0,0,1,-1,1,0,2794,-2794,265,6.8
0,default,3,winner_seed19,3,1303,0.0,1.0,0,0,1,-1,1,0,4828,-4828,281,18.4
0,default,3,winner_seed19,2,1302,1.0,0.0,1,0,0,1,-1,1409,144,1265,500,24.7
0,default,3,winner_seed19,7,1307,1.0,0.0,1,0,0,1,-1,2292,0,2292,153,10.2
0,default,3,winner_seed19,9,1309,1.0,0.0,1,0,0,1,-1,2927,0,2927,239,8.7
0,default,3,winner_seed19,8,1308,0.0,1.0,0,0,1,-1,1,0,3528,-3528,226,13.8
0,default,3,winner_seed19,10,1310,0.0,1.0,0,0,1,-1,1,0,3880,-3880,237,10.0
0,default,3,winner_seed19,11,1311,0.0,1.0,0,0,1,-1,1,0,3580,-3580,209,14.2
0,default,3,winner_seed19,13,1313,1.0,0.0,1,0,0,1,-1,4624,0,4624,222,12.1
0,default,3,winner_seed19,14,1314,0.0,1.0,0,0,1,-1,1,0,2203,-2203,265,12.2
0,default,3,winner_seed19,15,1315,1.0,0.0,1,0,0,1,-1,4287,0,4287,250,11.8
0,default,3,winner_seed19,12,1312,0.0,1.0,0,0,1,-1,1,0,5741,-5741,298,19.1
0,default,3,winner_seed19,16,1316,0.0,1.0,0,0,1,-1,1,0,2894,-2894,158,8.6
0,default,3,winner_seed19,18,1318,1.0,0.0,1,0,0,1,-1,2340,0,2340,162,5.8
0,default,3,winner_seed19,17,1317,1.0,0.0,1,0,0,1,-1,2694,0,2694,234,10.4
0,default,3,winner_seed19,19,1319,0.0,1.0,0,0,1,-1,1,0,951,-951,182,5.5
0,default,4,winner_seed20,1,1401,1.0,0.0,1,0,0,1,-1,2972,0,2972,202,5.5
0,default,4,winner_seed20,2,1402,0.0,1.0,0,0,1,-1,1,0,1839,-1839,183,5.4
0,default,4,winner_seed20,0,1400,1.0,0.0,1,0,0,1,-1,1999,0,1999,242,9.8
0,default,4,winner_seed20,6,1406,0.0,1.0,0,0,1,-1,1,0,2215,-2215,140,3.0
0,default,4,winner_seed20,4,1404,1.0,0.0,1,0,0,1,-1,1938,0,1938,146,6.6
0,default,4,winner_seed20,5,1405,0.0,1.0,0,0,1,-1,1,0,2597,-2597,161,8.3
0,default,4,winner_seed20,9,1409,1.0,0.0,1,0,0,1,-1,2038,0,2038,147,4.7
0,default,4,winner_seed20,8,1408,0.0,1.0,0,0,1,-1,1,0,3379,-3379,210,7.0
0,default,4,winner_seed20,7,1407,1.0,0.0,1,0,0,1,-1,3048,0,3048,199,12.6
0,default,4,winner_seed20,3,1403,1.0,0.0,1,0,0,1,-1,4557,0,4557,300,24.3
0,default,4,winner_seed20,13,1413,1.0,0.0,1,0,0,1,-1,3997,0,3997,198,8.9
0,default,4,winner_seed20,10,1410,1.0,0.0,1,0,0,1,-1,4136,0,4136,282,18.2
0,default,4,winner_seed20,15,1415,1.0,0.0,1,0,0,1,-1,741,0,741,127,2.3
0,default,4,winner_seed20,12,1412,0.0,1.0,0,0,1,-1,1,0,3428,-3428,217,15.3
0,default,4,winner_seed20,14,1414,1.0,0.0,1,0,0,1,-1,2627,0,2627,246,10.0
0,default,4,winner_seed20,17,1417,0.0,1.0,0,0,1,-1,1,0,2181,-2181,162,6.0
0,default,4,winner_seed20,11,1411,1.0,0.0,1,0,0,1,-1,4462,0,4462,300,24.0
0,default,4,winner_seed20,16,1416,0.0,1.0,0,0,1,-1,1,0,2025,-2025,230,9.9
0,default,4,winner_seed20,19,1419,0.0,1.0,0,0,1,-1,1,0,1624,-1624,185,6.9
0,default,4,winner_seed20,18,1418,0.0,1.0,0,0,1,-1,1,0,3574,-3574,285,15.8
0,default,5,winner_seed22,3,1503,1.0,0.0,1,0,0,1,-1,1663,0,1663,217,5.4
0,default,5,winner_seed22,1,1501,0.0,1.0,0,0,1,-1,1,0,2956,-2956,191,12.1
0,default,5,winner_seed22,0,1500,1.0,0.0,1,0,0,1,-1,2202,0,2202,352,16.2
0,default,5,winner_seed22,4,1504,1.0,0.0,1,0,0,1,-1,2830,0,2830,223,8.8
0,default,5,winner_seed22,2,1502,0.0,1.0,0,0,1,-1,1,0,5971,-5971,232,19.7
0,default,5,winner_seed22,7,1507,0.0,1.0,0,0,1,-1,1,0,3715,-3715,192,8.4
0,default,5,winner_seed22,6,1506,1.0,0.0,1,0,0,1,-1,1977,0,1977,226,12.1
0,default,5,winner_seed22,8,1508,0.0,1.0,0,0,1,-1,1,0,1683,-1683,160,7.5
0,default,5,winner_seed22,5,1505,1.0,0.0,1,0,0,1,-1,2450,0,2450,272,16.2
0,default,5,winner_seed22,12,1512,0.0,1.0,0,0,1,-1,1,0,1455,-1455,228,5.4
0,default,5,winner_seed22,10,1510,1.0,0.0,1,0,0,1,-1,3174,0,3174,189,9.1
0,default,5,winner_seed22,11,1511,0.0,1.0,0,0,1,-1,1,0,2286,-2286,239,9.6
0,default,5,winner_seed22,9,1509,1.0,0.0,1,0,0,1,-1,2383,0,2383,342,12.4
0,default,5,winner_seed22,13,1513,1.0,0.0,1,0,0,1,-1,3238,0,3238,187,15.9
0,default,5,winner_seed22,16,1516,0.0,1.0,0,0,1,-1,1,0,3573,-3573,266,11.8
0,default,5,winner_seed22,14,1514,1.0,0.0,1,0,0,1,-1,1441,0,1441,375,14.8
0,default,5,winner_seed22,15,1515,1.0,0.0,1,0,0,1,-1,1744,0,1744,256,13.7
0,default,5,winner_seed22,17,1517,1.0,0.0,1,0,0,1,-1,2433,0,2433,295,12.1
0,default,6,winner_seed36,0,1600,1.0,0.0,1,0,0,1,-1,2320,0,2320,155,4.4
0,default,5,winner_seed22,18,1518,0.0,1.0,0,0,1,-1,1,0,2893,-2893,189,10.1
0,default,6,winner_seed36,2,1602,1.0,0.0,1,0,0,1,-1,2006,0,2006,258,8.5
0,default,5,winner_seed22,19,1519,0.0,1.0,0,0,1,-1,1,0,3346,-3346,174,11.7
0,default,6,winner_seed36,1,1601,0.0,1.0,0,0,1,-1,1,0,3155,-3155,305,11.6
0,default,6,winner_seed36,3,1603,1.0,0.0,1,0,0,1,-1,4788,0,4788,229,9.1
0,default,6,winner_seed36,4,1604,1.0,0.0,1,0,0,1,-1,3375,0,3375,240,8.8
0,default,6,winner_seed36,8,1608,1.0,0.0,1,0,0,1,-1,2389,0,2389,150,3.6
0,default,6,winner_seed36,9,1609,0.0,1.0,0,0,1,-1,1,0,3045,-3045,187,5.9
0,default,6,winner_seed36,7,1607,1.0,0.0,1,0,0,1,-1,1964,0,1964,259,9.0
0,default,6,winner_seed36,5,1605,0.0,1.0,0,0,1,-1,1,0,2703,-2703,453,15.9
0,default,6,winner_seed36,12,1612,1.0,0.0,1,0,0,1,-1,2175,0,2175,188,5.2
0,default,6,winner_seed36,6,1606,0.0,1.0,0,0,1,-1,1,0,2928,-2928,290,16.7
0,default,6,winner_seed36,11,1611,0.0,1.0,0,0,1,-1,1,0,2072,-2072,256,8.7
0,default,6,winner_seed36,10,1610,1.0,0.0,1,0,0,1,-1,1650,0,1650,282,13.4
0,default,6,winner_seed36,15,1615,1.0,0.0,1,0,0,1,-1,1842,0,1842,202,6.2
0,default,6,winner_seed36,13,1613,1.0,0.0,1,0,0,1,-1,2133,0,2133,184,8.9
0,default,6,winner_seed36,14,1614,1.0,0.0,1,0,0,1,-1,3455,0,3455,197,10.8
0,default,6,winner_seed36,18,1618,0.0,1.0,0,0,1,-1,1,0,905,-905,159,3.7
0,default,6,winner_seed36,19,1619,1.0,0.0,1,0,0,1,-1,2497,0,2497,187,7.6
0,default,6,winner_seed36,16,1616,0.0,1.0,0,0,1,-1,1,0,2339,-2339,264,12.3
0,default,7,winner_seed39,1,1701,1.0,0.0,1,0,0,1,-1,4356,0,4356,145,5.8
0,default,6,winner_seed36,17,1617,1.0,0.0,1,0,0,1,-1,3660,0,3660,288,15.3
0,default,7,winner_seed39,4,1704,0.0,1.0,0,0,1,-1,1,0,1754,-1754,220,6.5
0,default,7,winner_seed39,3,1703,1.0,0.0,1,0,0,1,-1,2173,0,2173,227,9.9
0,default,7,winner_seed39,2,1702,1.0,0.0,1,0,0,1,-1,3323,0,3323,328,12.1
0,default,7,winner_seed39,5,1705,1.0,0.0,1,0,0,1,-1,4093,0,4093,205,9.9
0,default,7,winner_seed39,8,1708,0.0,1.0,0,0,1,-1,1,0,1839,-1839,189,4.4
0,default,7,winner_seed39,0,1700,1.0,0.0,1,0,0,1,-1,6986,0,6986,368,23.6
0,default,7,winner_seed39,9,1709,0.0,1.0,0,0,1,-1,1,0,2120,-2120,186,9.0
0,default,7,winner_seed39,10,1710,1.0,0.0,1,0,0,1,-1,3319,0,3319,168,8.0
0,default,7,winner_seed39,6,1706,0.0,1.0,0,0,1,-1,1,0,3406,-3406,252,16.5
0,default,7,winner_seed39,13,1713,1.0,0.0,1,0,0,1,-1,2598,0,2598,166,5.3
0,default,7,winner_seed39,12,1712,1.0,0.0,1,0,0,1,-1,3167,0,3167,175,8.3
0,default,7,winner_seed39,14,1714,1.0,0.0,1,0,0,1,-1,2155,0,2155,226,6.2
0,default,7,winner_seed39,7,1707,1.0,0.0,1,0,0,1,-1,7598,0,7598,346,23.3
0,default,7,winner_seed39,11,1711,1.0,0.0,1,0,0,1,-1,1603,0,1603,308,14.5
0,default,7,winner_seed39,17,1717,0.0,1.0,0,0,1,-1,1,0,991,-991,166,4.8
0,default,7,winner_seed39,16,1716,1.0,0.0,1,0,0,1,-1,1281,0,1281,282,12.7
0,default,7,winner_seed39,19,1719,0.0,1.0,0,0,1,-1,1,0,3004,-3004,178,11.2
0,default,7,winner_seed39,18,1718,1.0,0.0,1,0,0,1,-1,3605,0,3605,257,13.4
0,default,8,winner_seed47,0,1800,0.0,1.0,0,0,1,-1,1,0,5296,-5296,282,14.2
0,default,8,winner_seed47,3,1803,1.0,0.0,1,0,0,1,-1,1347,0,1347,156,5.5
0,default,8,winner_seed47,4,1804,0.0,1.0,0,0,1,-1,1,0,1347,-1347,232,5.8
0,default,8,winner_seed47,5,1805,1.0,0.0,1,0,0,1,-1,3139,0,3139,193,6.1
0,default,7,winner_seed39,15,1715,1.0,0.0,1,0,0,1,-1,3465,0,3465,384,28.8
0,default,8,winner_seed47,1,1801,1.0,0.0,1,0,0,1,-1,2161,0,2161,272,15.8
0,default,8,winner_seed47,2,1802,0.0,1.0,0,0,1,-1,1,0,1784,-1784,238,18.0
0,default,8,winner_seed47,9,1809,0.0,1.0,0,0,1,-1,1,0,2385,-2385,142,4.1
0,default,8,winner_seed47,6,1806,1.0,0.0,1,0,0,1,-1,2758,0,2758,219,7.8
0,default,8,winner_seed47,7,1807,1.0,0.0,1,0,0,1,-1,3224,0,3224,183,8.9
0,default,8,winner_seed47,8,1808,1.0,0.0,1,0,0,1,-1,2624,0,2624,185,10.5
0,default,8,winner_seed47,12,1812,0.0,1.0,0,0,1,-1,1,0,1432,-1432,242,5.9
0,default,8,winner_seed47,10,1810,1.0,0.0,1,0,0,1,-1,2793,0,2793,246,11.1
0,default,8,winner_seed47,11,1811,1.0,0.0,1,0,0,1,-1,2949,0,2949,228,14.5
0,default,8,winner_seed47,14,1814,0.0,1.0,0,0,1,-1,1,0,2567,-2567,182,9.3
0,default,8,winner_seed47,15,1815,1.0,0.0,1,0,0,1,-1,3860,0,3860,169,9.7
0,default,8,winner_seed47,16,1816,0.0,1.0,0,0,1,-1,1,0,2141,-2141,200,7.1
0,default,8,winner_seed47,13,1813,0.0,1.0,0,0,1,-1,1,0,2685,-2685,266,13.7
0,default,8,winner_seed47,17,1817,0.0,1.0,0,0,1,-1,1,0,2486,-2486,152,6.3
0,default,8,winner_seed47,18,1818,1.0,0.0,1,0,0,1,-1,3172,0,3172,285,12.8
1,winner_seed4,2,winner_seed11,0,2200,0.0,1.0,0,0,1,-1,1,0,3918,-3918,196,10.8
1,winner_seed4,2,winner_seed11,2,2202,1.0,0.0,1,0,0,1,-1,4133,0,4133,194,10.2
0,default,8,winner_seed47,19,1819,1.0,0.0,1,0,0,1,-1,4275,0,4275,219,15.6
1,winner_seed4,2,winner_seed11,6,2206,1.0,0.0,1,0,0,1,-1,675,0,675,277,7.2
1,winner_seed4,2,winner_seed11,1,2201,0.0,1.0,0,0,1,-1,1,0,3363,-3363,398,21.8
1,winner_seed4,2,winner_seed11,4,2204,1.0,0.0,1,0,0,1,-1,2073,0,2073,289,14.2
1,winner_seed4,2,winner_seed11,3,2203,0.0,1.0,0,0,1,-1,1,0,2382,-2382,275,17.5
1,winner_seed4,2,winner_seed11,5,2205,0.0,1.0,0,0,1,-1,1,0,4318,-4318,216,15.8
1,winner_seed4,2,winner_seed11,8,2208,1.0,0.0,1,0,0,1,-1,3074,0,3074,209,14.1
1,winner_seed4,2,winner_seed11,11,2211,0.0,1.0,0,0,1,-1,1,0,1330,-1330,283,7.7
1,winner_seed4,2,winner_seed11,9,2209,1.0,0.0,1,0,0,1,-1,2435,0,2435,210,13.4
1,winner_seed4,2,winner_seed11,7,2207,1.0,0.0,1,0,0,1,-1,2726,0,2726,296,18.9
1,winner_seed4,2,winner_seed11,13,2213,1.0,0.0,1,0,0,1,-1,4081,0,4081,234,7.5
1,winner_seed4,2,winner_seed11,10,2210,0.0,1.0,0,0,1,-1,1,305,31424,-31119,500,16.8
1,winner_seed4,2,winner_seed11,12,2212,1.0,0.0,1,0,0,1,-1,1561,0,1561,200,9.3
1,winner_seed4,2,winner_seed11,14,2214,1.0,0.0,1,0,0,1,-1,2364,0,2364,223,9.1
1,winner_seed4,2,winner_seed11,17,2217,1.0,0.0,1,0,0,1,-1,2282,0,2282,152,5.5
1,winner_seed4,2,winner_seed11,16,2216,0.0,1.0,0,0,1,-1,1,0,2263,-2263,222,8.3
1,winner_seed4,2,winner_seed11,15,2215,1.0,0.0,1,0,0,1,-1,2786,0,2786,330,13.7
1,winner_seed4,2,winner_seed11,18,2218,1.0,0.0,1,0,0,1,-1,3924,0,3924,206,8.7
1,winner_seed4,3,winner_seed19,0,2300,0.0,1.0,0,0,1,-1,1,0,1558,-1558,170,10.7
1,winner_seed4,2,winner_seed11,19,2219,0.0,1.0,0,0,1,-1,1,0,2116,-2116,406,14.1
1,winner_seed4,3,winner_seed19,2,2302,1.0,0.0,1,0,0,1,-1,2400,0,2400,208,8.4
1,winner_seed4,3,winner_seed19,6,2306,1.0,0.0,1,0,0,1,-1,2171,0,2171,172,6.3
1,winner_seed4,3,winner_seed19,4,2304,0.0,1.0,0,0,1,-1,1,0,3766,-3766,212,8.0
1,winner_seed4,3,winner_seed19,1,2301,0.0,1.0,0,0,1,-1,1,0,2231,-2231,188,16.8
1,winner_seed4,3,winner_seed19,3,2303,1.0,0.0,1,0,0,1,-1,3717,0,3717,218,20.2
1,winner_seed4,3,winner_seed19,5,2305,0.0,1.0,0,0,1,-1,1,0,3314,-3314,244,13.3
1,winner_seed4,3,winner_seed19,8,2308,0.0,1.0,0,0,1,-1,1,0,1945,-1945,177,8.4
1,winner_seed4,3,winner_seed19,9,2309,0.0,1.0,0,0,1,-1,1,0,4753,-4753,229,13.9
1,winner_seed4,3,winner_seed19,7,2307,0.0,1.0,0,0,1,-1,1,0,3592,-3592,209,15.4
1,winner_seed4,3,winner_seed19,12,2312,1.0,0.0,1,0,0,1,-1,3562,0,3562,221,9.1
1,winner_seed4,3,winner_seed19,10,2310,0.0,1.0,0,0,1,-1,1,0,2847,-2847,211,12.8
1,winner_seed4,3,winner_seed19,11,2311,0.0,1.0,0,0,1,-1,1,0,2496,-2496,199,13.9
1,winner_seed4,3,winner_seed19,13,2313,0.0,1.0,0,0,1,-1,1,0,2155,-2155,207,8.9
1,winner_seed4,3,winner_seed19,15,2315,1.0,0.0,1,0,0,1,-1,2475,0,2475,154,6.5
1,winner_seed4,3,winner_seed19,14,2314,0.0,1.0,0,0,1,-1,1,0,2953,-2953,211,12.8
1,winner_seed4,3,winner_seed19,17,2317,1.0,0.0,1,0,0,1,-1,1940,0,1940,159,9.2
1,winner_seed4,3,winner_seed19,18,2318,0.0,1.0,0,0,1,-1,1,0,2582,-2582,253,6.4
1,winner_seed4,3,winner_seed19,16,2316,1.0,0.0,1,0,0,1,-1,5226,0,5226,250,12.2
1,winner_seed4,3,winner_seed19,19,2319,0.0,1.0,0,0,1,-1,1,0,4509,-4509,226,11.2
1,winner_seed4,4,winner_seed20,0,2400,1.0,0.0,1,0,0,1,-1,3250,0,3250,247,8.8
1,winner_seed4,4,winner_seed20,3,2403,1.0,0.0,1,0,0,1,-1,2206,0,2206,173,6.4
1,winner_seed4,4,winner_seed20,4,2404,1.0,0.0,1,0,0,1,-1,1805,0,1805,224,6.3
1,winner_seed4,4,winner_seed20,2,2402,0.0,1.0,0,0,1,-1,1,0,3128,-3128,185,12.3
1,winner_seed4,4,winner_seed20,6,2406,0.0,1.0,0,0,1,-1,1,0,2378,-2378,214,6.7
1,winner_seed4,4,winner_seed20,1,2401,0.0,1.0,0,0,1,-1,1,0,5364,-5364,246,14.9
1,winner_seed4,4,winner_seed20,5,2405,0.0,1.0,0,0,1,-1,1,0,1054,-1054,288,9.0
1,winner_seed4,4,winner_seed20,10,2410,1.0,0.0,1,0,0,1,-1,4620,0,4620,230,6.8
1,winner_seed4,4,winner_seed20,8,2408,1.0,0.0,1,0,0,1,-1,4056,0,4056,234,13.4
1,winner_seed4,4,winner_seed20,7,2407,1.0,0.0,1,0,0,1,-1,6209,0,6209,231,14.6
1,winner_seed4,4,winner_seed20,9,2409,0.0,1.0,0,0,1,-1,1,0,3273,-3273,214,15.7
1,winner_seed4,4,winner_seed20,13,2413,1.0,0.0,1,0,0,1,-1,2374,0,2374,182,6.0
1,winner_seed4,4,winner_seed20,12,2412,0.0,1.0,0,0,1,-1,1,0,5134,-5134,194,14.1
1,winner_seed4,4,winner_seed20,15,2415,1.0,0.0,1,0,0,1,-1,2957,0,2957,229,6.1
1,winner_seed4,4,winner_seed20,14,2414,0.0,1.0,0,0,1,-1,1,0,1583,-1583,186,12.6
1,winner_seed4,4,winner_seed20,16,2416,0.0,1.0,0,0,1,-1,1,0,3039,-3039,163,8.2
1,winner_seed4,4,winner_seed20,17,2417,0.0,1.0,0,0,1,-1,1,0,3636,-3636,172,8.9
1,winner_seed4,4,winner_seed20,18,2418,1.0,0.0,1,0,0,1,-1,9982,16,9966,500,10.3
1,winner_seed4,5,winner_seed22,2,2502,0.0,1.0,0,0,1,-1,1,0,1717,-1717,178,4.4
1,winner_seed4,4,winner_seed20,11,2411,0.0,1.0,0,0,1,-1,1,0,5501,-5501,393,35.4
1,winner_seed4,5,winner_seed22,0,2500,1.0,0.0,1,0,0,1,-1,3422,0,3422,237,12.8
1,winner_seed4,4,winner_seed20,19,2419,0.0,1.0,0,0,1,-1,1,0,2869,-2869,217,14.5
1,winner_seed4,5,winner_seed22,1,2501,1.0,0.0,1,0,0,1,-1,3464,0,3464,239,14.6
1,winner_seed4,5,winner_seed22,4,2504,1.0,0.0,1,0,0,1,-1,1897,0,1897,192,11.5
1,winner_seed4,5,winner_seed22,6,2506,1.0,0.0,1,0,0,1,-1,2593,0,2593,233,12.9
1,winner_seed4,5,winner_seed22,7,2507,0.0,1.0,0,0,1,-1,1,0,3769,-3769,198,10.0
1,winner_seed4,5,winner_seed22,5,2505,0.0,1.0,0,0,1,-1,1,0,3353,-3353,305,17.7
1,winner_seed4,5,winner_seed22,8,2508,1.0,0.0,1,0,0,1,-1,3148,0,3148,167,10.6
1,winner_seed4,5,winner_seed22,10,2510,0.0,1.0,0,0,1,-1,1,0,1177,-1177,184,5.4
1,winner_seed4,5,winner_seed22,3,2503,1.0,0.0,1,0,0,1,-1,4587,0,4587,254,28.4
1,winner_seed4,5,winner_seed22,11,2511,0.0,1.0,0,0,1,-1,1,0,3075,-3075,151,8.1
1,winner_seed4,5,winner_seed22,12,2512,1.0,0.0,1,0,0,1,-1,4597,0,4597,204,11.4
1,winner_seed4,5,winner_seed22,9,2509,0.0,1.0,0,0,1,-1,1,0,4915,-4915,315,20.8
1,winner_seed4,5,winner_seed22,14,2514,1.0,0.0,1,0,0,1,-1,3622,0,3622,212,8.9
1,winner_seed4,5,winner_seed22,15,2515,0.0,1.0,0,0,1,-1,1,0,5805,-5805,187,11.4
1,winner_seed4,5,winner_seed22,13,2513,0.0,1.0,0,0,1,-1,1,0,2629,-2629,305,20.4
1,winner_seed4,5,winner_seed22,16,2516,1.0,0.0,1,0,0,1,-1,3615,0,3615,215,12.3
1,winner_seed4,5,winner_seed22,19,2519,1.0,0.0,1,0,0,1,-1,4455,0,4455,176,8.3
1,winner_seed4,5,winner_seed22,18,2518,0.0,1.0,0,0,1,-1,1,0,2028,-2028,179,12.4
1,winner_seed4,6,winner_seed36,0,2600,1.0,0.0,1,0,0,1,-1,2898,0,2898,192,9.8
1,winner_seed4,6,winner_seed36,1,2601,1.0,0.0,1,0,0,1,-1,3095,0,3095,203,10.3
1,winner_seed4,6,winner_seed36,2,2602,1.0,0.0,1,0,0,1,-1,2471,0,2471,199,8.8
1,winner_seed4,6,winner_seed36,4,2604,1.0,0.0,1,0,0,1,-1,1730,0,1730,178,5.9
1,winner_seed4,5,winner_seed22,17,2517,1.0,0.0,1,0,0,1,-1,2329,0,2329,437,23.7
1,winner_seed4,6,winner_seed36,6,2606,0.0,1.0,0,0,1,-1,1,0,2536,-2536,211,7.8
1,winner_seed4,6,winner_seed36,7,2607,1.0,0.0,1,0,0,1,-1,2844,0,2844,182,6.6
1,winner_seed4,6,winner_seed36,3,2603,1.0,0.0,1,0,0,1,-1,4779,0,4779,322,22.1
1,winner_seed4,6,winner_seed36,5,2605,0.0,1.0,0,0,1,-1,1,0,1441,-1441,278,15.9
1,winner_seed4,6,winner_seed36,8,2608,0.0,1.0,0,0,1,-1,1,0,1514,-1514,271,15.6
1,winner_seed4,6,winner_seed36,10,2610,0.0,1.0,0,0,1,-1,1,0,3294,-3294,237,12.4
1,winner_seed4,6,winner_seed36,11,2611,0.0,1.0,0,0,1,-1,1,0,3574,-3574,254,10.0
1,winner_seed4,6,winner_seed36,13,2613,0.0,1.0,0,0,1,-1,1,0,1014,-1014,280,9.0
1,winner_seed4,6,winner_seed36,12,2612,1.0,0.0,1,0,0,1,-1,2594,0,2594,276,14.8
1,winner_seed4,6,winner_seed36,9,2609,0.0,1.0,0,0,1,-1,1,0,4552,-4552,284,25.5
1,winner_seed4,6,winner_seed36,17,2617,0.0,1.0,0,0,1,-1,1,0,1305,-1305,160,3.6
1,winner_seed4,6,winner_seed36,16,2616,0.0,1.0,0,0,1,-1,1,0,2425,-2425,240,6.8
1,winner_seed4,6,winner_seed36,19,2619,1.0,0.0,1,0,0,1,-1,1716,0,1716,151,5.1
1,winner_seed4,6,winner_seed36,15,2615,0.0,1.0,0,0,1,-1,1,0,3784,-3784,395,22.3
1,winner_seed4,7,winner_seed39,0,2700,1.0,0.0,1,0,0,1,-1,2155,0,2155,194,12.4
1,winner_seed4,6,winner_seed36,14,2614,1.0,0.0,1,0,0,1,-1,5617,0,5617,284,26.7
1,winner_seed4,6,winner_seed36,18,2618,0.0,1.0,0,0,1,-1,1,0,3234,-3234,312,19.3
1,winner_seed4,7,winner_seed39,3,2703,0.0,1.0,0,0,1,-1,1,0,2120,-2120,166,8.4
1,winner_seed4,7,winner_seed39,6,2706,1.0,0.0,1,0,0,1,-1,1518,0,1518,138,4.5
1,winner_seed4,7,winner_seed39,4,2704,0.0,1.0,0,0,1,-1,1,0,3332,-3332,213,12.3
1,winner_seed4,7,winner_seed39,1,2701,1.0,0.0,1,0,0,1,-1,1676,0,1676,217,21.8
1,winner_seed4,7,winner_seed39,5,2705,0.0,1.0,0,0,1,-1,1,0,2703,-2703,236,11.5
1,winner_seed4,7,winner_seed39,2,2702,1.0,0.0,1,0,0,1,-1,5145,0,5145,231,17.9
1,winner_seed4,7,winner_seed39,8,2708,1.0,0.0,1,0,0,1,-1,2273,0,2273,178,4.8
1,winner_seed4,7,winner_seed39,9,2709,1.0,0.0,1,0,0,1,-1,1066,0,1066,172,5.1
1,winner_seed4,7,winner_seed39,7,2707,1.0,0.0,1,0,0,1,-1,2258,0,2258,226,10.0
1,winner_seed4,7,winner_seed39,11,2711,1.0,0.0,1,0,0,1,-1,2038,0,2038,197,6.5
1,winner_seed4,7,winner_seed39,10,2710,1.0,0.0,1,0,0,1,-1,3068,0,3068,163,7.6
1,winner_seed4,7,winner_seed39,12,2712,1.0,0.0,1,0,0,1,-1,2907,0,2907,215,6.6
1,winner_seed4,7,winner_seed39,16,2716,1.0,0.0,1,0,0,1,-1,1463,0,1463,197,5.5
1,winner_seed4,7,winner_seed39,14,2714,1.0,0.0,1,0,0,1,-1,2596,0,2596,197,7.0
1,winner_seed4,7,winner_seed39,13,2713,1.0,0.0,1,0,0,1,-1,1791,0,1791,348,11.9
1,winner_seed4,7,winner_seed39,17,2717,0.0,1.0,0,0,1,-1,1,0,2344,-2344,350,9.5
1,winner_seed4,7,winner_seed39,19,2719,1.0,0.0,1,0,0,1,-1,2137,0,2137,168,5.9
1,winner_seed4,7,winner_seed39,18,2718,0.0,1.0,0,0,1,-1,1,0,1349,-1349,194,6.1
1,winner_seed4,7,winner_seed39,15,2715,1.0,0.0,1,0,0,1,-1,6120,0,6120,206,15.9
1,winner_seed4,8,winner_seed47,3,2803,0.0,1.0,0,0,1,-1,1,0,2331,-2331,153,4.3
1,winner_seed4,8,winner_seed47,0,2800,0.0,1.0,0,0,1,-1,1,0,4475,-4475,191,12.2
1,winner_seed4,8,winner_seed47,4,2804,0.0,1.0,0,0,1,-1,1,0,1514,-1514,145,3.0
1,winner_seed4,8,winner_seed47,1,2801,0.0,1.0,0,0,1,-1,1,0,4925,-4925,318,13.7
1,winner_seed4,8,winner_seed47,5,2805,0.0,1.0,0,0,1,-1,1,0,3279,-3279,230,11.1
1,winner_seed4,8,winner_seed47,6,2806,1.0,0.0,1,0,0,1,-1,2716,0,2716,230,10.2
1,winner_seed4,8,winner_seed47,9,2809,0.0,1.0,0,0,1,-1,1,0,2904,-2904,248,6.7
1,winner_seed4,8,winner_seed47,2,2802,0.0,1.0,0,0,1,-1,1,0,5605,-5605,356,26.5
1,winner_seed4,8,winner_seed47,11,2811,0.0,1.0,0,0,1,-1,1,0,3446,-3446,228,7.9
1,winner_seed4,8,winner_seed47,7,2807,1.0,0.0,1,0,0,1,-1,2530,0,2530,396,24.6
1,winner_seed4,8,winner_seed47,12,2812,1.0,0.0,1,0,0,1,-1,2059,0,2059,211,5.7
1,winner_seed4,8,winner_seed47,13,2813,0.0,1.0,0,0,1,-1,1,0,2421,-2421,250,7.1
1,winner_seed4,8,winner_seed47,10,2810,1.0,0.0,1,0,0,1,-1,3975,0,3975,195,24.1
1,winner_seed4,8,winner_seed47,16,2816,0.0,1.0,0,0,1,-1,1,0,2067,-2067,166,7.1
1,winner_seed4,8,winner_seed47,17,2817,0.0,1.0,0,0,1,-1,1,0,3026,-3026,140,4.2
1,winner_seed4,8,winner_seed47,15,2815,0.0,1.0,0,0,1,-1,1,0,4042,-4042,255,14.0
1,winner_seed4,8,winner_seed47,8,2808,1.0,0.0,1,0,0,1,-1,5905,0,5905,442,37.0
1,winner_seed4,8,winner_seed47,14,2814,0.0,1.0,0,0,1,-1,1,0,3465,-3465,366,19.2
2,winner_seed11,3,winner_seed19,0,3300,1.0,0.0,1,0,0,1,-1,2721,0,2721,154,5.2
1,winner_seed4,8,winner_seed47,19,2819,0.0,1.0,0,0,1,-1,1,0,4350,-4350,153,8.0
1,winner_seed4,8,winner_seed47,18,2818,1.0,0.0,1,0,0,1,-1,3371,0,3371,170,9.8
2,winner_seed11,3,winner_seed19,5,3305,0.0,1.0,0,0,1,-1,1,0,946,-946,195,4.8
2,winner_seed11,3,winner_seed19,1,3301,1.0,0.0,1,0,0,1,-1,3009,0,3009,246,13.5
2,winner_seed11,3,winner_seed19,4,3304,0.0,1.0,0,0,1,-1,1,0,2437,-2437,195,9.6
2,winner_seed11,3,winner_seed19,2,3302,0.0,1.0,0,0,1,-1,1,0,2674,-2674,306,14.0
2,winner_seed11,3,winner_seed19,3,3303,1.0,0.0,1,0,0,1,-1,14102,0,14102,265,17.1
2,winner_seed11,3,winner_seed19,6,3306,0.0,1.0,0,0,1,-1,1,0,3453,-3453,341,12.4
2,winner_seed11,3,winner_seed19,8,3308,1.0,0.0,1,0,0,1,-1,2739,0,2739,187,9.0
2,winner_seed11,3,winner_seed19,9,3309,0.0,1.0,0,0,1,-1,1,0,2816,-2816,216,9.2
2,winner_seed11,3,winner_seed19,12,3312,0.0,1.0,0,0,1,-1,1,0,795,-795,164,7.7
2,winner_seed11,3,winner_seed19,7,3307,1.0,0.0,1,0,0,1,-1,15663,0,15663,368,21.0
2,winner_seed11,3,winner_seed19,13,3313,1.0,0.0,1,0,0,1,-1,5441,0,5441,218,10.2
2,winner_seed11,3,winner_seed19,10,3310,0.0,1.0,0,0,1,-1,1,0,3555,-3555,278,18.5
2,winner_seed11,3,winner_seed19,16,3316,0.0,1.0,0,0,1,-1,1,0,3016,-3016,135,3.8
2,winner_seed11,3,winner_seed19,15,3315,0.0,1.0,0,0,1,-1,1,0,1764,-1764,245,6.4
2,winner_seed11,3,winner_seed19,14,3314,0.0,1.0,0,0,1,-1,1,0,4480,-4480,183,13.1
2,winner_seed11,3,winner_seed19,18,3318,1.0,0.0,1,0,0,1,-1,585,0,585,173,6.0
2,winner_seed11,3,winner_seed19,17,3317,0.0,1.0,0,0,1,-1,1,0,3126,-3126,198,7.3
2,winner_seed11,3,winner_seed19,19,3319,1.0,0.0,1,0,0,1,-1,2776,0,2776,242,8.0
2,winner_seed11,3,winner_seed19,11,3311,1.0,0.0,1,0,0,1,-1,5491,0,5491,414,29.7
2,winner_seed11,4,winner_seed20,0,3400,0.0,1.0,0,0,1,-1,1,0,1693,-1693,216,8.4
2,winner_seed11,4,winner_seed20,3,3403,1.0,0.0,1,0,0,1,-1,3107,0,3107,151,5.2
2,winner_seed11,4,winner_seed20,2,3402,0.0,1.0,0,0,1,-1,1,0,3172,-3172,175,9.6
2,winner_seed11,4,winner_seed20,1,3401,0.0,1.0,0,0,1,-1,1,0,3831,-3831,273,14.0
2,winner_seed11,4,winner_seed20,7,3407,1.0,0.0,1,0,0,1,-1,2048,0,2048,149,8.3
2,winner_seed11,4,winner_seed20,4,3404,0.0,1.0,0,0,1,-1,1,0,4083,-4083,209,11.1
2,winner_seed11,4,winner_seed20,6,3406,0.0,1.0,0,0,1,-1,1,0,1422,-1422,185,9.2
2,winner_seed11,4,winner_seed20,5,3405,1.0,0.0,1,0,0,1,-1,1363,0,1363,266,17.8
2,winner_seed11,4,winner_seed20,9,3409,1.0,0.0,1,0,0,1,-1,3755,0,3755,155,7.6
2,winner_seed11,4,winner_seed20,8,3408,0.0,1.0,0,0,1,-1,1,0,2293,-2293,198,12.1
2,winner_seed11,4,winner_seed20,11,3411,1.0,0.0,1,0,0,1,-1,2595,0,2595,304,7.9
2,winner_seed11,4,winner_seed20,10,3410,0.0,1.0,0,0,1,-1,1,0,1679,-1679,401,11.5
2,winner_seed11,4,winner_seed20,12,3412,1.0,0.0,1,0,0,1,-1,2367,0,2367,147,4.8
2,winner_seed11,4,winner_seed20,13,3413,1.0,0.0,1,0,0,1,-1,954,0,954,261,9.7
2,winner_seed11,4,winner_seed20,17,3417,0.5,0.5,0,1,0,1,1,3295,3295,0,500,5.9
2,winner_seed11,4,winner_seed20,14,3414,0.0,1.0,0,0,1,-1,1,0,3303,-3303,187,10.6
2,winner_seed11,4,winner_seed20,16,3416,1.0,0.0,1,0,0,1,-1,4477,0,4477,233,11.2
2,winner_seed11,5,winner_seed22,0,3500,0.0,1.0,0,0,1,-1,1,0,3094,-3094,206,8.7
2,winner_seed11,5,winner_seed22,1,3501,0.0,1.0,0,0,1,-1,1,0,4979,-4979,186,7.8
2,winner_seed11,4,winner_seed20,15,3415,1.0,0.0,1,0,0,1,-1,2831,0,2831,341,26.0
2,winner_seed11,5,winner_seed22,3,3503,1.0,0.0,1,0,0,1,-1,1389,0,1389,145,3.9
2,winner_seed11,4,winner_seed20,18,3418,0.0,1.0,0,0,1,-1,1,0,5057,-5057,252,19.5
2,winner_seed11,5,winner_seed22,2,3502,1.0,0.0,1,0,0,1,-1,3030,0,3030,234,11.3
2,winner_seed11,4,winner_seed20,19,3419,0.0,1.0,0,0,1,-1,1,0,4589,-4589,263,24.3
2,winner_seed11,5,winner_seed22,4,3504,1.0,0.0,1,0,0,1,-1,3069,0,3069,224,10.2
2,winner_seed11,5,winner_seed22,7,3507,1.0,0.0,1,0,0,1,-1,2602,0,2602,187,6.1
2,winner_seed11,5,winner_seed22,6,3506,0.0,1.0,0,0,1,-1,1,0,3034,-3034,195,10.5
2,winner_seed11,5,winner_seed22,5,3505,1.0,0.0,1,0,0,1,-1,2737,0,2737,310,15.7
2,winner_seed11,5,winner_seed22,10,3510,0.0,1.0,0,0,1,-1,1,0,2132,-2132,198,5.8
2,winner_seed11,5,winner_seed22,8,3508,0.0,1.0,0,0,1,-1,1,0,3730,-3730,248,8.7
2,winner_seed11,5,winner_seed22,9,3509,0.0,1.0,0,0,1,-1,1,0,1126,-1126,204,6.8
2,winner_seed11,5,winner_seed22,14,3514,1.0,0.0,1,0,0,1,-1,1728,0,1728,134,2.5
2,winner_seed11,5,winner_seed22,11,3511,1.0,0.0,1,0,0,1,-1,2315,0,2315,181,8.6
2,winner_seed11,5,winner_seed22,12,3512,0.0,1.0,0,0,1,-1,1,0,2790,-2790,274,8.5
2,winner_seed11,5,winner_seed22,15,3515,1.0,0.0,1,0,0,1,-1,3568,0,3568,223,8.9
2,winner_seed11,5,winner_seed22,13,3513,0.0,1.0,0,0,1,-1,1,0,4192,-4192,262,12.7
2,winner_seed11,5,winner_seed22,17,3517,0.0,1.0,0,0,1,-1,1,0,3128,-3128,210,7.2
2,winner_seed11,5,winner_seed22,16,3516,0.0,1.0,0,0,1,-1,1,0,1872,-1872,182,11.4
2,winner_seed11,5,winner_seed22,19,3519,1.0,0.0,1,0,0,1,-1,2116,0,2116,182,6.6
2,winner_seed11,6,winner_seed36,1,3601,0.0,1.0,0,0,1,-1,1,0,2681,-2681,183,5.2
2,winner_seed11,5,winner_seed22,18,3518,1.0,0.0,1,0,0,1,-1,2606,0,2606,253,15.1
2,winner_seed11,6,winner_seed36,4,3604,0.0,1.0,0,0,1,-1,1,0,1773,-1773,186,5.6
2,winner_seed11,6,winner_seed36,0,3600,0.0,1.0,0,0,1,-1,1,0,3976,-3976,249,11.5
2,winner_seed11,6,winner_seed36,2,3602,1.0,0.0,1,0,0,1,-1,1305,0,1305,260,11.2
2,winner_seed11,6,winner_seed36,5,3605,1.0,0.0,1,0,0,1,-1,2387,0,2387,144,6.2
2,winner_seed11,6,winner_seed36,7,3607,0.0,1.0,0,0,1,-1,1,0,1599,-1599,191,5.4
2,winner_seed11,6,winner_seed36,6,3606,1.0,0.0,1,0,0,1,-1,2374,0,2374,184,9.8
2,winner_seed11,6,winner_seed36,8,3608,0.0,1.0,0,0,1,-1,1,0,1933,-1933,305,10.1
2,winner_seed11,6,winner_seed36,3,3603,1.0,0.0,1,0,0,1,-1,1841,0,1841,267,21.6
2,winner_seed11,6,winner_seed36,10,3610,0.0,1.0,0,0,1,-1,1,0,2667,-2667,224,10.7
2,winner_seed11,6,winner_seed36,9,3609,0.0,1.0,0,0,1,-1,1,0,2414,-2414,247,12.7
2,winner_seed11,6,winner_seed36,13,3613,0.0,1.0,0,0,1,-1,1,0,2585,-2585,195,7.0
2,winner_seed11,6,winner_seed36,14,3614,0.0,1.0,0,0,1,-1,1,0,2322,-2322,247,5.0
2,winner_seed11,6,winner_seed36,12,3612,1.0,0.0,1,0,0,1,-1,2932,0,2932,256,16.0
2,winner_seed11,6,winner_seed36,17,3617,1.0,0.0,1,0,0,1,-1,2155,0,2155,163,6.5
2,winner_seed11,6,winner_seed36,11,3611,0.0,1.0,0,0,1,-1,1,0,2767,-2767,333,19.1
2,winner_seed11,6,winner_seed36,15,3615,1.0,0.0,1,0,0,1,-1,3489,0,3489,218,14.9
2,winner_seed11,6,winner_seed36,18,3618,1.0,0.0,1,0,0,1,-1,3577,0,3577,220,9.9
2,winner_seed11,7,winner_seed39,0,3700,1.0,0.0,1,0,0,1,-1,4796,0,4796,243,9.1
2,winner_seed11,7,winner_seed39,3,3703,0.0,1.0,0,0,1,-1,1,0,1210,-1210,180,5.0
2,winner_seed11,6,winner_seed36,19,3619,0.0,1.0,0,0,1,-1,1,0,3534,-3534,250,16.7
2,winner_seed11,7,winner_seed39,1,3701,0.0,1.0,0,0,1,-1,1,0,6395,-6395,258,12.8
2,winner_seed11,6,winner_seed36,16,3616,0.0,1.0,0,0,1,-1,1,0,3251,-3251,312,26.0
2,winner_seed11,7,winner_seed39,2,3702,0.0,1.0,0,0,1,-1,1,0,4561,-4561,216,10.4
2,winner_seed11,7,winner_seed39,5,3705,1.0,0.0,1,0,0,1,-1,3074,0,3074,183,7.5
2,winner_seed11,7,winner_seed39,4,3704,0.0,1.0,0,0,1,-1,1,0,3346,-3346,201,10.2
2,winner_seed11,7,winner_seed39,7,3707,0.0,1.0,0,0,1,-1,1,0,3892,-3892,245,10.9
2,winner_seed11,7,winner_seed39,9,3709,0.0,1.0,0,0,1,-1,1,0,2533,-2533,178,5.8
2,winner_seed11,7,winner_seed39,6,3706,1.0,0.0,1,0,0,1,-1,2591,0,2591,210,13.1
2,winner_seed11,7,winner_seed39,8,3708,1.0,0.0,1,0,0,1,-1,3137,0,3137,237,13.5
2,winner_seed11,7,winner_seed39,11,3711,1.0,0.0,1,0,0,1,-1,790,0,790,180,6.4
2,winner_seed11,7,winner_seed39,12,3712,0.0,1.0,0,0,1,-1,1,0,3276,-3276,198,7.6
2,winner_seed11,7,winner_seed39,10,3710,1.0,0.0,1,0,0,1,-1,2092,0,2092,287,14.1
2,winner_seed11,7,winner_seed39,14,3714,1.0,0.0,1,0,0,1,-1,3994,0,3994,248,8.7
2,winner_seed11,7,winner_seed39,13,3713,1.0,0.0,1,0,0,1,-1,2211,0,2211,189,12.7
2,winner_seed11,7,winner_seed39,17,3717,1.0,0.0,1,0,0,1,-1,2150,0,2150,176,5.2
2,winner_seed11,7,winner_seed39,15,3715,1.0,0.0,1,0,0,1,-1,3153,0,3153,212,9.6
2,winner_seed11,7,winner_seed39,18,3718,0.0,1.0,0,0,1,-1,1,0,2484,-2484,194,6.7
2,winner_seed11,8,winner_seed47,1,3801,0.0,1.0,0,0,1,-1,1,0,1933,-1933,149,3.8
2,winner_seed11,8,winner_seed47,0,3800,0.0,1.0,0,0,1,-1,1,0,1657,-1657,185,9.2
2,winner_seed11,8,winner_seed47,3,3803,0.0,1.0,0,0,1,-1,1,0,1856,-1856,178,5.3
2,winner_seed11,7,winner_seed39,19,3719,1.0,0.0,1,0,0,1,-1,3197,0,3197,243,12.9
2,winner_seed11,8,winner_seed47,2,3802,0.0,1.0,0,0,1,-1,1,0,2805,-2805,205,9.0
2,winner_seed11,7,winner_seed39,16,3716,1.0,0.0,1,0,0,1,-1,3207,0,3207,354,27.8
2,winner_seed11,8,winner_seed47,6,3806,0.0,1.0,0,0,1,-1,1,0,3467,-3467,192,10.0
2,winner_seed11,8,winner_seed47,5,3805,1.0,0.0,1,0,0,1,-1,2646,0,2646,290,12.0
2,winner_seed11,8,winner_seed47,4,3804,0.0,1.0,0,0,1,-1,1,0,2133,-2133,250,20.9
2,winner_seed11,8,winner_seed47,7,3807,0.0,1.0,0,0,1,-1,1,0,3605,-3605,265,16.9
2,winner_seed11,8,winner_seed47,10,3810,0.0,1.0,0,0,1,-1,1,0,4459,-4459,235,7.6
2,winner_seed11,8,winner_seed47,8,3808,1.0,0.0,1,0,0,1,-1,3130,0,3130,240,10.7
2,winner_seed11,8,winner_seed47,9,3809,0.0,1.0,0,0,1,-1,1,0,2177,-2177,280,12.7
2,winner_seed11,8,winner_seed47,11,3811,1.0,0.0,1,0,0,1,-1,3207,0,3207,254,9.8
2,winner_seed11,8,winner_seed47,14,3814,1.0,0.0,1,0,0,1,-1,5013,0,5013,206,11.3
2,winner_seed11,8,winner_seed47,16,3816,0.0,1.0,0,0,1,-1,1,0,2867,-2867,169,8.7
2,winner_seed11,8,winner_seed47,15,3815,1.0,0.0,1,0,0,1,-1,1963,0,1963,259,18.0
2,winner_seed11,8,winner_seed47,17,3817,0.0,1.0,0,0,1,-1,1,0,3256,-3256,213,10.0
2,winner_seed11,8,winner_seed47,12,3812,0.0,1.0,0,0,1,-1,1,0,2427,-2427,362,25.1
2,winner_seed11,8,winner_seed47,13,3813,0.0,1.0,0,0,1,-1,1,0,2802,-2802,481,30.0
2,winner_seed11,8,winner_seed47,18,3818,1.0,0.0,1,0,0,1,-1,3636,0,3636,212,14.4
3,winner_seed19,4,winner_seed20,0,4400,1.0,0.0,1,0,0,1,-1,3934,0,3934,198,11.3
3,winner_seed19,4,winner_seed20,1,4401,1.0,0.0,1,0,0,1,-1,2800,0,2800,219,10.7
3,winner_seed19,4,winner_seed20,2,4402,1.0,0.0,1,0,0,1,-1,1101,0,1101,197,6.0
2,winner_seed11,8,winner_seed47,19,3819,1.0,0.0,1,0,0,1,-1,2317,0,2317,304,14.5
3,winner_seed19,4,winner_seed20,4,4404,0.0,1.0,0,0,1,-1,1,0,3211,-3211,256,8.9
3,winner_seed19,4,winner_seed20,5,4405,1.0,0.0,1,0,0,1,-1,2106,0,2106,245,8.4
3,winner_seed19,4,winner_seed20,3,4403,1.0,0.0,1,0,0,1,-1,4091,0,4091,255,12.2
3,winner_seed19,4,winner_seed20,7,4407,0.0,1.0,0,0,1,-1,1,0,1940,-1940,232,8.1
3,winner_seed19,4,winner_seed20,6,4406,0.0,1.0,0,0,1,-1,1,0,2433,-2433,203,10.5
3,winner_seed19,4,winner_seed20,8,4408,0.0,1.0,0,0,1,-1,1,0,1220,-1220,186,7.4
3,winner_seed19,4,winner_seed20,12,4412,1.0,0.0,1,0,0,1,-1,3832,0,3832,190,6.1
3,winner_seed19,4,winner_seed20,11,4411,1.0,0.0,1,0,0,1,-1,3246,0,3246,186,8.5
3,winner_seed19,4,winner_seed20,10,4410,1.0,0.0,1,0,0,1,-1,3771,0,3771,293,9.5
3,winner_seed19,4,winner_seed20,9,4409,0.0,1.0,0,0,1,-1,1,0,2816,-2816,262,10.7
3,winner_seed19,4,winner_seed20,14,4414,1.0,0.0,1,0,0,1,-1,2781,0,2781,190,10.3
3,winner_seed19,4,winner_seed20,13,4413,1.0,0.0,1,0,0,1,-1,1301,0,1301,269,13.1
3,winner_seed19,4,winner_seed20,17,4417,1.0,0.0,1,0,0,1,-1,4205,0,4205,167,8.6
3,winner_seed19,4,winner_seed20,15,4415,0.0,1.0,0,0,1,-1,1,0,2526,-2526,336,10.2
3,winner_seed19,4,winner_seed20,19,4419,0.0,1.0,0,0,1,-1,1,0,2616,-2616,144,4.1
3,winner_seed19,4,winner_seed20,16,4416,0.0,1.0,0,0,1,-1,1,0,1219,-1219,278,15.1
3,winner_seed19,4,winner_seed20,18,4418,0.0,1.0,0,0,1,-1,1,0,1080,-1080,179,6.3
3,winner_seed19,5,winner_seed22,1,4501,0.0,1.0,0,0,1,-1,1,0,4369,-4369,249,10.0
3,winner_seed19,5,winner_seed22,4,4504,1.0,0.0,1,0,0,1,-1,2162,0,2162,318,10.2
3,winner_seed19,5,winner_seed22,2,4502,0.0,1.0,0,0,1,-1,1,0,2694,-2694,339,16.1
3,winner_seed19,5,winner_seed22,6,4506,0.0,1.0,0,0,1,-1,1,0,2108,-2108,196,8.1
3,winner_seed19,5,winner_seed22,5,4505,1.0,0.0,1,0,0,1,-1,1596,0,1596,249,15.4
3,winner_seed19,5,winner_seed22,8,4508,1.0,0.0,1,0,0,1,-1,4698,0,4698,126,4.7
3,winner_seed19,5,winner_seed22,0,4500,1.0,0.0,1,0,0,1,-1,2687,0,2687,420,29.5
3,winner_seed19,5,winner_seed22,7,4507,1.0,0.0,1,0,0,1,-1,3456,0,3456,253,10.6
3,winner_seed19,5,winner_seed22,9,4509,0.0,1.0,0,0,1,-1,1,0,2061,-2061,165,8.4
3,winner_seed19,5,winner_seed22,10,4510,1.0,0.0,1,0,0,1,-1,1777,0,1777,228,7.4
3,winner_seed19,5,winner_seed22,12,4512,0.0,1.0,0,0,1,-1,1,0,2758,-2758,238,7.5
3,winner_seed19,5,winner_seed22,13,4513,0.0,1.0,0,0,1,-1,1,0,1960,-1960,207,6.9
3,winner_seed19,5,winner_seed22,11,4511,1.0,0.0,1,0,0,1,-1,3738,0,3738,199,13.4
3,winner_seed19,5,winner_seed22,15,4515,0.0,1.0,0,0,1,-1,1,0,2481,-2481,208,6.8
3,winner_seed19,5,winner_seed22,3,4503,0.0,1.0,0,0,1,-1,1,0,3438,-3438,483,42.5
3,winner_seed19,5,winner_seed22,17,4517,1.0,0.0,1,0,0,1,-1,2680,0,2680,219,7.7
3,winner_seed19,5,winner_seed22,14,4514,1.0,0.0,1,0,0,1,-1,596,0,596,278,15.8
3,winner_seed19,5,winner_seed22,18,4518,0.0,1.0,0,0,1,-1,1,0,2364,-2364,209,12.6
3,winner_seed19,6,winner_seed36,0,4600,1.0,0.0,1,0,0,1,-1,406,0,406,265,8.6
3,winner_seed19,5,winner_seed22,16,4516,0.0,1.0,0,0,1,-1,1,0,3969,-3969,325,20.6
3,winner_seed19,6,winner_seed36,1,4601,1.0,0.0,1,0,0,1,-1,2006,0,2006,285,13.1
3,winner_seed19,6,winner_seed36,3,4603,0.0,1.0,0,0,1,-1,1,0,3033,-3033,215,13.0
3,winner_seed19,6,winner_seed36,5,4605,0.0,1.0,0,0,1,-1,1,0,2156,-2156,247,9.5
3,winner_seed19,6,winner_seed36,4,4604,1.0,0.0,1,0,0,1,-1,4695,0,4695,221,13.1
3,winner_seed19,5,winner_seed22,19,4519,1.0,0.0,1,0,0,1,-1,3117,0,3117,403,28.6
3,winner_seed19,6,winner_seed36,2,4602,1.0,0.0,1,0,0,1,-1,4762,0,4762,287,20.7
3,winner_seed19,6,winner_seed36,6,4606,1.0,0.0,1,0,0,1,-1,2811,0,2811,229,9.6
3,winner_seed19,6,winner_seed36,7,4607,1.0,0.0,1,0,0,1,-1,1102,0,1102,176,7.8
3,winner_seed19,6,winner_seed36,9,4609,0.0,1.0,0,0,1,-1,1,0,3028,-3028,208,8.3
3,winner_seed19,6,winner_seed36,8,4608,0.0,1.0,0,0,1,-1,1,0,3938,-3938,183,13.2
3,winner_seed19,6,winner_seed36,12,4612,0.0,1.0,0,0,1,-1,1,0,3563,-3563,121,6.9
3,winner_seed19,6,winner_seed36,10,4610,1.0,0.0,1,0,0,1,-1,2544,0,2544,217,14.3
3,winner_seed19,6,winner_seed36,14,4614,1.0,0.0,1,0,0,1,-1,2735,0,2735,143,7.6
3,winner_seed19,6,winner_seed36,13,4613,1.0,0.0,1,0,0,1,-1,3090,0,3090,189,13.6
3,winner_seed19,6,winner_seed36,16,4616,1.0,0.0,1,0,0,1,-1,3139,0,3139,196,7.2
3,winner_seed19,6,winner_seed36,11,4611,0.0,1.0,0,0,1,-1,1,0,5208,-5208,245,18.7
3,winner_seed19,6,winner_seed36,15,4615,0.0,1.0,0,0,1,-1,1,0,3171,-3171,214,16.0
3,winner_seed19,6,winner_seed36,17,4617,1.0,0.0,1,0,0,1,-1,2200,0,2200,288,13.6
3,winner_seed19,6,winner_seed36,19,4619,0.0,1.0,0,0,1,-1,1,0,1522,-1522,356,11.2
3,winner_seed19,7,winner_seed39,1,4701,1.0,0.0,1,0,0,1,-1,1470,0,1470,190,7.3
3,winner_seed19,7,winner_seed39,0,4700,1.0,0.0,1,0,0,1,-1,2539,0,2539,304,12.4
3,winner_seed19,7,winner_seed39,2,4702,1.0,0.0,1,0,0,1,-1,1985,0,1985,138,5.0
3,winner_seed19,6,winner_seed36,18,4618,1.0,0.0,1,0,0,1,-1,3716,0,3716,286,17.6
3,winner_seed19,7,winner_seed39,5,4705,0.0,1.0,0,0,1,-1,1,0,3288,-3288,184,6.1
3,winner_seed19,7,winner_seed39,3,4703,0.0,1.0,0,0,1,-1,1,0,3745,-3745,228,11.8
3,winner_seed19,7,winner_seed39,7,4707,1.0,0.0,1,0,0,1,-1,1946,0,1946,172,7.1
3,winner_seed19,7,winner_seed39,4,4704,1.0,0.0,1,0,0,1,-1,4885,0,4885,255,14.7
3,winner_seed19,7,winner_seed39,8,4708,0.0,1.0,0,0,1,-1,1,0,2789,-2789,306,9.7
3,winner_seed19,7,winner_seed39,6,4706,0.0,1.0,0,0,1,-1,1,0,1816,-1816,269,16.5
3,winner_seed19,7,winner_seed39,10,4710,1.0,0.0,1,0,0,1,-1,1232,0,1232,266,10.6
3,winner_seed19,7,winner_seed39,11,4711,1.0,0.0,1,0,0,1,-1,2556,0,2556,248,8.7
3,winner_seed19,7,winner_seed39,12,4712,1.0,0.0,1,0,0,1,-1,5967,0,5967,221,12.1
3,winner_seed19,7,winner_seed39,9,4709,1.0,0.0,1,0,0,1,-1,3160,0,3160,257,19.9
3,winner_seed19,7,winner_seed39,15,4715,1.0,0.0,1,0,0,1,-1,1991,0,1991,266,9.2
3,winner_seed19,7,winner_seed39,13,4713,0.0,1.0,0,0,1,-1,1,0,3426,-3426,225,18.0
3,winner_seed19,7,winner_seed39,16,4716,1.0,0.0,1,0,0,1,-1,2390,0,2390,182,8.1
3,winner_seed19,7,winner_seed39,14,4714,0.0,1.0,0,0,1,-1,1,0,3320,-3320,390,21.7
3,winner_seed19,7,winner_seed39,17,4717,0.0,1.0,0,0,1,-1,1,0,3100,-3100,291,14.5
3,winner_seed19,8,winner_seed47,0,4800,1.0,0.0,1,0,0,1,-1,1734,0,1734,185,8.6
3,winner_seed19,7,winner_seed39,18,4718,0.0,1.0,0,0,1,-1,1,0,2813,-2813,326,12.6
3,winner_seed19,7,winner_seed39,19,4719,1.0,0.0,1,0,0,1,-1,4075,0,4075,213,11.8
3,winner_seed19,8,winner_seed47,5,4805,1.0,0.0,1,0,0,1,-1,1222,0,1222,139,2.7
3,winner_seed19,8,winner_seed47,2,4802,1.0,0.0,1,0,0,1,-1,3727,0,3727,129,6.9
3,winner_seed19,8,winner_seed47,3,4803,1.0,0.0,1,0,0,1,-1,4325,0,4325,219,9.2
3,winner_seed19,8,winner_seed47,1,4801,1.0,0.0,1,0,0,1,-1,2750,0,2750,204,13.5
3,winner_seed19,8,winner_seed47,7,4807,1.0,0.0,1,0,0,1,-1,3520,0,3520,167,6.4
3,winner_seed19,8,winner_seed47,8,4808,1.0,0.0,1,0,0,1,-1,2018,0,2018,194,5.8
3,winner_seed19,8,winner_seed47,6,4806,0.0,1.0,0,0,1,-1,1,0,3259,-3259,225,12.6
3,winner_seed19,8,winner_seed47,4,4804,1.0,0.0,1,0,0,1,-1,2758,0,2758,265,18.4
3,winner_seed19,8,winner_seed47,9,4809,1.0,0.0,1,0,0,1,-1,1822,0,1822,181,7.8
3,winner_seed19,8,winner_seed47,10,4810,0.0,1.0,0,0,1,-1,1,0,2875,-2875,252,8.5
3,winner_seed19,8,winner_seed47,11,4811,0.0,1.0,0,0,1,-1,1,0,2081,-2081,251,6.7
3,winner_seed19,8,winner_seed47,14,4814,0.0,1.0,0,0,1,-1,1,0,7189,-7189,206,7.9
3,winner_seed19,8,winner_seed47,12,4812,1.0,0.0,1,0,0,1,-1,2728,0,2728,165,9.5
3,winner_seed19,8,winner_seed47,16,4816,1.0,0.0,1,0,0,1,-1,2820,0,2820,239,10.7
3,winner_seed19,8,winner_seed47,13,4813,1.0,0.0,1,0,0,1,-1,3276,0,3276,281,17.6
3,winner_seed19,8,winner_seed47,15,4815,0.0,1.0,0,0,1,-1,1,0,1803,-1803,258,15.6
3,winner_seed19,8,winner_seed47,17,4817,0.0,1.0,0,0,1,-1,1,0,3878,-3878,212,11.9
4,winner_seed20,5,winner_seed22,2,5502,1.0,0.0,1,0,0,1,-1,572,0,572,152,2.7
3,winner_seed19,8,winner_seed47,19,4819,1.0,0.0,1,0,0,1,-1,3188,0,3188,226,11.5
3,winner_seed19,8,winner_seed47,18,4818,1.0,0.0,1,0,0,1,-1,6079,0,6079,270,18.9
4,winner_seed20,5,winner_seed22,1,5501,1.0,0.0,1,0,0,1,-1,4770,0,4770,228,10.6
4,winner_seed20,5,winner_seed22,0,5500,0.0,1.0,0,0,1,-1,1,0,6715,-6715,241,12.9
4,winner_seed20,5,winner_seed22,4,5504,0.0,1.0,0,0,1,-1,1,0,2394,-2394,154,6.5
4,winner_seed20,5,winner_seed22,8,5508,0.0,1.0,0,0,1,-1,1,0,1374,-1374,142,3.1
4,winner_seed20,5,winner_seed22,3,5503,1.0,0.0,1,0,0,1,-1,1376,0,1376,314,13.1
4,winner_seed20,5,winner_seed22,9,5509,0.0,1.0,0,0,1,-1,1,0,1274,-1274,180,6.3
4,winner_seed20,5,winner_seed22,5,5505,0.0,1.0,0,0,1,-1,1,0,1395,-1395,383,13.7
4,winner_seed20,5,winner_seed22,7,5507,0.0,1.0,0,0,1,-1,1,0,3889,-3889,209,11.7
4,winner_seed20,5,winner_seed22,10,5510,1.0,0.0,1,0,0,1,-1,2168,0,2168,328,10.0
4,winner_seed20,5,winner_seed22,6,5506,1.0,0.0,1,0,0,1,-1,3774,0,3774,298,20.1
4,winner_seed20,5,winner_seed22,14,5514,1.0,0.0,1,0,0,1,-1,2268,0,2268,182,5.2
4,winner_seed20,5,winner_seed22,15,5515,1.0,0.0,1,0,0,1,-1,2649,0,2649,136,5.0
4,winner_seed20,5,winner_seed22,12,5512,0.0,1.0,0,0,1,-1,1,0,5726,-5726,229,15.2
4,winner_seed20,5,winner_seed22,13,5513,0.0,1.0,0,0,1,-1,1,0,8016,-8016,245,15.4
4,winner_seed20,5,winner_seed22,17,5517,1.0,0.0,1,0,0,1,-1,2625,0,2625,162,5.2
4,winner_seed20,5,winner_seed22,16,5516,1.0,0.0,1,0,0,1,-1,3316,0,3316,207,9.7
4,winner_seed20,5,winner_seed22,11,5511,0.0,1.0,0,0,1,-1,1,0,1999,-1999,258,20.8
4,winner_seed20,5,winner_seed22,18,5518,1.0,0.0,1,0,0,1,-1,2969,0,2969,198,6.6
4,winner_seed20,5,winner_seed22,19,5519,1.0,0.0,1,0,0,1,-1,1894,0,1894,187,6.5
4,winner_seed20,6,winner_seed36,1,5601,1.0,0.0,1,0,0,1,-1,2399,0,2399,167,6.2
4,winner_seed20,6,winner_seed36,2,5602,1.0,0.0,1,0,0,1,-1,6078,0,6078,209,7.2
4,winner_seed20,6,winner_seed36,0,5600,0.0,1.0,0,0,1,-1,1,0,2219,-2219,189,10.8
4,winner_seed20,6,winner_seed36,5,5605,0.0,1.0,0,0,1,-1,1,0,2768,-2768,136,4.6
4,winner_seed20,6,winner_seed36,4,5604,1.0,0.0,1,0,0,1,-1,4125,0,4125,210,8.2
4,winner_seed20,6,winner_seed36,9,5609,0.0,1.0,0,0,1,-1,1,0,2236,-2236,152,5.0
4,winner_seed20,6,winner_seed36,7,5607,0.0,1.0,0,0,1,-1,1,0,902,-902,172,7.7
4,winner_seed20,6,winner_seed36,6,5606,1.0,0.0,1,0,0,1,-1,2589,0,2589,240,9.0
4,winner_seed20,6,winner_seed36,11,5611,0.0,1.0,0,0,1,-1,1,0,2416,-2416,193,6.0
4,winner_seed20,6,winner_seed36,8,5608,1.0,0.0,1,0,0,1,-1,2829,0,2829,179,12.7
4,winner_seed20,6,winner_seed36,12,5612,1.0,0.0,1,0,0,1,-1,2598,0,2598,189,8.1
4,winner_seed20,6,winner_seed36,10,5610,0.0,1.0,0,0,1,-1,1,0,1909,-1909,321,11.1
4,winner_seed20,6,winner_seed36,3,5603,0.0,1.0,0,0,1,-1,1,0,3868,-3868,291,25.4
4,winner_seed20,6,winner_seed36,15,5615,0.0,1.0,0,0,1,-1,1,0,1708,-1708,168,6.0
4,winner_seed20,6,winner_seed36,14,5614,1.0,0.0,1,0,0,1,-1,2552,0,2552,181,9.1
4,winner_seed20,6,winner_seed36,16,5616,1.0,0.0,1,0,0,1,-1,2192,0,2192,215,8.6
4,winner_seed20,6,winner_seed36,17,5617,0.0,1.0,0,0,1,-1,1,0,1427,-1427,205,9.4
4,winner_seed20,7,winner_seed39,1,5701,1.0,0.0,1,0,0,1,-1,1867,0,1867,197,5.5
4,winner_seed20,6,winner_seed36,19,5619,0.0,1.0,0,0,1,-1,1,0,2636,-2636,175,10.6
4,winner_seed20,6,winner_seed36,18,5618,1.0,0.0,1,0,0,1,-1,2222,0,2222,274,13.0
4,winner_seed20,6,winner_seed36,13,5613,0.0,1.0,0,0,1,-1,1,0,4893,-4893,341,24.5
4,winner_seed20,7,winner_seed39,0,5700,0.0,1.0,0,0,1,-1,1,0,3675,-3675,222,15.3
4,winner_seed20,7,winner_seed39,4,5704,1.0,0.0,1,0,0,1,-1,3933,0,3933,201,7.8
4,winner_seed20,7,winner_seed39,3,5703,0.0,1.0,0,0,1,-1,1,0,1711,-1711,242,8.8
4,winner_seed20,7,winner_seed39,2,5702,0.0,1.0,0,0,1,-1,1,0,4129,-4129,207,10.7
4,winner_seed20,7,winner_seed39,6,5706,0.0,1.0,0,0,1,-1,1,0,2531,-2531,124,3.6
4,winner_seed20,7,winner_seed39,5,5705,1.0,0.0,1,0,0,1,-1,2712,0,2712,209,8.3
4,winner_seed20,7,winner_seed39,10,5710,0.0,1.0,0,0,1,-1,1,0,4253,-4253,169,4.8
4,winner_seed20,7,winner_seed39,8,5708,1.0,0.0,1,0,0,1,-1,841,0,841,274,9.9
4,winner_seed20,7,winner_seed39,11,5711,0.0,1.0,0,0,1,-1,1,0,1520,-1520,176,8.8
4,winner_seed20,7,winner_seed39,7,5707,0.0,1.0,0,0,1,-1,1,0,3557,-3557,216,13.0
4,winner_seed20,7,winner_seed39,13,5713,0.0,1.0,0,0,1,-1,1,0,3536,-3536,151,5.6
4,winner_seed20,7,winner_seed39,15,5715,1.0,0.0,1,0,0,1,-1,2284,0,2284,137,5.2
4,winner_seed20,7,winner_seed39,9,5709,0.0,1.0,0,0,1,-1,1,0,2352,-2352,280,16.9
4,winner_seed20,7,winner_seed39,18,5718,0.0,1.0,0,0,1,-1,1,0,3003,-3003,168,4.8
4,winner_seed20,7,winner_seed39,14,5714,0.0,1.0,0,0,1,-1,1,0,2282,-2282,247,11.3
4,winner_seed20,7,winner_seed39,16,5716,1.0,0.0,1,0,0,1,-1,3003,0,3003,218,12.1
4,winner_seed20,8,winner_seed47,0,5800,1.0,0.0,1,0,0,1,-1,1867,0,1867,139,4.1
4,winner_seed20,7,winner_seed39,12,5712,0.0,1.0,0,0,1,-1,1,0,3465,-3465,355,21.3
4,winner_seed20,7,winner_seed39,17,5717,0.0,1.0,0,0,1,-1,1,0,1662,-1662,272,13.5
4,winner_seed20,8,winner_seed47,2,5802,1.0,0.0,1,0,0,1,-1,1488,0,1488,155,4.6
4,winner_seed20,7,winner_seed39,19,5719,0.0,1.0,0,0,1,-1,1,0,2703,-2703,238,10.3
4,winner_seed20,8,winner_seed47,4,5804,0.0,1.0,0,0,1,-1,1,0,1158,-1158,174,6.2
4,winner_seed20,8,winner_seed47,6,5806,1.0,0.0,1,0,0,1,-1,2622,0,2622,173,5.4
4,winner_seed20,8,winner_seed47,1,5801,1.0,0.0,1,0,0,1,-1,3132,0,3132,233,12.9
4,winner_seed20,8,winner_seed47,3,5803,1.0,0.0,1,0,0,1,-1,3389,0,3389,233,12.7
4,winner_seed20,8,winner_seed47,5,5805,1.0,0.0,1,0,0,1,-1,3167,0,3167,236,11.5
4,winner_seed20,8,winner_seed47,9,5809,1.0,0.0,1,0,0,1,-1,2500,0,2500,149,6.0
4,winner_seed20,8,winner_seed47,7,5807,1.0,0.0,1,0,0,1,-1,1180,0,1180,260,9.9
4,winner_seed20,8,winner_seed47,10,5810,0.0,1.0,0,0,1,-1,1,0,2145,-2145,160,9.7
4,winner_seed20,8,winner_seed47,12,5812,0.0,1.0,0,0,1,-1,1,0,1569,-1569,227,5.3
4,winner_seed20,8,winner_seed47,11,5811,0.0,1.0,0,0,1,-1,1,0,2886,-2886,219,11.2
4,winner_seed20,8,winner_seed47,8,5808,0.0,1.0,0,0,1,-1,1,0,3885,-3885,225,17.6
4,winner_seed20,8,winner_seed47,15,5815,1.0,0.0,1,0,0,1,-1,2687,0,2687,162,6.7
4,winner_seed20,8,winner_seed47,16,5816,0.0,1.0,0,0,1,-1,1,0,2164,-2164,203,7.8
4,winner_seed20,8,winner_seed47,14,5814,0.0,1.0,0,0,1,-1,1,0,2818,-2818,199,12.6
4,winner_seed20,8,winner_seed47,17,5817,1.0,0.0,1,0,0,1,-1,2103,0,2103,166,7.7
4,winner_seed20,8,winner_seed47,13,5813,1.0,0.0,1,0,0,1,-1,2843,0,2843,232,17.3
4,winner_seed20,8,winner_seed47,18,5818,0.0,1.0,0,0,1,-1,1,0,3230,-3230,187,9.9
5,winner_seed22,6,winner_seed36,2,6602,1.0,0.0,1,0,0,1,-1,2024,0,2024,157,5.6
5,winner_seed22,6,winner_seed36,1,6601,1.0,0.0,1,0,0,1,-1,3108,0,3108,300,9.5
5,winner_seed22,6,winner_seed36,0,6600,1.0,0.0,1,0,0,1,-1,3527,0,3527,268,16.9
5,winner_seed22,6,winner_seed36,5,6605,0.0,1.0,0,0,1,-1,1,0,866,-866,363,10.0
5,winner_seed22,6,winner_seed36,4,6604,0.0,1.0,0,0,1,-1,1,0,5390,-5390,259,13.5
5,winner_seed22,6,winner_seed36,3,6603,1.0,0.0,1,0,0,1,-1,4272,0,4272,297,16.8
4,winner_seed20,8,winner_seed47,19,5819,0.0,1.0,0,0,1,-1,1,0,3517,-3517,353,24.7
5,winner_seed22,6,winner_seed36,6,6606,0.0,1.0,0,0,1,-1,1,0,2453,-2453,183,8.2
5,winner_seed22,6,winner_seed36,10,6610,1.0,0.0,1,0,0,1,-1,1997,0,1997,223,6.1
5,winner_seed22,6,winner_seed36,7,6607,1.0,0.0,1,0,0,1,-1,2363,0,2363,254,12.7
5,winner_seed22,6,winner_seed36,9,6609,0.0,1.0,0,0,1,-1,1,0,3858,-3858,242,14.6
5,winner_seed22,6,winner_seed36,8,6608,1.0,0.0,1,0,0,1,-1,4589,0,4589,278,17.5
5,winner_seed22,6,winner_seed36,15,6615,0.0,1.0,0,0,1,-1,1,0,1276,-1276,126,3.2
5,winner_seed22,6,winner_seed36,11,6611,1.0,0.0,1,0,0,1,-1,2337,0,2337,268,17.0
5,winner_seed22,6,winner_seed36,13,6613,0.0,1.0,0,0,1,-1,1,0,1779,-1779,296,13.4
5,winner_seed22,6,winner_seed36,14,6614,1.0,0.0,1,0,0,1,-1,1931,0,1931,254,10.1
5,winner_seed22,6,winner_seed36,12,6612,1.0,0.0,1,0,0,1,-1,5202,0,5202,311,20.4
5,winner_seed22,6,winner_seed36,17,6617,0.0,1.0,0,0,1,-1,1,0,2575,-2575,159,8.5
5,winner_seed22,6,winner_seed36,16,6616,1.0,0.0,1,0,0,1,-1,3900,0,3900,195,11.8
5,winner_seed22,6,winner_seed36,18,6618,1.0,0.0,1,0,0,1,-1,3395,0,3395,179,8.1
5,winner_seed22,7,winner_seed39,0,6700,0.0,1.0,0,0,1,-1,1,0,3149,-3149,241,5.5
5,winner_seed22,7,winner_seed39,1,6701,1.0,0.0,1,0,0,1,-1,537,0,537,283,7.8
5,winner_seed22,7,winner_seed39,3,6703,0.0,1.0,0,0,1,-1,1,0,3008,-3008,153,6.4
5,winner_seed22,7,winner_seed39,2,6702,0.0,1.0,0,0,1,-1,1,0,3128,-3128,175,10.3
5,winner_seed22,6,winner_seed36,19,6619,1.0,0.0,1,0,0,1,-1,2487,0,2487,197,18.9
5,winner_seed22,7,winner_seed39,4,6704,0.0,1.0,0,0,1,-1,1,0,3047,-3047,241,10.5
5,winner_seed22,7,winner_seed39,6,6706,0.0,1.0,0,0,1,-1,1,0,2568,-2568,256,7.1
5,winner_seed22,7,winner_seed39,7,6707,0.0,1.0,0,0,1,-1,1,0,2006,-2006,184,8.4
5,winner_seed22,7,winner_seed39,10,6710,1.0,0.0,1,0,0,1,-1,2481,0,2481,219,6.5
5,winner_seed22,7,winner_seed39,8,6708,0.0,1.0,0,0,1,-1,1,0,3403,-3403,213,9.7
5,winner_seed22,7,winner_seed39,5,6705,1.0,0.0,1,0,0,1,-1,4433,0,4433,259,20.0
5,winner_seed22,7,winner_seed39,9,6709,1.0,0.0,1,0,0,1,-1,2088,926,1162,500,13.1
5,winner_seed22,7,winner_seed39,11,6711,0.0,1.0,0,0,1,-1,1,0,3794,-3794,348,13.0
5,winner_seed22,7,winner_seed39,12,6712,1.0,0.0,1,0,0,1,-1,1953,0,1953,223,10.5
5,winner_seed22,7,winner_seed39,13,6713,0.0,1.0,0,0,1,-1,1,0,2991,-2991,274,13.2
5,winner_seed22,7,winner_seed39,15,6715,0.0,1.0,0,0,1,-1,1,0,1686,-1686,218,8.4
5,winner_seed22,7,winner_seed39,18,6718,1.0,0.0,1,0,0,1,-1,1566,0,1566,197,5.0
5,winner_seed22,7,winner_seed39,14,6714,1.0,0.0,1,0,0,1,-1,2829,0,2829,244,15.1
5,winner_seed22,7,winner_seed39,16,6716,0.0,1.0,0,0,1,-1,1,0,3036,-3036,209,9.2
5,winner_seed22,7,winner_seed39,17,6717,0.0,1.0,0,0,1,-1,1,0,2572,-2572,199,10.8
5,winner_seed22,7,winner_seed39,19,6719,0.0,1.0,0,0,1,-1,1,0,3612,-3612,196,9.6
5,winner_seed22,8,winner_seed47,1,6801,1.0,0.0,1,0,0,1,-1,1505,0,1505,205,5.0
5,winner_seed22,8,winner_seed47,2,6802,1.0,0.0,1,0,0,1,-1,2121,0,2121,146,6.0
5,winner_seed22,8,winner_seed47,5,6805,0.0,1.0,0,0,1,-1,1,0,1144,-1144,164,6.0
5,winner_seed22,8,winner_seed47,0,6800,0.0,1.0,0,0,1,-1,1,0,2497,-2497,324,13.9
5,winner_seed22,8,winner_seed47,3,6803,1.0,0.0,1,0,0,1,-1,1604,0,1604,422,11.7
5,winner_seed22,8,winner_seed47,4,6804,0.0,1.0,0,0,1,-1,1,0,2586,-2586,212,10.3
5,winner_seed22,8,winner_seed47,6,6806,1.0,0.0,1,0,0,1,-1,2230,0,2230,230,10.4
5,winner_seed22,8,winner_seed47,10,6810,0.0,1.0,0,0,1,-1,1,0,1084,-1084,257,7.1
5,winner_seed22,8,winner_seed47,9,6809,1.0,0.0,1,0,0,1,-1,1539,0,1539,174,8.2
5,winner_seed22,8,winner_seed47,7,6807,0.0,1.0,0,0,1,-1,1,0,3947,-3947,303,16.6
5,winner_seed22,8,winner_seed47,13,6813,0.0,1.0,0,0,1,-1,1,0,1678,-1678,193,11.3
5,winner_seed22,8,winner_seed47,12,6812,1.0,0.0,1,0,0,1,-1,1923,0,1923,466,15.1
5,winner_seed22,8,winner_seed47,8,6808,0.0,1.0,0,0,1,-1,1,0,3149,-3149,500,35.4
5,winner_seed22,8,winner_seed47,16,6816,1.0,0.0,1,0,0,1,-1,5260,0,5260,224,13.2
5,winner_seed22,8,winner_seed47,11,6811,1.0,0.0,1,0,0,1,-1,3070,0,3070,419,34.9
5,winner_seed22,8,winner_seed47,14,6814,1.0,0.0,1,0,0,1,-1,2213,0,2213,270,24.3
6,winner_seed36,7,winner_seed39,0,7700,1.0,0.0,1,0,0,1,-1,3202,0,3202,172,6.1
5,winner_seed22,8,winner_seed47,18,6818,1.0,0.0,1,0,0,1,-1,6006,0,6006,201,8.1
6,winner_seed36,7,winner_seed39,1,7701,1.0,0.0,1,0,0,1,-1,1079,0,1079,211,4.9
5,winner_seed22,8,winner_seed47,19,6819,1.0,0.0,1,0,0,1,-1,1707,0,1707,193,11.3
5,winner_seed22,8,winner_seed47,17,6817,0.0,1.0,0,0,1,-1,1,0,5158,-5158,229,14.6
5,winner_seed22,8,winner_seed47,15,6815,1.0,0.0,1,0,0,1,-1,4883,0,4883,434,31.2
6,winner_seed36,7,winner_seed39,2,7702,1.0,0.0,1,0,0,1,-1,2592,0,2592,258,15.7
6,winner_seed36,7,winner_seed39,6,7706,1.0,0.0,1,0,0,1,-1,2899,0,2899,166,10.0
6,winner_seed36,7,winner_seed39,5,7705,0.0,1.0,0,0,1,-1,1,0,3932,-3932,232,13.1
6,winner_seed36,7,winner_seed39,4,7704,0.0,1.0,0,0,1,-1,1,0,1899,-1899,179,13.4
6,winner_seed36,7,winner_seed39,3,7703,0.0,1.0,0,0,1,-1,1,0,3281,-3281,260,14.8
6,winner_seed36,7,winner_seed39,7,7707,1.0,0.0,1,0,0,1,-1,3759,0,3759,229,8.4
6,winner_seed36,7,winner_seed39,10,7710,0.0,1.0,0,0,1,-1,1,0,2398,-2398,213,7.3
6,winner_seed36,7,winner_seed39,8,7708,1.0,0.0,1,0,0,1,-1,3780,0,3780,216,10.1
6,winner_seed36,7,winner_seed39,12,7712,0.0,1.0,0,0,1,-1,1,0,3079,-3079,127,4.7
6,winner_seed36,7,winner_seed39,9,7709,1.0,0.0,1,0,0,1,-1,4846,0,4846,227,15.0
6,winner_seed36,7,winner_seed39,13,7713,1.0,0.0,1,0,0,1,-1,3661,0,3661,235,8.9
6,winner_seed36,7,winner_seed39,14,7714,1.0,0.0,1,0,0,1,-1,1130,0,1130,266,10.1
6,winner_seed36,7,winner_seed39,11,7711,0.0,1.0,0,0,1,-1,1,0,2626,-2626,330,19.2
6,winner_seed36,7,winner_seed39,15,7715,1.0,0.0,1,0,0,1,-1,3024,0,3024,314,11.8
6,winner_seed36,7,winner_seed39,18,7718,1.0,0.0,1,0,0,1,-1,1858,0,1858,225,5.6
6,winner_seed36,7,winner_seed39,16,7716,0.0,1.0,0,0,1,-1,1,0,2548,-2548,180,10.3
6,winner_seed36,7,winner_seed39,17,7717,0.0,1.0,0,0,1,-1,1,0,3888,-3888,192,10.8
6,winner_seed36,8,winner_seed47,0,7800,0.0,1.0,0,0,1,-1,1,0,2964,-2964,233,7.5
6,winner_seed36,8,winner_seed47,3,7803,1.0,0.0,1,0,0,1,-1,3518,0,3518,150,5.3
6,winner_seed36,7,winner_seed39,19,7719,0.0,1.0,0,0,1,-1,1,0,4905,-4905,204,12.0
6,winner_seed36,8,winner_seed47,1,7801,0.0,1.0,0,0,1,-1,1,0,818,-818,398,9.0
6,winner_seed36,8,winner_seed47,4,7804,1.0,0.0,1,0,0,1,-1,681,0,681,160,4.3
6,winner_seed36,8,winner_seed47,2,7802,0.0,1.0,0,0,1,-1,1,0,3325,-3325,330,13.9
6,winner_seed36,8,winner_seed47,8,7808,1.0,0.0,1,0,0,1,-1,916,0,916,180,5.6
6,winner_seed36,8,winner_seed47,5,7805,1.0,0.0,1,0,0,1,-1,3077,0,3077,168,8.9
6,winner_seed36,8,winner_seed47,10,7810,0.0,1.0,0,0,1,-1,1,0,2403,-2403,248,9.1
6,winner_seed36,8,winner_seed47,9,7809,1.0,0.0,1,0,0,1,-1,1317,0,1317,266,13.8
6,winner_seed36,8,winner_seed47,11,7811,0.0,1.0,0,0,1,-1,1,0,2582,-2582,252,11.9
6,winner_seed36,8,winner_seed47,7,7807,0.0,1.0,0,0,1,-1,1,0,2515,-2515,427,20.9
6,winner_seed36,8,winner_seed47,12,7812,0.0,1.0,0,0,1,-1,1,0,1265,-1265,189,5.4
6,winner_seed36,8,winner_seed47,16,7816,0.0,1.0,0,0,1,-1,1,0,1646,-1646,187,5.2
6,winner_seed36,8,winner_seed47,13,7813,1.0,0.0,1,0,0,1,-1,1881,0,1881,161,7.4
6,winner_seed36,8,winner_seed47,15,7815,1.0,0.0,1,0,0,1,-1,2098,0,2098,203,9.5
6,winner_seed36,8,winner_seed47,14,7814,0.0,1.0,0,0,1,-1,1,0,3475,-3475,254,13.2
6,winner_seed36,8,winner_seed47,19,7819,1.0,0.0,1,0,0,1,-1,2355,0,2355,144,3.6
6,winner_seed36,8,winner_seed47,17,7817,1.0,0.0,1,0,0,1,-1,2588,0,2588,169,8.2
6,winner_seed36,8,winner_seed47,6,7806,1.0,0.0,1,0,0,1,-1,612,728,-116,500,37.8
7,winner_seed39,8,winner_seed47,1,8801,1.0,0.0,1,0,0,1,-1,2762,0,2762,153,7.2
7,winner_seed39,8,winner_seed47,2,8802,0.0,1.0,0,0,1,-1,1,0,2025,-2025,189,7.2
6,winner_seed36,8,winner_seed47,18,7818,0.0,1.0,0,0,1,-1,1,0,3476,-3476,192,14.7
7,winner_seed39,8,winner_seed47,0,8800,0.0,1.0,0,0,1,-1,1,0,2874,-2874,255,12.5
7,winner_seed39,8,winner_seed47,4,8804,1.0,0.0,1,0,0,1,-1,2728,0,2728,124,5.2
7,winner_seed39,8,winner_seed47,3,8803,0.0,1.0,0,0,1,-1,1,0,2567,-2567,237,10.2
7,winner_seed39,8,winner_seed47,9,8809,0.0,1.0,0,0,1,-1,1,0,5113,-5113,177,4.9
7,winner_seed39,8,winner_seed47,8,8808,0.0,1.0,0,0,1,-1,1,0,2872,-2872,172,6.6
7,winner_seed39,8,winner_seed47,6,8806,0.0,1.0,0,0,1,-1,1,0,3693,-3693,316,19.9
7,winner_seed39,8,winner_seed47,7,8807,0.0,1.0,0,0,1,-1,1,0,4989,-4989,300,18.8
7,winner_seed39,8,winner_seed47,11,8811,1.0,0.0,1,0,0,1,-1,2868,0,2868,198,15.0
7,winner_seed39,8,winner_seed47,10,8810,0.0,1.0,0,0,1,-1,1,0,2877,-2877,288,17.9
7,winner_seed39,8,winner_seed47,5,8805,1.0,0.0,1,0,0,1,-1,4252,0,4252,354,30.1
7,winner_seed39,8,winner_seed47,14,8814,0.0,1.0,0,0,1,-1,1,0,2611,-2611,242,8.5
7,winner_seed39,8,winner_seed47,13,8813,0.0,1.0,0,0,1,-1,1,0,2055,-2055,233,12.5
7,winner_seed39,8,winner_seed47,12,8812,1.0,0.0,1,0,0,1,-1,6962,0,6962,319,16.9
7,winner_seed39,8,winner_seed47,15,8815,1.0,0.0,1,0,0,1,-1,1941,0,1941,244,10.1
7,winner_seed39,8,winner_seed47,16,8816,1.0,0.0,1,0,0,1,-1,3951,0,3951,206,11.0
7,winner_seed39,8,winner_seed47,18,8818,0.0,1.0,0,0,1,-1,1,0,3029,-3029,181,6.9
7,winner_seed39,8,winner_seed47,19,8819,1.0,0.0,1,0,0,1,-1,1176,0,1176,185,7.3
7,winner_seed39,8,winner_seed47,17,8817,0.0,1.0,0,0,1,-1,1,0,1389,-1389,260,11.0
