seed,label,opp,win,draw,r0,r1,steps,n0_final,n1_final,ships0_final,ships1_final,prod0_final,prod1_final,ships_diff,time_sec,sr_30,pr_30,sr_100,pr_100,sr_200,pr_200,sr_final,pr_final
4,new_baseline,sub2,1,0,1.0,-1.0,147,32,0,4547.0,0.0,76.0,0.0,4547.0,11.1,0.7589743589743589,0.625,0.7580786026200873,0.8552631578947368,1.0,1.0,1.0,1.0
3,new_baseline,sub2,1,0,1.0,-1.0,142,32,0,4123.0,0.0,80.0,0.0,4123.0,14.6,0.5773584905660377,0.6111111111111112,0.7749210645015787,0.8,1.0,1.0,1.0,1.0
1,new_baseline,sub2,1,0,1.0,-1.0,206,24,0,3458.0,0.0,56.0,0.0,3458.0,17.5,0.5874125874125874,0.5833333333333334,0.5737808739708676,0.5892857142857143,0.9969240233774224,1.0,1.0,1.0
0,new_baseline,sub2,0,0,-1.0,1.0,206,0,32,0.0,4513.0,0.0,92.0,-4513.0,29.4,0.5333333333333333,0.5,0.47291419533412415,0.41304347826086957,0.00413625304136253,0.0,0.0,0.0
2,new_baseline,sub2,1,0,1.0,-1.0,500,19,1,11537.0,646.0,40.0,4.0,10891.0,30.8,0.5789473684210527,0.4090909090909091,0.4342379958246347,0.5227272727272727,0.6088534107402032,0.6590909090909091,0.9469752934416811,0.9090909090909091
5,new_baseline,sub2,1,0,1.0,-1.0,218,32,0,5741.0,0.0,84.0,0.0,5741.0,26.8,0.5756578947368421,0.5263157894736842,0.5935124176381146,0.6351351351351351,0.9931475559616263,1.0,1.0,1.0
6,new_baseline,sub2,1,0,1.0,-1.0,244,28,0,5039.0,0.0,76.0,0.0,5039.0,27.7,0.4627659574468085,0.5833333333333334,0.5100334448160535,0.4473684210526316,0.8934594816947758,0.9078947368421053,1.0,1.0
7,new_baseline,sub2,0,0,-1.0,1.0,197,0,36,0.0,3035.0,0.0,80.0,-3035.0,28.6,0.5151515151515151,0.4,0.4884182660489742,0.45588235294117646,0.0,0.0,0.0,0.0
8,new_baseline,sub2,0,0,-1.0,1.0,148,0,32,0.0,3001.0,0.0,104.0,-3001.0,19.8,0.5375722543352601,0.5625,0.4548802946593002,0.49038461538461536,0.0,0.0,0.0,0.0
10,new_baseline,sub2,0,0,-1.0,1.0,151,0,28,0.0,3449.0,0.0,88.0,-3449.0,16.9,0.536115569823435,0.43902439024390244,0.35160851835070234,0.42045454545454547,0.0,0.0,0.0,0.0
9,new_baseline,sub2,1,0,1.0,-1.0,209,32,0,3882.0,0.0,76.0,0.0,3882.0,31.7,0.5059880239520959,0.41025641025641024,0.5290806754221389,0.5466666666666666,0.9975997599759976,1.0,1.0,1.0
13,new_baseline,sub2,1,0,1.0,-1.0,198,24,0,2419.0,0.0,48.0,0.0,2419.0,14.3,0.4879518072289157,0.5,0.6173664122137404,0.7058823529411765,1.0,1.0,1.0,1.0
11,new_baseline,sub2,1,0,1.0,-1.0,229,36,0,8357.0,0.0,92.0,0.0,8357.0,34.3,0.48214285714285715,0.5641025641025641,0.6413867822318526,0.6195652173913043,0.9762398341572317,0.9456521739130435,1.0,1.0
15,new_baseline,sub2,1,0,1.0,-1.0,192,32,0,6272.0,0.0,84.0,0.0,6272.0,20.1,0.5532786885245902,0.5555555555555556,0.5998197386210005,0.5476190476190477,1.0,1.0,1.0,1.0
12,new_baseline,sub2,1,0,1.0,-1.0,319,32,0,13824.0,0.0,88.0,0.0,13824.0,37.9,0.6285714285714286,0.8,0.5976203353163873,0.49382716049382713,0.9195936639118457,0.9204545454545454,1.0,1.0
14,new_baseline,sub2,0,0,-1.0,1.0,192,0,28,0.0,3096.0,0.0,92.0,-3096.0,30.9,0.573170731707317,0.5862068965517241,0.515426497277677,0.43478260869565216,0.0,0.0,0.0,0.0
16,new_baseline,sub2,1,0,1.0,-1.0,185,28,0,3369.0,0.0,80.0,0.0,3369.0,24.1,0.730909090909091,0.6111111111111112,0.608,0.6,1.0,1.0,1.0,1.0
18,new_baseline,sub2,1,0,1.0,-1.0,230,20,0,3966.0,0.0,52.0,0.0,3966.0,15.6,0.4944237918215613,0.5,0.5873925501432665,0.5490196078431373,0.954403063000348,0.9423076923076923,1.0,1.0
20,new_baseline,sub2,0,0,-1.0,1.0,139,0,32,0.0,2969.0,0.0,92.0,-2969.0,17.9,0.41379310344827586,0.5,0.34237901402080506,0.31521739130434784,0.0,0.0,0.0,0.0
21,new_baseline,sub2,1,0,1.0,-1.0,187,36,0,4778.0,0.0,68.0,0.0,4778.0,16.3,0.48936170212765956,0.625,0.7554776511831727,0.8113207547169812,1.0,1.0,1.0,1.0
19,new_baseline,sub2,1,0,1.0,-1.0,255,25,0,5526.0,0.0,69.0,0.0,5526.0,20.3,0.4821002386634845,0.43333333333333335,0.5031152647975078,0.5441176470588235,0.8801498127340824,0.75,1.0,1.0
24,new_baseline,sub2,1,0,1.0,-1.0,167,28,0,2667.0,0.0,52.0,0.0,2667.0,11.0,0.432258064516129,0.6,0.5854601701469451,0.7,1.0,1.0,1.0,1.0
17,new_baseline,sub2,0,0,-1.0,1.0,245,0,32,0.0,4626.0,0.0,96.0,-4626.0,41.4,0.5867346938775511,0.6,0.49498910675381264,0.43010752688172044,0.27302275189599134,0.2708333333333333,0.0,0.0
25,new_baseline,sub2,1,0,1.0,-1.0,243,20,0,4830.0,0.0,64.0,0.0,4830.0,13.9,0.5234375,0.5,0.5389937106918239,0.5806451612903226,0.9669133652590335,1.0,1.0,1.0
23,new_baseline,sub2,0,0,-1.0,1.0,132,0,28,0.0,3403.0,0.0,88.0,-3403.0,14.6,0.35294117647058826,0.5161290322580645,0.24257206208425722,0.2727272727272727,0.0,0.0,0.0,0.0
26,new_baseline,sub2,1,0,1.0,-1.0,209,24,0,4371.0,0.0,64.0,0.0,4371.0,14.0,0.5435897435897435,0.625,0.6177228232869655,0.6779661016949152,0.9977318548387096,1.0,1.0,1.0
28,new_baseline,sub2,0,0,-1.0,1.0,193,0,28,0.0,4523.0,0.0,104.0,-4523.0,23.1,0.6589958158995816,0.6470588235294118,0.47963636363636364,0.3942307692307692,0.0,0.0,0.0,0.0
22,new_baseline,sub2,0,0,-1.0,1.0,234,0,32,0.0,3534.0,0.0,96.0,-3534.0,44.0,0.5306122448979592,0.4444444444444444,0.4879492600422833,0.43333333333333335,0.31062569418733804,0.2608695652173913,0.0,0.0
27,new_baseline,sub2,1,0,1.0,-1.0,227,36,0,8090.0,0.0,96.0,0.0,8090.0,26.7,0.5421052631578948,0.6875,0.7475128644939966,0.7439024390243902,0.9561904761904761,0.9270833333333334,1.0,1.0
1,ng_1,sub2,1,0,1.0,-1.0,134,24,0,3170.0,0.0,68.0,0.0,3170.0,11.5,0.5986394557823129,0.5238095238095238,0.8613445378151261,0.921875,1.0,1.0,1.0,1.0
0,ng_1,sub2,1,0,1.0,-1.0,193,32,0,5131.0,0.0,92.0,0.0,5131.0,25.3,0.5394456289978679,0.5476190476190477,0.6234567901234568,0.5652173913043478,1.0,1.0,1.0,1.0
2,ng_1,sub2,0,0,-1.0,1.0,141,0,32,0.0,3046.0,0.0,88.0,-3046.0,14.7,0.35353535353535354,0.6,0.3735105407882676,0.26136363636363635,0.0,0.0,0.0,0.0
3,ng_1,sub2,1,0,1.0,-1.0,160,32,0,3171.0,0.0,64.0,0.0,3171.0,13.5,0.35443037974683544,0.6666666666666666,0.8345626975763962,0.6595744680851063,1.0,1.0,1.0,1.0
29,new_baseline,sub2,0,0,-1.0,1.0,210,0,36,0.0,3063.0,0.0,88.0,-3063.0,40.8,0.5213675213675214,0.5714285714285714,0.5165505226480837,0.47058823529411764,0.0831187936741449,0.011363636363636364,0.0,0.0
4,ng_1,sub2,0,0,-1.0,1.0,154,0,40,0.0,3606.0,0.0,72.0,-3606.0,16.4,0.4855072463768116,0.5333333333333333,0.24266862170087977,0.22580645161290322,0.0,0.0,0.0,0.0
6,ng_1,sub2,1,0,1.0,-1.0,192,24,0,5751.0,0.0,92.0,0.0,5751.0,16.7,0.6724137931034483,0.8571428571428571,0.6561807709348693,0.5625,1.0,1.0,1.0,1.0
7,ng_1,sub2,0,0,-1.0,1.0,166,0,28,0.0,3112.0,0.0,84.0,-3112.0,16.8,0.5841995841995842,0.46808510638297873,0.4136941369413694,0.4375,0.0,0.0,0.0,0.0
8,ng_1,sub2,0,0,-1.0,1.0,161,0,32,0.0,2012.0,0.0,76.0,-2012.0,18.2,0.6415094339622641,0.2857142857142857,0.45705384957721407,0.4861111111111111,0.0,0.0,0.0,0.0
5,ng_1,sub2,0,0,-1.0,1.0,226,0,32,0.0,3893.0,0.0,80.0,-3893.0,32.5,0.5152354570637119,0.5277777777777778,0.49958779884583676,0.525,0.05650764242704956,0.0125,0.0,0.0
10,ng_1,sub2,0,0,-1.0,1.0,170,0,32,0.0,2931.0,0.0,76.0,-2931.0,17.0,0.4525862068965517,0.5333333333333333,0.42875647668393785,0.4090909090909091,0.0,0.0,0.0,0.0
11,ng_1,sub2,1,0,1.0,-1.0,194,32,0,4024.0,0.0,68.0,0.0,4024.0,18.0,0.5918367346938775,0.5,0.6302578018995929,0.6440677966101694,1.0,1.0,1.0,1.0
9,ng_1,sub2,1,0,1.0,-1.0,231,32,0,5252.0,0.0,116.0,0.0,5252.0,32.7,0.5454545454545454,0.47368421052631576,0.5306039724361573,0.4864864864864865,0.810446957458266,0.7758620689655172,1.0,1.0
12,ng_1,sub2,0,0,-1.0,1.0,191,0,32,0.0,3829.0,0.0,88.0,-3829.0,26.5,0.4666666666666667,0.4375,0.44250304754164976,0.45454545454545453,0.0,0.0,0.0,0.0
13,ng_1,sub2,1,0,1.0,-1.0,162,34,0,5772.0,0.0,98.0,0.0,5772.0,17.2,0.49262536873156343,0.5384615384615384,0.7158746208291203,0.7083333333333334,1.0,1.0,1.0,1.0
17,ng_1,sub2,0,0,-1.0,1.0,206,0,20,0.0,2344.0,0.0,56.0,-2344.0,14.2,0.4811715481171548,0.5625,0.4816849816849817,0.5,0.022622345337026777,0.0,0.0,0.0
15,ng_1,sub2,0,0,-1.0,1.0,198,0,28,0.0,2733.0,0.0,80.0,-2733.0,25.7,0.4838709677419355,0.46153846153846156,0.5095628415300546,0.5657894736842105,0.0,0.0,0.0,0.0
18,ng_1,sub2,1,0,1.0,-1.0,256,20,0,5249.0,0.0,48.0,0.0,5249.0,16.5,0.4155844155844156,0.5652173913043478,0.5204143814747105,0.5,0.9374474053295933,0.8958333333333334,1.0,1.0
20,ng_1,sub2,0,0,-1.0,1.0,96,0,17,0.0,1524.0,0.0,61.0,-1524.0,4.4,0.5263157894736842,0.38461538461538464,0.0,0.0,0.0,0.0,0.0,0.0
14,ng_1,sub2,0,0,-1.0,1.0,274,0,36,0.0,3375.0,0.0,72.0,-3375.0,32.7,0.4632768361581921,0.4375,0.5399433427762039,0.5172413793103449,0.48729911871435977,0.36923076923076925,0.0,0.0
19,ng_1,sub2,0,0,-1.0,1.0,152,0,28,0.0,2469.0,0.0,72.0,-2469.0,8.5,0.5269461077844312,0.38461538461538464,0.25412293853073464,0.3269230769230769,0.0,0.0,0.0,0.0
23,ng_1,sub2,0,0,-1.0,1.0,195,0,24,0.0,2682.0,0.0,60.0,-2682.0,12.8,0.5071428571428571,0.35714285714285715,0.35414725069897485,0.425,0.0,0.0,0.0,0.0
21,ng_1,sub2,1,0,1.0,-1.0,162,37,0,3735.0,0.0,73.0,0.0,3735.0,17.8,0.4519230769230769,0.6666666666666666,0.6840946615299945,0.582089552238806,1.0,1.0,1.0,1.0
16,ng_1,sub2,1,0,1.0,-1.0,304,28,0,5342.0,0.0,88.0,0.0,5342.0,40.9,0.5757575757575758,0.49122807017543857,0.5332414743368928,0.4772727272727273,0.5529847292919945,0.5795454545454546,1.0,1.0
25,ng_1,sub2,1,0,1.0,-1.0,206,24,0,3200.0,0.0,60.0,0.0,3200.0,14.7,0.5648854961832062,0.6111111111111112,0.6295835922933499,0.5961538461538461,0.9888392857142857,0.9666666666666667,1.0,1.0
24,ng_1,sub2,1,0,1.0,-1.0,377,24,0,13017.0,0.0,84.0,0.0,13017.0,26.4,0.42718446601941745,0.631578947368421,0.5347938144329897,0.5789473684210527,0.879472693032015,0.8,1.0,1.0
26,ng_1,sub2,0,0,-1.0,1.0,171,0,32,0.0,4978.0,0.0,104.0,-4978.0,16.0,0.48412698412698413,0.6410256410256411,0.44873756694720734,0.39,0.0,0.0,0.0,0.0
22,ng_1,sub2,1,0,1.0,-1.0,200,36,0,4362.0,0.0,72.0,0.0,4362.0,31.6,0.549520766773163,0.6363636363636364,0.6713615023474179,0.6388888888888888,1.0,1.0,1.0,1.0
1,ng_3,sub2,0,0,-1.0,1.0,118,0,24,0.0,2622.0,0.0,84.0,-2622.0,10.5,0.5084033613445378,0.5135135135135135,0.18610679108346292,0.05952380952380952,0.0,0.0,0.0,0.0
28,ng_1,sub2,1,0,1.0,-1.0,181,33,0,3266.0,0.0,65.0,0.0,3266.0,16.3,0.5114503816793893,0.6666666666666666,0.73501303214596,0.6379310344827587,1.0,1.0,1.0,1.0
27,ng_1,sub2,0,0,-1.0,1.0,176,0,36,0.0,4193.0,0.0,108.0,-4193.0,29.3,0.5044563279857398,0.5238095238095238,0.4481171548117155,0.5,0.0,0.0,0.0,0.0
0,ng_3,sub2,0,0,-1.0,1.0,183,0,36,0.0,4313.0,0.0,116.0,-4313.0,26.6,0.6785714285714286,0.7307692307692307,0.4867704280155642,0.4392523364485981,0.0,0.0,0.0,0.0
3,ng_3,sub2,1,0,1.0,-1.0,156,32,0,4356.0,0.0,76.0,0.0,4356.0,14.3,0.578125,0.6428571428571429,0.6685690990623726,0.6164383561643836,1.0,1.0,1.0,1.0
4,ng_3,sub2,1,0,1.0,-1.0,194,36,0,7944.0,0.0,108.0,0.0,7944.0,18.1,0.6311475409836066,0.8888888888888888,0.8568173186479301,0.6931818181818182,1.0,1.0,1.0,1.0
29,ng_1,sub2,1,0,1.0,-1.0,230,40,0,7266.0,0.0,96.0,0.0,7266.0,40.7,0.5544554455445545,0.7272727272727273,0.5787626151820974,0.4946236559139785,0.9447937131630648,0.9791666666666666,1.0,1.0
2,ng_3,sub2,1,0,1.0,-1.0,218,32,0,3191.0,0.0,68.0,0.0,3191.0,30.9,0.5313807531380753,0.5333333333333333,0.5384092454112849,0.6774193548387096,0.9233476730543606,0.9852941176470589,1.0,1.0
5,ng_3,sub2,0,0,-1.0,1.0,203,0,24,0.0,2225.0,0.0,68.0,-2225.0,15.5,0.48095238095238096,0.5384615384615384,0.4914559125085441,0.4375,0.02501136880400182,0.0,0.0,0.0
10,ng_3,sub2,0,0,-1.0,1.0,192,0,20,0.0,2545.0,0.0,64.0,-2545.0,12.9,0.38823529411764707,0.5185185185185185,0.5256064690026954,0.515625,0.0,0.0,0.0,0.0
6,ng_3,sub2,0,0,-1.0,1.0,233,0,27,0.0,2003.0,0.0,71.0,-2003.0,31.6,0.5735294117647058,0.5,0.5201938610662359,0.5352112676056338,0.36480496453900707,0.2535211267605634,0.0,0.0
9,ng_3,sub2,1,0,1.0,-1.0,156,29,0,3955.0,0.0,81.0,0.0,3955.0,17.1,0.6141732283464567,0.5909090909090909,0.6759708737864077,0.6712328767123288,1.0,1.0,1.0,1.0
8,ng_3,sub2,1,0,1.0,-1.0,263,24,0,4448.0,0.0,64.0,0.0,4448.0,22.2,0.518324607329843,0.42857142857142855,0.5096544715447154,0.578125,0.6972573839662447,0.859375,1.0,1.0
7,ng_3,sub2,0,0,-1.0,1.0,176,0,36,0.0,2944.0,0.0,88.0,-2944.0,29.7,0.5060240963855421,0.5277777777777778,0.5695012264922322,0.40476190476190477,0.0,0.0,0.0,0.0
11,ng_3,sub2,1,0,1.0,-1.0,157,33,0,5034.0,0.0,93.0,0.0,5034.0,16.8,0.5386904761904762,0.6153846153846154,0.7323874755381604,0.7692307692307693,1.0,1.0,1.0,1.0
13,ng_3,sub2,0,0,-1.0,1.0,129,0,36,0.0,2518.0,0.0,72.0,-2518.0,20.9,0.4645669291338583,0.42105263157894735,0.19606828763579928,0.21739130434782608,0.0,0.0,0.0,0.0
15,ng_3,sub2,1,0,1.0,-1.0,243,24,0,4302.0,0.0,56.0,0.0,4302.0,14.9,0.5,0.5,0.49886792452830186,0.6046511627906976,0.9449288664525012,1.0,1.0,1.0
14,ng_3,sub2,1,0,1.0,-1.0,278,22,0,3628.0,0.0,62.0,0.0,3628.0,19.3,0.4723926380368098,0.5,0.5332348596750369,0.45,0.6339285714285714,0.6,1.0,1.0
18,ng_3,sub2,0,0,-1.0,1.0,156,0,24,0.0,3837.0,0.0,88.0,-3837.0,11.1,0.4527027027027027,0.42857142857142855,0.39263803680981596,0.3333333333333333,0.0,0.0,0.0,0.0
12,ng_3,sub2,1,0,1.0,-1.0,229,32,0,7098.0,0.0,100.0,0.0,7098.0,39.2,0.5611650485436893,0.5,0.5436077057793345,0.53,0.9925288657459814,1.0,1.0,1.0
20,ng_3,sub2,1,0,1.0,-1.0,147,28,0,2738.0,0.0,80.0,0.0,2738.0,14.2,0.45936395759717313,0.5,0.6583172768143867,0.5466666666666666,1.0,1.0,1.0,1.0
21,ng_3,sub2,0,0,-1.0,1.0,168,0,28,0.0,3008.0,0.0,60.0,-3008.0,12.6,0.5526315789473685,0.5,0.3531544597534445,0.26785714285714285,0.0,0.0,0.0,0.0
19,ng_3,sub2,1,0,1.0,-1.0,228,32,0,5819.0,0.0,96.0,0.0,5819.0,32.3,0.5220125786163522,0.56,0.5267452402538532,0.5714285714285714,0.9804560260586319,1.0,1.0,1.0
16,ng_3,sub2,1,0,1.0,-1.0,300,32,0,4269.0,0.0,76.0,0.0,4269.0,49.0,0.5138339920948617,0.5135135135135135,0.46141392336751214,0.5,0.5448402948402948,0.6027397260273972,1.0,1.0
23,ng_3,sub2,0,0,-1.0,1.0,142,0,23,0.0,2474.0,0.0,82.0,-2474.0,11.2,0.5492537313432836,0.4166666666666667,0.40235849056603773,0.36585365853658536,0.0,0.0,0.0,0.0
17,ng_3,sub2,0,0,-1.0,1.0,236,0,32,0.0,6078.0,0.0,100.0,-6078.0,42.9,0.5083798882681564,0.6111111111111112,0.5377539287083174,0.44,0.11353583013860218,0.05,0.0,0.0
22,ng_3,sub2,0,0,-1.0,1.0,186,0,32,0.0,3653.0,0.0,80.0,-3653.0,19.0,0.5522388059701493,0.6428571428571429,0.5445859872611465,0.4605263157894737,0.0,0.0,0.0,0.0
24,ng_3,sub2,0,0,-1.0,1.0,165,0,40,0.0,3619.0,0.0,88.0,-3619.0,25.7,0.5193370165745856,0.5294117647058824,0.40087719298245617,0.5,0.0,0.0,0.0,0.0
28,ng_3,sub2,1,0,1.0,-1.0,167,33,0,4324.0,0.0,61.0,0.0,4324.0,16.4,0.42028985507246375,0.5,0.7533206831119544,0.7586206896551724,1.0,1.0,1.0,1.0
25,ng_3,sub2,0,0,-1.0,1.0,201,0,28,0.0,2609.0,0.0,60.0,-2609.0,20.8,0.4262295081967213,0.5454545454545454,0.43963254593175854,0.42105263157894735,0.0,0.0,0.0,0.0
26,ng_3,sub2,1,0,1.0,-1.0,173,33,0,4176.0,0.0,69.0,0.0,4176.0,22.8,0.6363636363636364,0.4642857142857143,0.666871921182266,0.7727272727272727,1.0,1.0,1.0,1.0
27,ng_3,sub2,0,0,-1.0,1.0,172,0,36,0.0,4344.0,0.0,100.0,-4344.0,24.3,0.4820717131474104,0.4888888888888889,0.42921013412816694,0.46875,0.0,0.0,0.0,0.0
2,prio_0.9,sub2,1,0,1.0,-1.0,174,26,0,4083.0,0.0,70.0,0.0,4083.0,10.9,0.5223367697594502,0.5294117647058824,0.6234194612424409,0.6470588235294118,1.0,1.0,1.0,1.0
1,prio_0.9,sub2,1,0,1.0,-1.0,214,32,0,7849.0,0.0,80.0,0.0,7849.0,16.7,0.5379061371841155,0.6875,0.7355793772332823,0.6571428571428571,0.9988343290106367,1.0,1.0,1.0
0,prio_0.9,sub2,0,0,-1.0,1.0,183,0,28,0.0,3698.0,0.0,92.0,-3698.0,20.6,0.4977168949771689,0.4230769230769231,0.4646808510638298,0.4146341463414634,0.0,0.0,0.0,0.0
4,prio_0.9,sub2,1,0,1.0,-1.0,138,36,0,4478.0,0.0,88.0,0.0,4478.0,12.3,0.4444444444444444,0.6190476190476191,0.8633512544802867,0.8850574712643678,1.0,1.0,1.0,1.0
3,prio_0.9,sub2,0,0,-1.0,1.0,213,0,32,0.0,3702.0,0.0,80.0,-3702.0,26.7,0.35,0.8,0.5325638911788954,0.4057971014492754,0.04791598293403348,0.05,0.0,0.0
7,prio_0.9,sub2,0,0,-1.0,1.0,139,0,20,0.0,2405.0,0.0,60.0,-2405.0,8.7,0.5497382198952879,0.5,0.26258992805755393,0.2413793103448276,0.0,0.0,0.0,0.0
29,ng_3,sub2,0,0,-1.0,1.0,248,0,36,0.0,2770.0,0.0,68.0,-2770.0,40.7,0.6178343949044586,0.5,0.5213815789473685,0.5084745762711864,0.3039161610590182,0.328125,0.0,0.0
6,prio_0.9,sub2,1,0,1.0,-1.0,201,32,0,7574.0,0.0,92.0,0.0,7574.0,18.9,0.7374301675977654,0.8695652173913043,0.8153310104529616,0.8,1.0,1.0,1.0,1.0
8,prio_0.9,sub2,0,0,-1.0,1.0,142,0,28,0.0,3085.0,0.0,88.0,-3085.0,15.6,0.516295025728988,0.4878048780487805,0.3973301923831959,0.3409090909090909,0.0,0.0,0.0,0.0
5,prio_0.9,sub2,1,0,1.0,-1.0,230,28,0,5559.0,0.0,84.0,0.0,5559.0,32.6,0.5104602510460251,0.4666666666666667,0.5176390773405699,0.5357142857142857,0.9424283765347885,0.9404761904761905,1.0,1.0
11,prio_0.9,sub2,1,0,1.0,-1.0,195,28,0,3351.0,0.0,68.0,0.0,3351.0,13.6,0.5,0.5,0.7172523961661342,0.65625,1.0,1.0,1.0,1.0
10,prio_0.9,sub2,1,0,1.0,-1.0,160,34,0,3628.0,0.0,78.0,0.0,3628.0,16.3,0.6065573770491803,0.7333333333333333,0.760625,0.6923076923076923,1.0,1.0,1.0,1.0
13,prio_0.9,sub2,0,0,-1.0,1.0,173,0,24,0.0,3035.0,0.0,68.0,-3035.0,11.1,0.5709090909090909,0.45454545454545453,0.4511904761904762,0.3387096774193548,0.0,0.0,0.0,0.0
14,prio_0.9,sub2,0,0,-1.0,1.0,149,0,28,0.0,2849.0,0.0,76.0,-2849.0,12.6,0.3827751196172249,0.5,0.3481858688733291,0.33783783783783783,0.0,0.0,0.0,0.0
9,prio_0.9,sub2,1,0,1.0,-1.0,266,39,0,4840.0,0.0,75.0,0.0,4840.0,38.2,0.5426829268292683,0.625,0.5742481203007519,0.5272727272727272,0.8200980392156862,0.7575757575757576,1.0,1.0
15,prio_0.9,sub2,0,0,-1.0,1.0,237,0,24,0.0,2590.0,0.0,64.0,-2590.0,22.3,0.544529262086514,0.5652173913043478,0.5283116883116883,0.515625,0.26239907727797,0.125,0.0,0.0
16,prio_0.9,sub2,1,0,1.0,-1.0,228,24,0,3894.0,0.0,60.0,0.0,3894.0,17.9,0.5864406779661017,0.5862068965517241,0.575287643821911,0.5166666666666667,0.9801077496891836,1.0,1.0,1.0
12,prio_0.9,sub2,1,0,1.0,-1.0,284,32,0,5511.0,0.0,88.0,0.0,5511.0,40.4,0.5021645021645021,0.5,0.5698992443324937,0.4875,0.7995715305879553,0.8181818181818182,1.0,1.0
19,prio_0.9,sub2,1,0,1.0,-1.0,183,24,0,3298.0,0.0,64.0,0.0,3298.0,14.2,0.5497835497835498,0.6190476190476191,0.6332070707070707,0.6031746031746031,1.0,1.0,1.0,1.0
18,prio_0.9,sub2,1,0,1.0,-1.0,227,28,0,2919.0,0.0,60.0,0.0,2919.0,22.1,0.5740740740740741,0.6923076923076923,0.6021634615384616,0.4727272727272727,0.8988505747126436,0.9666666666666667,1.0,1.0
20,prio_0.9,sub2,0,0,-1.0,1.0,185,0,28,0.0,4358.0,0.0,88.0,-4358.0,18.8,0.49056603773584906,0.5161290322580645,0.43651626442812175,0.3181818181818182,0.0,0.0,0.0,0.0
22,prio_0.9,sub2,1,0,1.0,-1.0,197,24,0,2053.0,0.0,52.0,0.0,2053.0,13.5,0.5023923444976076,0.5833333333333334,0.5802180685358256,0.5227272727272727,1.0,1.0,1.0,1.0
24,prio_0.9,sub2,0,0,-1.0,1.0,150,0,23,0.0,1182.0,0.0,39.0,-1182.0,10.1,0.5084745762711864,0.4,0.29906542056074764,0.2222222222222222,0.0,0.0,0.0,0.0
21,prio_0.9,sub2,0,0,-1.0,1.0,154,0,36,0.0,3319.0,0.0,84.0,-3319.0,25.2,0.4538606403013183,0.5116279069767442,0.3997599039615846,0.4125,0.0,0.0,0.0,0.0
23,prio_0.9,sub2,1,0,1.0,-1.0,223,28,0,5362.0,0.0,88.0,0.0,5362.0,22.9,0.5043988269794721,0.4897959183673469,0.48261758691206547,0.5795454545454546,0.9448118006103764,0.9659090909090909,1.0,1.0
25,prio_0.9,sub2,1,0,1.0,-1.0,167,30,0,2980.0,0.0,70.0,0.0,2980.0,14.9,0.5277777777777778,0.5714285714285714,0.6411314083677078,0.5692307692307692,1.0,1.0,1.0,1.0
17,prio_0.9,sub2,1,0,1.0,-1.0,283,36,0,4452.0,0.0,68.0,0.0,4452.0,53.9,0.6,0.6666666666666666,0.5098983413590155,0.4626865671641791,0.646568821896073,0.7058823529411765,1.0,1.0
27,prio_0.9,sub2,0,0,-1.0,1.0,207,0,19,0.0,1940.0,0.0,55.0,-1940.0,13.7,0.5089285714285714,0.5,0.5628778718258767,0.5769230769230769,0.019631171921475312,0.09090909090909091,0.0,0.0
26,prio_0.9,sub2,0,0,-1.0,1.0,168,0,40,0.0,4737.0,0.0,68.0,-4737.0,20.1,0.48286604361370716,0.5294117647058824,0.19833729216152018,0.11290322580645161,0.0,0.0,0.0,0.0
28,prio_0.9,sub2,1,0,1.0,-1.0,144,28,0,5350.0,0.0,84.0,0.0,5350.0,10.1,0.5151515151515151,0.4827586206896552,0.8684106222750694,0.891566265060241,1.0,1.0,1.0,1.0
29,prio_0.9,sub2,0,0,-1.0,1.0,198,0,28,0.0,2210.0,0.0,40.0,-2210.0,14.1,0.5,0.5,0.5224719101123596,0.40625,0.0,0.0,0.0,0.0
0,prio_1.0,sub2,0,0,-1.0,1.0,192,0,24,0.0,2070.0,0.0,48.0,-2070.0,16.1,0.4755244755244755,0.5625,0.4660633484162896,0.4,0.0,0.0,0.0,0.0
3,prio_1.0,sub2,0,0,-1.0,1.0,184,0,24,0.0,4929.0,0.0,84.0,-4929.0,13.5,0.5489296636085627,0.5,0.39939420164430983,0.38095238095238093,0.0,0.0,0.0,0.0
1,prio_1.0,sub2,1,0,1.0,-1.0,164,36,0,5965.0,0.0,88.0,0.0,5965.0,15.2,0.6461538461538462,0.75,0.7776141384388807,0.8160919540229885,1.0,1.0,1.0,1.0
4,prio_1.0,sub2,0,0,-1.0,1.0,150,0,24,0.0,3164.0,0.0,72.0,-3164.0,10.9,0.46153846153846156,0.4166666666666667,0.24747174301011302,0.3188405797101449,0.0,0.0,0.0,0.0
6,prio_1.0,sub2,1,0,1.0,-1.0,160,30,0,3959.0,0.0,66.0,0.0,3959.0,10.3,0.43478260869565216,0.875,0.9028620988725065,0.9411764705882353,1.0,1.0,1.0,1.0
2,prio_1.0,sub2,0,0,-1.0,1.0,192,0,32,0.0,3599.0,0.0,84.0,-3599.0,26.0,0.548,0.5769230769230769,0.5093250444049734,0.5238095238095238,0.0,0.0,0.0,0.0
8,prio_1.0,sub2,0,0,-1.0,1.0,161,0,28,0.0,3692.0,0.0,84.0,-3692.0,14.9,0.5652173913043478,0.5882352941176471,0.4385228703315149,0.325,0.0,0.0,0.0,0.0
9,prio_1.0,sub2,1,0,1.0,-1.0,154,24,0,4059.0,0.0,68.0,0.0,4059.0,9.3,0.6229508196721312,0.6,0.7875920084121977,0.8529411764705882,1.0,1.0,1.0,1.0
10,prio_1.0,sub2,0,0,-1.0,1.0,149,0,20,0.0,1861.0,0.0,60.0,-1861.0,9.1,0.4979919678714859,0.5263157894736842,0.4321179208688906,0.3333333333333333,0.0,0.0,0.0,0.0
5,prio_1.0,sub2,1,0,1.0,-1.0,308,20,0,3459.0,0.0,68.0,0.0,3459.0,28.8,0.4532871972318339,0.46153846153846156,0.4989010989010989,0.5,0.5632805995004163,0.4852941176470588,1.0,1.0
11,prio_1.0,sub2,0,0,-1.0,1.0,221,0,20,0.0,1996.0,0.0,56.0,-1996.0,16.1,0.36752136752136755,0.5555555555555556,0.4830148619957537,0.46808510638297873,0.18888888888888888,0.16071428571428573,0.0,0.0
7,prio_1.0,sub2,1,0,1.0,-1.0,283,32,0,9946.0,0.0,96.0,0.0,9946.0,36.3,0.6052631578947368,0.4090909090909091,0.5834882856080327,0.5,0.9693953719830803,0.9479166666666666,1.0,1.0
12,prio_1.0,sub2,1,0,1.0,-1.0,172,36,0,6175.0,0.0,92.0,0.0,6175.0,18.1,0.5,0.65625,0.7373595505617978,0.7261904761904762,1.0,1.0,1.0,1.0
13,prio_1.0,sub2,1,0,1.0,-1.0,172,35,0,4242.0,0.0,75.0,0.0,4242.0,18.4,0.5775862068965517,0.5555555555555556,0.7104773713577185,0.6065573770491803,1.0,1.0,1.0,1.0
14,prio_1.0,sub2,0,0,-1.0,1.0,211,0,28,0.0,2621.0,0.0,84.0,-2621.0,21.7,0.603225806451613,0.6666666666666666,0.5329566854990584,0.42857142857142855,0.13588026782197715,0.08333333333333333,0.0,0.0
17,prio_1.0,sub2,1,0,1.0,-1.0,146,32,0,4003.0,0.0,76.0,0.0,4003.0,10.6,0.5,0.5,0.8725212464589235,0.9117647058823529,1.0,1.0,1.0,1.0
15,prio_1.0,sub2,1,0,1.0,-1.0,147,32,0,4810.0,0.0,80.0,0.0,4810.0,15.5,0.4976190476190476,0.5483870967741935,0.8213984835720304,0.8,1.0,1.0,1.0,1.0
18,prio_1.0,sub2,1,0,1.0,-1.0,178,36,0,4398.0,0.0,64.0,0.0,4398.0,19.5,0.60431654676259,0.7272727272727273,0.7419127988748242,0.6666666666666666,1.0,1.0,1.0,1.0
16,prio_1.0,sub2,0,0,-1.0,1.0,184,0,28,0.0,3332.0,0.0,96.0,-3332.0,24.2,0.6341991341991342,0.6097560975609756,0.473731884057971,0.4375,0.0,0.0,0.0,0.0
21,prio_1.0,sub2,0,0,-1.0,1.0,234,0,24,0.0,2107.0,0.0,52.0,-2107.0,18.8,0.5514705882352942,0.5789473684210527,0.5331412103746398,0.48,0.2630945213726671,0.3269230769230769,0.0,0.0
19,prio_1.0,sub2,1,0,1.0,-1.0,224,32,0,6297.0,0.0,84.0,0.0,6297.0,29.4,0.5138888888888888,0.5,0.5170509905813576,0.5421686746987951,0.9941480981318929,1.0,1.0,1.0
20,prio_1.0,sub2,0,0,-1.0,1.0,186,0,32,0.0,2467.0,0.0,68.0,-2467.0,25.3,0.5108108108108108,0.5,0.42635270541082165,0.47058823529411764,0.0,0.0,0.0,0.0
23,prio_1.0,sub2,0,0,-1.0,1.0,142,0,32,0.0,2952.0,0.0,84.0,-2952.0,18.4,0.4411134903640257,0.5121951219512195,0.2991150442477876,0.35365853658536583,0.0,0.0,0.0,0.0
26,prio_1.0,sub2,1,0,1.0,-1.0,183,28,0,4824.0,0.0,80.0,0.0,4824.0,8.9,0.4264705882352941,0.8571428571428571,0.672972972972973,0.5735294117647058,1.0,1.0,1.0,1.0
27,prio_1.0,sub2,0,0,-1.0,1.0,189,0,20,0.0,2198.0,0.0,48.0,-2198.0,11.3,0.5,0.5,0.40476190476190477,0.44680851063829785,0.0,0.0,0.0,0.0
28,prio_1.0,sub2,0,0,-1.0,1.0,125,0,28,0.0,2960.0,0.0,84.0,-2960.0,11.8,0.5247747747747747,0.5151515151515151,0.27314390467461047,0.13095238095238096,0.0,0.0,0.0,0.0
22,prio_1.0,sub2,0,0,-1.0,1.0,258,0,31,0.0,3318.0,0.0,79.0,-3318.0,38.5,0.6,0.7,0.5454545454545454,0.4594594594594595,0.35896269335759784,0.39473684210526316,0.0,0.0
24,prio_1.0,sub2,1,0,1.0,-1.0,203,36,0,3999.0,0.0,76.0,0.0,3999.0,30.5,0.62751677852349,0.5652173913043478,0.6026727509778357,0.5616438356164384,0.9979386755990725,1.0,1.0,1.0
1,prio_1.1,sub2,1,0,1.0,-1.0,130,28,0,3415.0,0.0,64.0,0.0,3415.0,7.3,0.7918367346938775,0.625,0.958262831359278,1.0,1.0,1.0,1.0,1.0
25,prio_1.0,sub2,1,0,1.0,-1.0,279,35,0,4270.0,0.0,91.0,0.0,4270.0,36.1,0.4875,0.6923076923076923,0.48474801061007955,0.44871794871794873,0.6276733635774465,0.6477272727272727,1.0,1.0
29,prio_1.0,sub2,1,0,1.0,-1.0,184,24,0,3728.0,0.0,68.0,0.0,3728.0,21.6,0.4463667820069204,0.6086956521739131,0.5701447828257613,0.5441176470588235,1.0,1.0,1.0,1.0
3,prio_1.1,sub2,1,0,1.0,-1.0,227,24,0,2858.0,0.0,64.0,0.0,2858.0,12.5,0.5909090909090909,0.25,0.5258358662613982,0.5,0.9165432098765433,0.9333333333333333,1.0,1.0
0,prio_1.1,sub2,1,0,1.0,-1.0,257,34,0,5940.0,0.0,70.0,0.0,5940.0,27.5,0.5191256830601093,0.5833333333333334,0.5773809523809523,0.5384615384615384,0.9294026377036463,0.9411764705882353,1.0,1.0
2,prio_1.1,sub2,0,0,-1.0,1.0,210,0,32,0.0,3411.0,0.0,72.0,-3411.0,27.2,0.6419213973799127,0.5882352941176471,0.5423728813559322,0.4444444444444444,0.003236245954692557,0.0,0.0,0.0
5,prio_1.1,sub2,1,0,1.0,-1.0,159,39,0,5257.0,0.0,99.0,0.0,5257.0,22.2,0.5463182897862233,0.5757575757575758,0.7230443974630021,0.6145833333333334,1.0,1.0,1.0,1.0
8,prio_1.1,sub2,1,0,1.0,-1.0,162,28,0,5078.0,0.0,84.0,0.0,5078.0,16.7,0.606508875739645,0.5641025641025641,0.675967596759676,0.6785714285714286,1.0,1.0,1.0,1.0
7,prio_1.1,sub2,0,0,-1.0,1.0,214,0,28,0.0,2519.0,0.0,56.0,-2519.0,21.5,0.5581395348837209,0.6666666666666666,0.520703933747412,0.38,0.0654562828475872,0.08928571428571429,0.0,0.0
6,prio_1.1,sub2,1,0,1.0,-1.0,432,20,0,15190.0,0.0,72.0,0.0,15190.0,27.1,0.5183946488294314,0.45714285714285713,0.5866998135487881,0.5,0.7960887716985278,0.7638888888888888,1.0,1.0
9,prio_1.1,sub2,0,0,-1.0,1.0,156,0,32,0.0,2492.0,0.0,84.0,-2492.0,15.9,0.30434782608695654,0.625,0.4016,0.29411764705882354,0.0,0.0,0.0,0.0
4,prio_1.1,sub2,1,0,1.0,-1.0,285,32,0,7939.0,0.0,116.0,0.0,7939.0,42.4,0.5930232558139535,0.6428571428571429,0.6004050925925926,0.5775862068965517,0.7099725526075022,0.6379310344827587,1.0,1.0
11,prio_1.1,sub2,0,0,-1.0,1.0,129,0,24,0.0,2431.0,0.0,76.0,-2431.0,9.6,0.5033783783783784,0.5135135135135135,0.2871842843779233,0.2894736842105263,0.0,0.0,0.0,0.0
10,prio_1.1,sub2,1,0,1.0,-1.0,198,28,0,3328.0,0.0,64.0,0.0,3328.0,13.5,0.7192982456140351,0.6666666666666666,0.5655281969817315,0.6,1.0,1.0,1.0,1.0
13,prio_1.1,sub2,1,0,1.0,-1.0,175,30,0,6021.0,0.0,86.0,0.0,6021.0,15.6,0.6118143459915611,0.68,0.6972369194591417,0.6309523809523809,1.0,1.0,1.0,1.0
16,prio_1.1,sub2,1,0,1.0,-1.0,157,28,0,4210.0,0.0,72.0,0.0,4210.0,15.0,0.49097472924187724,0.5263157894736842,0.6710914454277286,0.6323529411764706,1.0,1.0,1.0,1.0
12,prio_1.1,sub2,1,0,1.0,-1.0,221,32,0,6281.0,0.0,84.0,0.0,6281.0,26.7,0.5315487571701721,0.56,0.65,0.5487804878048781,0.8792937399678973,0.8571428571428571,1.0,1.0
15,prio_1.1,sub2,0,0,-1.0,1.0,236,0,28,0.0,3256.0,0.0,68.0,-3256.0,27.2,0.5220588235294118,0.5,0.4877450980392157,0.45588235294117646,0.2287117903930131,0.14705882352941177,0.0,0.0
17,prio_1.1,sub2,1,0,1.0,-1.0,185,32,0,6739.0,0.0,96.0,0.0,6739.0,19.1,0.5299145299145299,0.5909090909090909,0.6825028968713789,0.7204301075268817,1.0,1.0,1.0,1.0
19,prio_1.1,sub2,0,0,-1.0,1.0,200,0,24,0.0,3393.0,0.0,76.0,-3393.0,16.1,0.5,0.5,0.4306969459671104,0.4027777777777778,0.0,0.0,0.0,0.0
14,prio_1.1,sub2,1,0,1.0,-1.0,500,27,1,27048.0,1198.0,84.0,4.0,25850.0,38.8,0.5,0.5,0.5025785278949836,0.525,0.8435888621519423,0.9204545454545454,0.9575869149614105,0.9545454545454546
20,prio_1.1,sub2,0,0,-1.0,1.0,156,0,23,0.0,1972.0,0.0,63.0,-1972.0,11.9,0.48242811501597443,0.3684210526315789,0.42110655737704916,0.36666666666666664,0.0,0.0,0.0,0.0
18,prio_1.1,sub2,0,0,-1.0,1.0,208,0,28,0.0,4768.0,0.0,84.0,-4768.0,23.5,0.6151960784313726,0.4473684210526316,0.4402451481103167,0.4880952380952381,0.0016646848989298453,0.0,0.0,0.0
21,prio_1.1,sub2,0,0,-1.0,1.0,129,0,22,0.0,2441.0,0.0,74.0,-2441.0,9.3,0.4966887417218543,0.43333333333333335,0.23827292110874201,0.28378378378378377,0.0,0.0,0.0,0.0
23,prio_1.1,sub2,0,0,-1.0,1.0,180,0,24,0.0,1791.0,0.0,48.0,-1791.0,10.2,0.37155963302752293,0.5416666666666666,0.4321705426356589,0.4,0.0,0.0,0.0,0.0
22,prio_1.1,sub2,1,0,1.0,-1.0,181,28,0,3678.0,0.0,88.0,0.0,3678.0,18.4,0.5459459459459459,0.47368421052631576,0.5408045977011494,0.573170731707317,1.0,1.0,1.0,1.0
26,prio_1.1,sub2,0,0,-1.0,1.0,132,0,32,0.0,4328.0,0.0,120.0,-4328.0,20.2,0.5334773218142549,0.4727272727272727,0.2658311345646438,0.25,0.0,0.0,0.0,0.0
25,prio_1.1,sub2,0,0,-1.0,1.0,188,0,32,0.0,2944.0,0.0,72.0,-2944.0,21.5,0.6474358974358975,0.625,0.5231746031746032,0.4927536231884058,0.0,0.0,0.0,0.0
27,prio_1.1,sub2,1,0,1.0,-1.0,234,28,0,4545.0,0.0,48.0,0.0,4545.0,17.5,0.5847457627118644,0.8,0.7258064516129032,0.5675675675675675,0.9973421926910299,1.0,1.0,1.0
24,prio_1.1,sub2,1,0,1.0,-1.0,212,32,0,4087.0,0.0,92.0,0.0,4087.0,31.2,0.5023474178403756,0.5957446808510638,0.5554220486632623,0.5760869565217391,0.9729978521018717,0.9782608695652174,1.0,1.0
28,prio_1.1,sub2,1,0,1.0,-1.0,283,24,0,3175.0,0.0,44.0,0.0,3175.0,23.0,0.4720812182741117,0.6428571428571429,0.5369565217391304,0.5853658536585366,0.7067988668555241,0.6363636363636364,1.0,1.0
3,prio_1.2,sub2,0,0,-1.0,1.0,142,0,20,0.0,2603.0,0.0,76.0,-2603.0,9.5,0.46438746438746437,0.6071428571428571,0.36461636017755233,0.39473684210526316,0.0,0.0,0.0,0.0
0,prio_1.2,sub2,0,0,-1.0,1.0,154,0,38,0.0,3590.0,0.0,90.0,-3590.0,22.3,0.5141955835962145,0.5,0.3780313837375178,0.26136363636363635,0.0,0.0,0.0,0.0
29,prio_1.1,sub2,1,0,1.0,-1.0,201,36,0,5157.0,0.0,88.0,0.0,5157.0,29.9,0.48955223880597015,0.625,0.5532188841201717,0.5227272727272727,1.0,1.0,1.0,1.0
5,prio_1.2,sub2,1,0,1.0,-1.0,154,28,0,5181.0,0.0,80.0,0.0,5181.0,15.7,0.48314606741573035,0.5102040816326531,0.7431412894375857,0.7625,1.0,1.0,1.0,1.0
1,prio_1.2,sub2,1,0,1.0,-1.0,263,32,0,5742.0,0.0,84.0,0.0,5742.0,39.6,0.5223214285714286,0.5384615384615384,0.5511695906432749,0.5466666666666666,0.8238611713665943,0.8095238095238095,1.0,1.0
6,prio_1.2,sub2,0,0,-1.0,1.0,144,0,24,0.0,1665.0,0.0,46.0,-1665.0,13.5,0.4846938775510204,0.5,0.3473491773308958,0.24444444444444444,0.0,0.0,0.0,0.0
7,prio_1.2,sub2,1,0,1.0,-1.0,137,36,0,3927.0,0.0,76.0,0.0,3927.0,11.3,0.7364620938628159,0.8571428571428571,0.8163816381638164,0.8918918918918919,1.0,1.0,1.0,1.0
10,prio_1.2,sub2,0,0,-1.0,1.0,153,0,32,0.0,2164.0,0.0,68.0,-2164.0,17.4,0.48214285714285715,0.5238095238095238,0.46394019349164467,0.328125,0.0,0.0,0.0,0.0
2,prio_1.2,sub2,0,0,-1.0,1.0,337,0,40,0.0,1710.0,0.0,48.0,-1710.0,65.2,0.5,0.5,0.6506024096385542,0.6153846153846154,0.5191059841384282,0.4878048780487805,0.0,0.0
9,prio_1.2,sub2,0,0,-1.0,1.0,206,0,32,0.0,3304.0,0.0,76.0,-3304.0,30.6,0.5280373831775701,0.6,0.4474142940151075,0.4864864864864865,0.0027210884353741495,0.0,0.0,0.0
8,prio_1.2,sub2,1,0,1.0,-1.0,206,36,0,4826.0,0.0,92.0,0.0,4826.0,37.1,0.478494623655914,0.7142857142857143,0.5647432985006815,0.5421686746987951,0.9963619827194179,1.0,1.0,1.0
4,prio_1.2,sub2,1,0,1.0,-1.0,290,32,0,5670.0,0.0,68.0,0.0,5670.0,57.6,0.48195876288659795,0.5416666666666666,0.48564294631710364,0.5441176470588235,0.7290721649484536,0.75,1.0,1.0
11,prio_1.2,sub2,0,0,-1.0,1.0,167,0,32,0.0,2386.0,0.0,60.0,-2386.0,13.9,0.5463576158940397,0.625,0.4244604316546763,0.3333333333333333,0.0,0.0,0.0,0.0
16,prio_1.2,sub2,1,0,1.0,-1.0,128,36,0,3010.0,0.0,76.0,0.0,3010.0,12.2,0.4397905759162304,0.7407407407407407,0.8986577181208054,0.875,1.0,1.0,1.0,1.0
14,prio_1.2,sub2,0,0,-1.0,1.0,158,0,40,0.0,4120.0,0.0,100.0,-4120.0,21.4,0.5925925925925926,0.5,0.4355716878402904,0.4,0.0,0.0,0.0,0.0
15,prio_1.2,sub2,1,0,1.0,-1.0,190,36,0,7961.0,0.0,96.0,0.0,7961.0,21.8,0.5591054313099042,0.6206896551724138,0.7422186751795691,0.7708333333333334,1.0,1.0,1.0,1.0
12,prio_1.2,sub2,1,0,1.0,-1.0,189,40,0,6262.0,0.0,96.0,0.0,6262.0,31.2,0.5308880308880309,0.4888888888888889,0.6557780119423955,0.6354166666666666,1.0,1.0,1.0,1.0
13,prio_1.2,sub2,0,0,-1.0,1.0,225,0,36,0.0,4202.0,0.0,92.0,-4202.0,37.2,0.6153846153846154,0.625,0.54875061244488,0.42045454545454547,0.11656671664167916,0.11956521739130435,0.0,0.0
17,prio_1.2,sub2,1,0,1.0,-1.0,252,28,0,5901.0,0.0,76.0,0.0,5901.0,18.6,0.4043321299638989,0.4838709677419355,0.5655430711610487,0.5945945945945946,0.6963775740267548,0.7105263157894737,1.0,1.0
18,prio_1.2,sub2,1,0,1.0,-1.0,167,27,0,3374.0,0.0,67.0,0.0,3374.0,11.8,0.47634069400630913,0.6060606060606061,0.654054054054054,0.4603174603174603,1.0,1.0,1.0,1.0
20,prio_1.2,sub2,0,0,-1.0,1.0,132,0,24,0.0,4510.0,0.0,88.0,-4510.0,9.7,0.48284313725490197,0.525,0.14803272302298404,0.12643678160919541,0.0,0.0,0.0,0.0
23,prio_1.2,sub2,0,0,-1.0,1.0,147,0,20,0.0,2440.0,0.0,72.0,-2440.0,11.5,0.45114345114345117,0.46938775510204084,0.3333333333333333,0.2222222222222222,0.0,0.0,0.0,0.0
21,prio_1.2,sub2,0,0,-1.0,1.0,196,0,28,0.0,2745.0,0.0,72.0,-2745.0,24.1,0.4911242603550296,0.5,0.45664739884393063,0.44285714285714284,0.0,0.0,0.0,0.0
25,prio_1.2,sub2,1,0,1.0,-1.0,154,32,0,3846.0,0.0,80.0,0.0,3846.0,10.9,0.5454545454545454,0.8333333333333334,0.7187894073139974,0.7424242424242424,1.0,1.0,1.0,1.0
19,prio_1.2,sub2,1,0,1.0,-1.0,231,36,0,4254.0,0.0,80.0,0.0,4254.0,34.4,0.4624277456647399,0.6153846153846154,0.5178791615289766,0.5573770491803278,0.8850134151015715,0.8860759493670886,1.0,1.0
22,prio_1.2,sub2,1,0,1.0,-1.0,223,32,0,4963.0,0.0,88.0,0.0,4963.0,26.4,0.6209677419354839,0.5625,0.5987144168962351,0.5227272727272727,0.9694402420574887,1.0,1.0,1.0
24,prio_1.2,sub2,1,0,1.0,-1.0,174,39,0,4803.0,0.0,87.0,0.0,4803.0,24.8,0.5276752767527675,0.48717948717948717,0.5954762940408873,0.5357142857142857,1.0,1.0,1.0,1.0
0,dist_0.3,sub2,0,0,-1.0,1.0,113,0,24,0.0,2923.0,0.0,76.0,-2923.0,6.7,0.3898305084745763,0.41379310344827586,0.06497418244406196,0.0,0.0,0.0,0.0,0.0
27,prio_1.2,sub2,0,0,-1.0,1.0,166,0,32,0.0,1953.0,0.0,60.0,-1953.0,14.3,0.5409836065573771,0.3333333333333333,0.4344106463878327,0.5,0.0,0.0,0.0,0.0
29,prio_1.2,sub2,1,0,1.0,-1.0,192,24,0,3148.0,0.0,68.0,0.0,3148.0,13.0,0.5,0.5,0.6337741607324516,0.6976744186046512,1.0,1.0,1.0,1.0
28,prio_1.2,sub2,0,0,-1.0,1.0,181,0,32,0.0,2917.0,0.0,76.0,-2917.0,19.0,0.5869565217391305,0.5652173913043478,0.5012755102040817,0.5138888888888888,0.0,0.0,0.0,0.0
1,dist_0.3,sub2,0,0,-1.0,1.0,130,0,20,0.0,1861.0,0.0,60.0,-1861.0,10.6,0.5,0.47619047619047616,0.27117611212675197,0.36666666666666664,0.0,0.0,0.0,0.0
5,dist_0.3,sub2,0,0,-1.0,1.0,142,0,21,0.0,1283.0,0.0,40.0,-1283.0,8.7,0.36666666666666664,0.5,0.3662613981762918,0.41379310344827586,0.0,0.0,0.0,0.0
3,dist_0.3,sub2,1,0,1.0,-1.0,154,32,0,3049.0,0.0,64.0,0.0,3049.0,14.2,0.47575057736720555,0.6,0.6586183769282361,0.7213114754098361,1.0,1.0,1.0,1.0
26,prio_1.2,sub2,0,0,-1.0,1.0,234,0,32,0.0,3821.0,0.0,84.0,-3821.0,35.4,0.5661375661375662,0.5555555555555556,0.5452173913043479,0.5714285714285714,0.2619334135579623,0.13095238095238096,0.0,0.0
4,dist_0.3,sub2,1,0,1.0,-1.0,171,32,0,4507.0,0.0,76.0,0.0,4507.0,15.5,0.5673076923076923,0.7058823529411765,0.6501766784452296,0.6527777777777778,1.0,1.0,1.0,1.0
7,dist_0.3,sub2,0,0,-1.0,1.0,159,0,31,0.0,2595.0,0.0,67.0,-2595.0,11.3,0.4431818181818182,0.25,0.34256055363321797,0.3275862068965517,0.0,0.0,0.0,0.0
6,dist_0.3,sub2,0,0,-1.0,1.0,265,0,22,0.0,1562.0,0.0,50.0,-1562.0,19.6,0.5066666666666667,0.8125,0.5655070318282753,0.4166666666666667,0.41680395387149916,0.375,0.0,0.0
2,dist_0.3,sub2,1,0,1.0,-1.0,211,36,0,6588.0,0.0,112.0,0.0,6588.0,37.3,0.5550660792951542,0.47368421052631576,0.5418552036199095,0.5535714285714286,0.9764726385500174,1.0,1.0,1.0
9,dist_0.3,sub2,0,0,-1.0,1.0,147,0,24,0.0,3393.0,0.0,88.0,-3393.0,16.5,0.5277136258660509,0.4745762711864407,0.3333333333333333,0.20454545454545456,0.0,0.0,0.0,0.0
10,dist_0.3,sub2,0,0,-1.0,1.0,158,0,32,0.0,3600.0,0.0,80.0,-3600.0,16.8,0.5121107266435986,0.6206896551724138,0.34787178139779296,0.35526315789473684,0.0,0.0,0.0,0.0
8,dist_0.3,sub2,1,0,1.0,-1.0,191,36,0,6492.0,0.0,104.0,0.0,6492.0,23.3,0.4213197969543147,0.6086956521739131,0.5599242065371862,0.63,1.0,1.0,1.0,1.0
13,dist_0.3,sub2,0,0,-1.0,1.0,131,0,28,0.0,2893.0,0.0,80.0,-2893.0,9.4,0.5168539325842697,0.42857142857142855,0.18486882245271508,0.2375,0.0,0.0,0.0,0.0
11,dist_0.3,sub2,0,0,-1.0,1.0,162,0,32,0.0,2787.0,0.0,72.0,-2787.0,16.6,0.5093457943925234,0.4666666666666667,0.4034175334323923,0.3548387096774194,0.0,0.0,0.0,0.0
14,dist_0.3,sub2,0,0,-1.0,1.0,199,0,24,0.0,3380.0,0.0,72.0,-3380.0,16.7,0.49074074074074076,0.5833333333333334,0.4796954314720812,0.4305555555555556,0.0,0.0,0.0,0.0
12,dist_0.3,sub2,0,0,-1.0,1.0,165,0,44,0.0,3278.0,0.0,88.0,-3278.0,33.9,0.4714828897338403,0.4,0.4504385964912281,0.39285714285714285,0.0,0.0,0.0,0.0
16,dist_0.3,sub2,0,0,-1.0,1.0,236,0,28,0.0,3845.0,0.0,80.0,-3845.0,26.7,0.5,0.5454545454545454,0.5808052950910094,0.4230769230769231,0.17017738359201773,0.1125,0.0,0.0
17,dist_0.3,sub2,1,0,1.0,-1.0,183,32,0,5147.0,0.0,72.0,0.0,5147.0,22.4,0.5586854460093896,0.6428571428571429,0.6909090909090909,0.7222222222222222,1.0,1.0,1.0,1.0
15,dist_0.3,sub2,0,0,-1.0,1.0,200,0,32,0.0,3133.0,0.0,96.0,-3133.0,32.2,0.45092460881934565,0.5,0.48749131341209173,0.4270833333333333,0.0,0.0,0.0,0.0
19,dist_0.3,sub2,1,0,1.0,-1.0,145,24,0,2643.0,0.0,60.0,0.0,2643.0,6.3,0.5104166666666666,0.6666666666666666,0.7630375114364135,0.7924528301886793,1.0,1.0,1.0,1.0
22,dist_0.3,sub2,0,0,-1.0,1.0,118,0,24,0.0,2388.0,0.0,72.0,-2388.0,7.8,0.5175097276264592,0.5,0.12369942196531791,0.18055555555555555,0.0,0.0,0.0,0.0
18,dist_0.3,sub2,0,0,-1.0,1.0,170,0,35,0.0,3939.0,0.0,99.0,-3939.0,27.9,0.5124555160142349,0.28,0.44547729710404005,0.4479166666666667,0.0,0.0,0.0,0.0
24,dist_0.3,sub2,0,0,-1.0,1.0,179,0,24,0.0,2796.0,0.0,52.0,-2796.0,9.4,0.5,0.5,0.2965328467153285,0.3333333333333333,0.0,0.0,0.0,0.0
20,dist_0.3,sub2,1,0,1.0,-1.0,196,36,0,6451.0,0.0,104.0,0.0,6451.0,20.4,0.5857988165680473,0.625,0.6385052802599512,0.6442307692307693,1.0,1.0,1.0,1.0
27,dist_0.3,sub2,0,0,-1.0,1.0,141,0,20,0.0,1890.0,0.0,48.0,-1890.0,6.8,0.5,0.5,0.24431818181818182,0.2857142857142857,0.0,0.0,0.0,0.0
28,dist_0.3,sub2,0,0,-1.0,1.0,158,0,26,0.0,3296.0,0.0,82.0,-3296.0,14.1,0.43521594684385384,0.5384615384615384,0.41246020918599363,0.35,0.0,0.0,0.0,0.0
23,dist_0.3,sub2,1,0,1.0,-1.0,291,28,0,6259.0,0.0,88.0,0.0,6259.0,40.1,0.5119266055045871,0.5740740740740741,0.5643246711581649,0.5568181818181818,0.6754924120116241,0.5340909090909091,1.0,1.0
25,dist_0.3,sub2,0,0,-1.0,1.0,195,0,28,0.0,3110.0,0.0,76.0,-3110.0,29.5,0.47058823529411764,0.6666666666666666,0.4251179245283019,0.5,0.0,0.0,0.0,0.0
26,dist_0.3,sub2,0,0,-1.0,1.0,227,0,28,0.0,3214.0,0.0,72.0,-3214.0,29.4,0.5751295336787565,0.4375,0.5099262620533183,0.5,0.14649081488459728,0.013888888888888888,0.0,0.0
21,dist_0.3,sub2,1,0,1.0,-1.0,420,28,0,17851.0,0.0,80.0,0.0,17851.0,52.5,0.5158730158730159,0.6086956521739131,0.555244195356285,0.475,0.9453407968389859,0.9375,1.0,1.0
0,dist_0.5,sub2,1,0,1.0,-1.0,172,25,0,5160.0,0.0,73.0,0.0,5160.0,9.1,0.417910447761194,0.8571428571428571,0.8060975609756098,0.7887323943661971,1.0,1.0,1.0,1.0
1,dist_0.5,sub2,1,0,1.0,-1.0,157,33,0,3267.0,0.0,77.0,0.0,3267.0,14.8,0.819672131147541,0.8,0.7240031274433151,0.6666666666666666,1.0,1.0,1.0,1.0
3,dist_0.5,sub2,0,0,-1.0,1.0,133,0,28,0.0,2270.0,0.0,72.0,-2270.0,10.2,0.5108108108108108,0.4838709677419355,0.21734104046242775,0.2982456140350877,0.0,0.0,0.0,0.0
29,dist_0.3,sub2,1,0,1.0,-1.0,198,36,0,4261.0,0.0,80.0,0.0,4261.0,27.9,0.4954128440366973,0.5714285714285714,0.6201083684527393,0.6176470588235294,1.0,1.0,1.0,1.0
5,dist_0.5,sub2,1,0,1.0,-1.0,158,32,0,6434.0,0.0,92.0,0.0,6434.0,12.0,0.5411764705882353,0.875,0.8698760724499524,0.8809523809523809,1.0,1.0,1.0,1.0
4,dist_0.5,sub2,1,0,1.0,-1.0,182,35,0,3631.0,0.0,83.0,0.0,3631.0,18.7,0.5,0.5833333333333334,0.6635562467599793,0.6323529411764706,1.0,1.0,1.0,1.0
2,dist_0.5,sub2,0,0,-1.0,1.0,192,0,32,0.0,3698.0,0.0,92.0,-3698.0,29.7,0.5771144278606966,0.5384615384615384,0.4352147674831381,0.44565217391304346,0.0,0.0,0.0,0.0
9,dist_0.5,sub2,1,0,1.0,-1.0,152,28,0,4324.0,0.0,76.0,0.0,4324.0,11.0,0.6158940397350994,0.7333333333333333,0.734583127775037,0.6986301369863014,1.0,1.0,1.0,1.0
7,dist_0.5,sub2,0,0,-1.0,1.0,154,0,33,0.0,3168.0,0.0,77.0,-3168.0,20.7,0.4580152671755725,0.4782608695652174,0.3458823529411765,0.27631578947368424,0.0,0.0,0.0,0.0
6,dist_0.5,sub2,1,0,1.0,-1.0,264,29,0,8725.0,0.0,97.0,0.0,8725.0,31.0,0.4604651162790698,0.5,0.5458823529411765,0.5,0.9514097180563887,0.9270833333333334,1.0,1.0
10,dist_0.5,sub2,1,0,1.0,-1.0,163,34,0,3964.0,0.0,82.0,0.0,3964.0,19.7,0.5060728744939271,0.5128205128205128,0.6251735307727904,0.6538461538461539,1.0,1.0,1.0,1.0
8,dist_0.5,sub2,1,0,1.0,-1.0,180,38,0,4307.0,0.0,94.0,0.0,4307.0,27.8,0.5330578512396694,0.6190476190476191,0.5802511028164234,0.5978260869565217,1.0,1.0,1.0,1.0
11,dist_0.5,sub2,1,0,1.0,-1.0,151,36,0,6540.0,0.0,112.0,0.0,6540.0,19.9,0.6201550387596899,0.696969696969697,0.7842814863531733,0.7767857142857143,1.0,1.0,1.0,1.0
12,dist_0.5,sub2,0,0,-1.0,1.0,149,0,24,0.0,1480.0,0.0,52.0,-1480.0,13.4,0.66875,0.4444444444444444,0.45107632093933464,0.4489795918367347,0.0,0.0,0.0,0.0
14,dist_0.5,sub2,0,0,-1.0,1.0,129,0,32,0.0,3119.0,0.0,84.0,-3119.0,16.9,0.5252747252747253,0.5277777777777778,0.16569484936831877,0.17857142857142858,0.0,0.0,0.0,0.0
17,dist_0.5,sub2,1,0,1.0,-1.0,161,34,0,5254.0,0.0,82.0,0.0,5254.0,13.8,0.416403785488959,0.5454545454545454,0.724898694281855,0.7875,1.0,1.0,1.0,1.0
15,dist_0.5,sub2,1,0,1.0,-1.0,194,32,0,6672.0,0.0,88.0,0.0,6672.0,18.6,0.6317829457364341,0.55,0.7404921700223713,0.6707317073170732,1.0,1.0,1.0,1.0
13,dist_0.5,sub2,0,0,-1.0,1.0,208,0,32,0.0,2895.0,0.0,76.0,-2895.0,27.7,0.7301587301587301,0.8333333333333334,0.5301360985093972,0.5074626865671642,0.044350173544157344,0.0,0.0,0.0
20,dist_0.5,sub2,0,0,-1.0,1.0,142,0,28,0.0,4227.0,0.0,100.0,-4227.0,11.4,0.5633802816901409,0.5526315789473685,0.32619316046599023,0.2857142857142857,0.0,0.0,0.0,0.0
21,dist_0.5,sub2,0,0,-1.0,1.0,129,0,28,0.0,2036.0,0.0,76.0,-2036.0,8.6,0.7222222222222222,0.16666666666666666,0.24029850746268658,0.21875,0.0,0.0,0.0,0.0
16,dist_0.5,sub2,0,0,-1.0,1.0,229,0,28,0.0,3341.0,0.0,104.0,-3341.0,32.9,0.41025641025641024,0.47368421052631576,0.4787368421052632,0.5531914893617021,0.3497237569060773,0.2403846153846154,0.0,0.0
22,dist_0.5,sub2,1,0,1.0,-1.0,228,20,0,2359.0,0.0,44.0,0.0,2359.0,11.2,0.417910447761194,0.6666666666666666,0.5038674033149171,0.6,0.915426251691475,0.9545454545454546,1.0,1.0
18,dist_0.5,sub2,0,0,-1.0,1.0,213,0,32,0.0,3431.0,0.0,68.0,-3431.0,28.9,0.4452054794520548,0.46153846153846156,0.4268707482993197,0.4576271186440678,0.01303538175046555,0.0,0.0,0.0
23,dist_0.5,sub2,1,0,1.0,-1.0,200,24,0,2318.0,0.0,48.0,0.0,2318.0,15.5,0.5,0.5,0.5646173149309912,0.6190476190476191,1.0,1.0,1.0,1.0
19,dist_0.5,sub2,1,0,1.0,-1.0,243,28,0,4408.0,0.0,80.0,0.0,4408.0,29.2,0.5160142348754448,0.64,0.529608938547486,0.5416666666666666,0.7933914306463326,0.7125,1.0,1.0
24,dist_0.5,sub2,0,0,-1.0,1.0,145,0,36,0.0,2641.0,0.0,80.0,-2641.0,21.3,0.44808743169398907,0.5555555555555556,0.38760563380281693,0.32,0.0,0.0,0.0,0.0
28,dist_0.5,sub2,1,0,1.0,-1.0,184,27,0,3649.0,0.0,55.0,0.0,3649.0,12.7,0.4222222222222222,0.5,0.6910699919549477,0.6458333333333334,1.0,1.0,1.0,1.0
27,dist_0.5,sub2,0,0,-1.0,1.0,149,0,27,0.0,2378.0,0.0,74.0,-2378.0,17.8,0.5071225071225072,0.6,0.3976905311778291,0.4166666666666667,0.0,0.0,0.0,0.0
25,dist_0.5,sub2,0,0,-1.0,1.0,226,0,28,0.0,2294.0,0.0,64.0,-2294.0,30.1,0.5309090909090909,0.4666666666666667,0.49744114636642783,0.4666666666666667,0.17993527508090615,0.0625,0.0,0.0
1,urg_0.5,sub2,0,0,-1.0,1.0,135,0,27,0.0,3111.0,0.0,79.0,-3111.0,10.7,0.504,0.5294117647058824,0.23543123543123542,0.23376623376623376,0.0,0.0,0.0,0.0
29,dist_0.5,sub2,0,0,-1.0,1.0,167,0,36,0.0,3794.0,0.0,100.0,-3794.0,20.0,0.3612565445026178,0.4444444444444444,0.4051431344007763,0.4074074074074074,0.0,0.0,0.0,0.0
26,dist_0.5,sub2,1,0,1.0,-1.0,245,36,0,5243.0,0.0,68.0,0.0,5243.0,41.6,0.5109717868338558,0.5185185185185185,0.4869650762420069,0.5735294117647058,0.9554767533490938,0.9852941176470589,1.0,1.0
2,urg_0.5,sub2,0,0,-1.0,1.0,142,0,32,0.0,4027.0,0.0,96.0,-4027.0,17.1,0.49174917491749176,0.5714285714285714,0.2932016710976073,0.22727272727272727,0.0,0.0,0.0,0.0
0,urg_0.5,sub2,0,0,-1.0,1.0,172,0,32,0.0,4656.0,0.0,104.0,-4656.0,30.3,0.5944798301486199,0.5,0.47735418703160637,0.34,0.0,0.0,0.0,0.0
4,urg_0.5,sub2,0,0,-1.0,1.0,154,0,28,0.0,3545.0,0.0,88.0,-3545.0,12.8,0.5514285714285714,0.5,0.4177865612648221,0.38095238095238093,0.0,0.0,0.0,0.0
3,urg_0.5,sub2,1,0,1.0,-1.0,171,38,0,5717.0,0.0,90.0,0.0,5717.0,22.9,0.4972067039106145,0.6666666666666666,0.694659600489197,0.6590909090909091,1.0,1.0,1.0,1.0
6,urg_0.5,sub2,0,0,-1.0,1.0,148,0,36,0.0,3013.0,0.0,80.0,-3013.0,21.9,0.45979899497487436,0.5,0.38776517020226936,0.3026315789473684,0.0,0.0,0.0,0.0
8,urg_0.5,sub2,0,0,-1.0,1.0,227,0,24,0.0,3252.0,0.0,80.0,-3252.0,20.7,0.4883720930232558,0.5357142857142857,0.4961062757672927,0.4084507042253521,0.2049849591749033,0.2375,0.0,0.0
7,urg_0.5,sub2,0,0,-1.0,1.0,177,0,36,0.0,2471.0,0.0,72.0,-2471.0,26.2,0.5176056338028169,0.5294117647058824,0.4883190883190883,0.45588235294117646,0.0,0.0,0.0,0.0
9,urg_0.5,sub2,1,0,1.0,-1.0,205,28,0,4598.0,0.0,68.0,0.0,4598.0,18.8,0.5283582089552239,0.56,0.5748829953198128,0.5423728813559322,0.998158379373849,1.0,1.0,1.0
10,urg_0.5,sub2,1,0,1.0,-1.0,175,36,0,6724.0,0.0,108.0,0.0,6724.0,19.9,0.5279642058165548,0.4927536231884058,0.6240095087163233,0.74,1.0,1.0,1.0,1.0
12,urg_0.5,sub2,0,0,-1.0,1.0,154,0,28,0.0,4337.0,0.0,80.0,-4337.0,13.6,0.45662100456621,0.5,0.3391145595618439,0.3,0.0,0.0,0.0,0.0
11,urg_0.5,sub2,0,0,-1.0,1.0,161,0,36,0.0,2702.0,0.0,80.0,-2702.0,26.3,0.4898785425101215,0.5333333333333333,0.4135188866799205,0.40789473684210525,0.0,0.0,0.0,0.0
14,urg_0.5,sub2,0,0,-1.0,1.0,145,0,24,0.0,3477.0,0.0,80.0,-3477.0,11.2,0.5044052863436124,0.46153846153846156,0.3406644829199813,0.2875,0.0,0.0,0.0,0.0
15,urg_0.5,sub2,0,0,-1.0,1.0,157,0,35,0.0,1569.0,0.0,48.0,-1569.0,13.4,0.5274725274725275,0.7142857142857143,0.36036036036036034,0.2903225806451613,0.0,0.0,0.0,0.0
18,urg_0.5,sub2,0,0,-1.0,1.0,112,0,26,0.0,1150.0,0.0,56.0,-1150.0,7.1,0.5,0.5,0.08018867924528301,0.0,0.0,0.0,0.0,0.0
16,urg_0.5,sub2,1,0,1.0,-1.0,156,30,0,6159.0,0.0,98.0,0.0,6159.0,13.7,0.5601851851851852,0.6111111111111112,0.757137560252132,0.8111111111111111,1.0,1.0,1.0,1.0
13,urg_0.5,sub2,1,0,1.0,-1.0,283,36,0,7860.0,0.0,100.0,0.0,7860.0,44.0,0.4595959595959596,0.48148148148148145,0.5622672734795201,0.5172413793103449,0.8608058608058609,0.74,1.0,1.0
20,urg_0.5,sub2,0,0,-1.0,1.0,231,0,23,0.0,2297.0,0.0,59.0,-2297.0,23.0,0.5532994923857868,0.5333333333333333,0.5439010017678255,0.5254237288135594,0.197608558842039,0.3050847457627119,0.0,0.0
17,urg_0.5,sub2,1,0,1.0,-1.0,214,36,0,2912.0,0.0,68.0,0.0,2912.0,35.7,0.5025125628140703,0.6153846153846154,0.5565326633165829,0.5645161290322581,0.9588744588744589,0.9558823529411765,1.0,1.0
5,urg_0.5,sub2,1,0,1.0,-1.0,500,32,4,35856.0,3568.0,91.0,9.0,32288.0,90.6,0.5023696682464455,0.6111111111111112,0.7003154574132492,0.66,0.9079168416631668,0.91,0.9094967532467533,0.91
21,urg_0.5,sub2,0,0,-1.0,1.0,167,0,36,0.0,3080.0,0.0,80.0,-3080.0,21.1,0.42201834862385323,0.43478260869565216,0.42007637752318605,0.37333333333333335,0.0,0.0,0.0,0.0
19,urg_0.5,sub2,0,0,-1.0,1.0,195,0,36,0.0,4505.0,0.0,100.0,-4505.0,36.0,0.36363636363636365,0.5,0.4605263157894737,0.44680851063829785,0.0,0.0,0.0,0.0
25,urg_0.5,sub2,1,0,1.0,-1.0,227,20,0,1978.0,0.0,36.0,0.0,1978.0,11.4,0.5663716814159292,0.7142857142857143,0.6444249341527656,0.65625,0.9915644171779141,0.9722222222222222,1.0,1.0
27,urg_0.5,sub2,0,0,-1.0,1.0,191,0,24,0.0,2738.0,0.0,60.0,-2738.0,15.9,0.4642857142857143,0.5,0.4134078212290503,0.48333333333333334,0.0,0.0,0.0,0.0
24,urg_0.5,sub2,1,0,1.0,-1.0,227,32,0,6217.0,0.0,100.0,0.0,6217.0,33.0,0.5189620758483033,0.6086956521739131,0.4932813177286519,0.52,0.9321296497715902,0.88,1.0,1.0
23,urg_0.5,sub2,1,0,1.0,-1.0,219,36,0,6695.0,0.0,92.0,0.0,6695.0,33.8,0.604,0.6666666666666666,0.6496449103821441,0.5978260869565217,0.9341347781916695,0.9565217391304348,1.0,1.0
26,urg_0.5,sub2,0,0,-1.0,1.0,158,0,39,0.0,3476.0,0.0,95.0,-3476.0,25.0,0.5032258064516129,0.5208333333333334,0.4468321600592812,0.43820224719101125,0.0,0.0,0.0,0.0
28,urg_0.5,sub2,1,0,1.0,-1.0,103,24,0,2545.0,0.0,72.0,0.0,2545.0,5.1,0.6790123456790124,0.8235294117647058,0.9910641754670999,1.0,1.0,1.0,1.0,1.0
22,urg_0.5,sub2,1,0,1.0,-1.0,500,17,7,18820.0,4769.0,65.0,23.0,14051.0,40.6,0.49125168236877526,0.5344827586206896,0.5884297520661157,0.47058823529411764,0.7063740856844305,0.6704545454545454,0.7978294967993557,0.7386363636363636
29,urg_0.5,sub2,1,0,1.0,-1.0,211,28,0,4914.0,0.0,68.0,0.0,4914.0,18.4,0.5314685314685315,0.375,0.5972495088408645,0.6268656716417911,0.985969676397375,1.0,1.0,1.0
3,urg_3.0,sub2,0,0,-1.0,1.0,217,0,24,0.0,3477.0,0.0,84.0,-3477.0,23.9,0.5,0.5,0.4987785016286645,0.5119047619047619,0.06312028582770941,0.07142857142857142,0.0,0.0
0,urg_3.0,sub2,1,0,1.0,-1.0,179,43,0,4026.0,0.0,71.0,0.0,4026.0,30.4,0.503968253968254,0.5416666666666666,0.6659412404787813,0.6290322580645161,1.0,1.0,1.0,1.0
2,urg_3.0,sub2,0,0,-1.0,1.0,196,0,32,0.0,3199.0,0.0,88.0,-3199.0,28.3,0.582089552238806,0.14285714285714285,0.4627565982404692,0.4659090909090909,0.0,0.0,0.0,0.0
4,urg_3.0,sub2,0,0,-1.0,1.0,158,0,32,0.0,2676.0,0.0,88.0,-2676.0,15.9,0.4708860759493671,0.5,0.4429602888086643,0.48148148148148145,0.0,0.0,0.0,0.0
1,urg_3.0,sub2,0,0,-1.0,1.0,183,0,36,0.0,3410.0,0.0,100.0,-3410.0,34.7,0.4155844155844156,0.6086956521739131,0.4773060029282577,0.42,0.0,0.0,0.0,0.0
7,urg_3.0,sub2,0,0,-1.0,1.0,178,0,28,0.0,2083.0,0.0,66.0,-2083.0,16.3,0.5,0.5,0.4662731871838111,0.4791666666666667,0.0,0.0,0.0,0.0
6,urg_3.0,sub2,1,0,1.0,-1.0,186,32,0,7039.0,0.0,92.0,0.0,7039.0,19.0,0.5681818181818182,0.625,0.6780936454849499,0.7391304347826086,1.0,1.0,1.0,1.0
8,urg_3.0,sub2,0,0,-1.0,1.0,198,0,24,0.0,3292.0,0.0,84.0,-3292.0,23.6,0.4490238611713666,0.5686274509803921,0.514013749338974,0.4880952380952381,0.0,0.0,0.0,0.0
5,urg_3.0,sub2,1,0,1.0,-1.0,208,32,0,5721.0,0.0,80.0,0.0,5721.0,31.3,0.5843621399176955,0.5384615384615384,0.5207275803722504,0.4875,0.9625380892633089,1.0,1.0,1.0
9,urg_3.0,sub2,0,0,-1.0,1.0,181,0,32,0.0,2965.0,0.0,92.0,-2965.0,28.5,0.5197505197505198,0.59375,0.44790465205690116,0.5113636363636364,0.0,0.0,0.0,0.0
11,urg_3.0,sub2,0,0,-1.0,1.0,151,0,32,0.0,3303.0,0.0,68.0,-3303.0,14.9,0.5353982300884956,0.47368421052631576,0.2912371134020619,0.3076923076923077,0.0,0.0,0.0,0.0
14,urg_3.0,sub2,1,0,1.0,-1.0,110,36,0,2788.0,0.0,84.0,0.0,2788.0,7.7,0.6229508196721312,0.8333333333333334,0.9850046860356139,1.0,1.0,1.0,1.0,1.0
10,urg_3.0,sub2,1,0,1.0,-1.0,195,32,0,3350.0,0.0,72.0,0.0,3350.0,23.7,0.5,0.5,0.5662037037037037,0.5217391304347826,1.0,1.0,1.0,1.0
12,urg_3.0,sub2,0,0,-1.0,1.0,162,0,32,0.0,3644.0,0.0,104.0,-3644.0,22.0,0.5480943738656987,0.6,0.4091460946985026,0.3939393939393939,0.0,0.0,0.0,0.0
16,urg_3.0,sub2,1,0,1.0,-1.0,133,28,0,3551.0,0.0,84.0,0.0,3551.0,8.4,0.8191489361702128,0.7586206896551724,0.7875443437130469,0.8048780487804879,1.0,1.0,1.0,1.0
15,urg_3.0,sub2,1,0,1.0,-1.0,246,28,0,6795.0,0.0,72.0,0.0,6795.0,26.1,0.5550122249388753,0.5333333333333333,0.63718820861678,0.6619718309859155,0.9721763734968167,0.9444444444444444,1.0,1.0
13,urg_3.0,sub2,1,0,1.0,-1.0,258,36,0,5749.0,0.0,68.0,0.0,5749.0,31.6,0.5925925925925926,0.6,0.5822222222222222,0.6190476190476191,0.837412001340932,0.7910447761194029,1.0,1.0
18,urg_3.0,sub2,1,0,1.0,-1.0,190,32,0,4177.0,0.0,88.0,0.0,4177.0,19.3,0.4931506849315068,0.4,0.723996723996724,0.7540983606557377,1.0,1.0,1.0,1.0
19,urg_3.0,sub2,1,0,1.0,-1.0,195,32,0,5537.0,0.0,84.0,0.0,5537.0,19.8,0.6707317073170732,0.6470588235294118,0.6449101796407186,0.7027027027027027,1.0,1.0,1.0,1.0
17,urg_3.0,sub2,1,0,1.0,-1.0,202,36,0,6531.0,0.0,104.0,0.0,6531.0,29.1,0.4208754208754209,0.6956521739130435,0.6436744033998039,0.6138613861386139,0.9986035686578744,1.0,1.0,1.0
21,urg_3.0,sub2,1,0,1.0,-1.0,170,26,0,3778.0,0.0,74.0,0.0,3778.0,11.5,0.5053191489361702,0.5,0.6328377504848093,0.6388888888888888,1.0,1.0,1.0,1.0
20,urg_3.0,sub2,1,0,1.0,-1.0,205,24,0,4609.0,0.0,72.0,0.0,4609.0,16.2,0.5653409090909091,0.5333333333333333,0.5649588289112535,0.5972222222222222,0.9923406172561388,1.0,1.0,1.0
23,urg_3.0,sub2,0,0,-1.0,1.0,135,0,24,0.0,2496.0,0.0,72.0,-2496.0,12.3,0.4763779527559055,0.5555555555555556,0.3013698630136986,0.3333333333333333,0.0,0.0,0.0,0.0
24,urg_3.0,sub2,0,0,-1.0,1.0,219,0,24,0.0,3388.0,0.0,68.0,-3388.0,17.6,0.52,0.4,0.5181818181818182,0.47058823529411764,0.02668416447944007,0.0,0.0,0.0
25,urg_3.0,sub2,0,0,-1.0,1.0,207,0,28,0.0,3111.0,0.0,56.0,-3111.0,17.3,0.5112540192926045,0.5,0.45186781609195403,0.4528301886792453,0.03109158499493072,0.0,0.0,0.0
22,urg_3.0,sub2,1,0,1.0,-1.0,224,24,0,4175.0,0.0,68.0,0.0,4175.0,21.7,0.4979919678714859,0.6111111111111112,0.5365997638724912,0.47058823529411764,0.9805825242718447,1.0,1.0,1.0
26,urg_3.0,sub2,0,0,-1.0,1.0,244,0,20,0.0,3337.0,0.0,56.0,-3337.0,14.5,0.5,0.5,0.5317919075144508,0.5952380952380952,0.20339805825242718,0.2,0.0,0.0
29,urg_3.0,sub2,1,0,1.0,-1.0,184,24,0,3628.0,0.0,68.0,0.0,3628.0,12.7,0.5821917808219178,0.42857142857142855,0.630216587427364,0.6323529411764706,1.0,1.0,1.0,1.0
28,urg_3.0,sub2,0,0,-1.0,1.0,112,0,32,0.0,2999.0,0.0,104.0,-2999.0,15.6,0.5263157894736842,0.5,0.05343511450381679,0.08080808080808081,0.0,0.0,0.0,0.0
0,xfer_8,sub2,1,0,1.0,-1.0,162,29,0,6087.0,0.0,97.0,0.0,6087.0,16.6,0.5697674418604651,0.6153846153846154,0.7869930580928023,0.7708333333333334,1.0,1.0,1.0,1.0
27,urg_3.0,sub2,1,0,1.0,-1.0,235,32,0,2990.0,0.0,60.0,0.0,2990.0,33.3,0.5140845070422535,0.7272727272727273,0.5494716618635928,0.5102040816326531,0.8528064146620847,0.8333333333333334,1.0,1.0
3,xfer_8,sub2,0,0,-1.0,1.0,212,0,24,0.0,2125.0,0.0,44.0,-2125.0,16.6,0.47674418604651164,0.5714285714285714,0.4521400778210117,0.4146341463414634,0.003621001810500905,0.0,0.0,0.0
2,xfer_8,sub2,0,0,-1.0,1.0,252,0,24,0.0,2046.0,0.0,56.0,-2046.0,18.5,0.6855670103092784,0.38095238095238093,0.5086906141367323,0.44680851063829785,0.3285891089108911,0.40384615384615385,0.0,0.0
5,xfer_8,sub2,1,0,1.0,-1.0,190,20,0,2971.0,0.0,52.0,0.0,2971.0,9.6,0.5,0.5,0.5922787193973634,0.7446808510638298,1.0,1.0,1.0,1.0
1,xfer_8,sub2,1,0,1.0,-1.0,258,36,0,4645.0,0.0,88.0,0.0,4645.0,38.2,0.5761421319796954,0.5806451612903226,0.5090641842234199,0.4166666666666667,0.7241999280834233,0.6547619047619048,1.0,1.0
7,xfer_8,sub2,0,0,-1.0,1.0,130,0,24,0.0,2636.0,0.0,72.0,-2636.0,11.1,0.6010362694300518,0.4482758620689655,0.22100313479623823,0.25,0.0,0.0,0.0,0.0
4,xfer_8,sub2,1,0,1.0,-1.0,274,38,0,6262.0,0.0,86.0,0.0,6262.0,31.4,0.5571428571428572,0.25,0.5534441805225653,0.5416666666666666,0.7365720150530277,0.7142857142857143,1.0,1.0
8,xfer_8,sub2,0,0,-1.0,1.0,188,0,24,0.0,2669.0,0.0,76.0,-2669.0,15.0,0.5,0.5,0.44714527981910684,0.5135135135135135,0.0,0.0,0.0,0.0
6,xfer_8,sub2,0,0,-1.0,1.0,161,0,34,0.0,4809.0,0.0,106.0,-4809.0,21.6,0.46174142480211083,0.52,0.3695431472081218,0.33653846153846156,0.0,0.0,0.0,0.0
10,xfer_8,sub2,1,0,1.0,-1.0,137,32,0,3811.0,0.0,84.0,0.0,3811.0,11.2,0.6863468634686347,0.6818181818181818,0.8192007797270955,0.9078947368421053,1.0,1.0,1.0,1.0
9,xfer_8,sub2,0,0,-1.0,1.0,164,0,32,0.0,3759.0,0.0,96.0,-3759.0,16.4,0.49588477366255146,0.4117647058823529,0.41263057929724595,0.391304347826087,0.0,0.0,0.0,0.0
12,xfer_8,sub2,1,0,1.0,-1.0,212,24,0,3859.0,0.0,56.0,0.0,3859.0,13.3,0.5641025641025641,0.5555555555555556,0.6556671449067432,0.64,0.9878374369623257,1.0,1.0,1.0
11,xfer_8,sub2,0,0,-1.0,1.0,139,0,28,0.0,2491.0,0.0,88.0,-2491.0,16.2,0.5894736842105263,0.5405405405405406,0.4509711037423022,0.45454545454545453,0.0,0.0,0.0,0.0
13,xfer_8,sub2,0,0,-1.0,1.0,163,0,32,0.0,2684.0,0.0,76.0,-2684.0,14.7,0.5,0.5,0.3453650533223954,0.35294117647058826,0.0,0.0,0.0,0.0
17,xfer_8,sub2,1,0,1.0,-1.0,157,32,0,5422.0,0.0,88.0,0.0,5422.0,15.5,0.5358024691358024,0.5714285714285714,0.7532419414598,0.8372093023255814,1.0,1.0,1.0,1.0
16,xfer_8,sub2,0,0,-1.0,1.0,161,0,36,0.0,2956.0,0.0,72.0,-2956.0,25.0,0.3812154696132597,0.4230769230769231,0.34310532030401736,0.36764705882352944,0.0,0.0,0.0,0.0
14,xfer_8,sub2,1,0,1.0,-1.0,258,32,0,5782.0,0.0,80.0,0.0,5782.0,37.5,0.5272727272727272,0.5,0.5429344151453684,0.5074626865671642,0.8360655737704918,0.7763157894736842,1.0,1.0
18,xfer_8,sub2,1,0,1.0,-1.0,197,32,0,4111.0,0.0,68.0,0.0,4111.0,28.0,0.528,0.5217391304347826,0.6357904946653734,0.5846153846153846,1.0,1.0,1.0,1.0
19,xfer_8,sub2,1,0,1.0,-1.0,174,33,0,4743.0,0.0,77.0,0.0,4743.0,15.4,0.5625,0.6818181818181818,0.7977660199882423,0.6197183098591549,1.0,1.0,1.0,1.0
23,xfer_8,sub2,1,0,1.0,-1.0,115,32,0,2974.0,0.0,92.0,0.0,2974.0,5.0,0.9090909090909091,0.8333333333333334,0.9552380952380952,0.9058823529411765,1.0,1.0,1.0,1.0
20,xfer_8,sub2,1,0,1.0,-1.0,193,28,0,2692.0,0.0,56.0,0.0,2692.0,15.1,0.5,0.5,0.5567086730911787,0.6785714285714286,1.0,1.0,1.0,1.0
15,xfer_8,sub2,1,0,1.0,-1.0,279,36,0,5324.0,0.0,88.0,0.0,5324.0,49.6,0.4702194357366771,0.5405405405405406,0.5376884422110553,0.5256410256410257,0.633761105626851,0.6666666666666666,1.0,1.0
22,xfer_8,sub2,0,0,-1.0,1.0,161,0,32,0.0,3658.0,0.0,104.0,-3658.0,20.9,0.5092936802973977,0.5,0.4337560122431133,0.36082474226804123,0.0,0.0,0.0,0.0
21,xfer_8,sub2,1,0,1.0,-1.0,186,36,0,4840.0,0.0,104.0,0.0,4840.0,26.1,0.5116279069767442,0.5,0.5760142666072224,0.5934065934065934,1.0,1.0,1.0,1.0
24,xfer_8,sub2,0,0,-1.0,1.0,181,0,28,0.0,1828.0,0.0,64.0,-1828.0,18.8,0.4559386973180077,0.5833333333333334,0.45044510385756675,0.45,0.0,0.0,0.0,0.0
28,xfer_8,sub2,1,0,1.0,-1.0,138,24,0,3281.0,0.0,60.0,0.0,3281.0,5.5,0.7,0.875,0.8602985074626865,0.8666666666666667,1.0,1.0,1.0,1.0
25,xfer_8,sub2,0,0,-1.0,1.0,220,0,28,0.0,2776.0,0.0,60.0,-2776.0,19.1,0.45255474452554745,0.5,0.4512743628185907,0.46,0.022465437788018433,0.0,0.0,0.0
26,xfer_8,sub2,1,0,1.0,-1.0,238,24,0,3868.0,0.0,52.0,0.0,3868.0,18.1,0.519650655021834,0.6842105263157895,0.5406643757159221,0.5714285714285714,0.9829749103942652,1.0,1.0,1.0
29,xfer_8,sub2,1,0,1.0,-1.0,161,30,0,3518.0,0.0,78.0,0.0,3518.0,17.2,0.509493670886076,0.5,0.6517739816031537,0.6164383561643836,1.0,1.0,1.0,1.0
2,xfer_25,sub2,0,0,-1.0,1.0,162,0,32,0.0,3231.0,0.0,76.0,-3231.0,15.7,0.36464088397790057,0.4583333333333333,0.3221830985915493,0.35294117647058826,0.0,0.0,0.0,0.0
27,xfer_8,sub2,1,0,1.0,-1.0,190,32,0,5256.0,0.0,100.0,0.0,5256.0,30.3,0.6019230769230769,0.5636363636363636,0.5910364145658263,0.5,1.0,1.0,1.0,1.0
1,xfer_25,sub2,1,0,1.0,-1.0,252,28,0,4190.0,0.0,52.0,0.0,4190.0,24.6,0.42857142857142855,0.5294117647058824,0.5359628770301624,0.5,0.9223253541768441,0.9807692307692307,1.0,1.0
4,xfer_25,sub2,1,0,1.0,-1.0,169,22,0,2831.0,0.0,50.0,0.0,2831.0,8.8,0.4675324675324675,0.46153846153846156,0.7158371040723982,0.9772727272727273,1.0,1.0,1.0,1.0
0,xfer_25,sub2,1,0,1.0,-1.0,205,36,0,5326.0,0.0,84.0,0.0,5326.0,31.5,0.45741324921135645,0.5909090909090909,0.5525647536820721,0.5542168674698795,0.9970119521912351,1.0,1.0,1.0
3,xfer_25,sub2,0,0,-1.0,1.0,158,0,36,0.0,2688.0,0.0,72.0,-2688.0,18.9,0.43722943722943725,0.6,0.33539944903581265,0.24193548387096775,0.0,0.0,0.0,0.0
7,xfer_25,sub2,1,0,1.0,-1.0,178,27,0,5406.0,0.0,79.0,0.0,5406.0,10.3,0.46853146853146854,0.8,0.678974358974359,0.5657894736842105,1.0,1.0,1.0,1.0
5,xfer_25,sub2,1,0,1.0,-1.0,185,24,0,4027.0,0.0,68.0,0.0,4027.0,13.1,0.49490835030549896,0.5333333333333333,0.5592723004694836,0.515625,1.0,1.0,1.0,1.0
8,xfer_25,sub2,1,0,1.0,-1.0,204,24,0,4595.0,0.0,76.0,0.0,4595.0,14.6,0.5592105263157895,0.7241379310344828,0.6082218920257553,0.5789473684210527,0.9979564032697548,1.0,1.0,1.0
9,xfer_25,sub2,1,0,1.0,-1.0,183,28,0,4424.0,0.0,84.0,0.0,4424.0,21.5,0.6021739130434782,0.5428571428571428,0.5693401817463453,0.6025641025641025,1.0,1.0,1.0,1.0
6,xfer_25,sub2,1,0,1.0,-1.0,288,32,0,6448.0,0.0,80.0,0.0,6448.0,42.4,0.5577889447236181,0.5,0.5312629399585921,0.5,0.7119381343644272,0.8,1.0,1.0
11,xfer_25,sub2,1,0,1.0,-1.0,230,32,0,3480.0,0.0,68.0,0.0,3480.0,30.6,0.49,0.42857142857142855,0.5049645390070922,0.5405405405405406,0.9606164383561644,0.9558823529411765,1.0,1.0
10,xfer_25,sub2,0,0,-1.0,1.0,226,0,32,0.0,3812.0,0.0,104.0,-3812.0,39.7,0.5,0.5476190476190477,0.4706744868035191,0.47115384615384615,0.26172006745362564,0.21153846153846154,0.0,0.0
15,xfer_25,sub2,1,0,1.0,-1.0,189,28,0,4265.0,0.0,76.0,0.0,4265.0,17.8,0.6395348837209303,0.7692307692307693,0.7703115455100794,0.6923076923076923,1.0,1.0,1.0,1.0
14,xfer_25,sub2,1,0,1.0,-1.0,176,29,0,4390.0,0.0,81.0,0.0,4390.0,20.3,0.5704845814977973,0.46153846153846156,0.6006493506493507,0.5394736842105263,1.0,1.0,1.0,1.0
12,xfer_25,sub2,0,0,-1.0,1.0,231,0,36,0.0,4816.0,0.0,92.0,-4816.0,49.6,0.5013192612137203,0.5588235294117647,0.4892979452054795,0.46511627906976744,0.12504235852253473,0.043478260869565216,0.0,0.0
16,xfer_25,sub2,0,0,-1.0,1.0,214,0,32,0.0,2774.0,0.0,64.0,-2774.0,24.8,0.48951048951048953,0.5,0.44742268041237115,0.4090909090909091,0.016221374045801526,0.0,0.0,0.0
18,xfer_25,sub2,1,0,1.0,-1.0,167,33,0,3391.0,0.0,77.0,0.0,3391.0,15.8,0.592814371257485,0.7272727272727273,0.6351522842639594,0.6056338028169014,1.0,1.0,1.0,1.0
13,xfer_25,sub2,1,0,1.0,-1.0,348,36,0,7732.0,0.0,80.0,0.0,7732.0,58.6,0.504950495049505,0.5714285714285714,0.4940934771443246,0.52,0.5494113449875134,0.375,1.0,1.0
20,xfer_25,sub2,0,0,-1.0,1.0,145,0,32,0.0,3765.0,0.0,80.0,-3765.0,14.0,0.4888888888888889,0.5,0.18359150889271372,0.19117647058823528,0.0,0.0,0.0,0.0
17,xfer_25,sub2,0,0,-1.0,1.0,241,0,32,0.0,3025.0,0.0,68.0,-3025.0,29.5,0.4588235294117647,0.2,0.49407114624505927,0.5,0.2553816046966732,0.2923076923076923,0.0,0.0
19,xfer_25,sub2,1,0,1.0,-1.0,195,28,0,5018.0,0.0,96.0,0.0,5018.0,19.8,0.46035805626598464,0.6578947368421053,0.6015010721944246,0.5,1.0,1.0,1.0,1.0
23,xfer_25,sub2,0,0,-1.0,1.0,157,0,30,0.0,2264.0,0.0,58.0,-2264.0,13.2,0.5347222222222222,0.3793103448275862,0.3663853727144866,0.33962264150943394,0.0,0.0,0.0,0.0
25,xfer_25,sub2,0,0,-1.0,1.0,165,0,32,0.0,3761.0,0.0,112.0,-3761.0,21.4,0.7517006802721088,0.6538461538461539,0.47601246105919004,0.375,0.0,0.0,0.0,0.0
24,xfer_25,sub2,0,0,-1.0,1.0,167,0,36,0.0,2119.0,0.0,64.0,-2119.0,24.6,0.4966887417218543,0.45454545454545453,0.4820965230928905,0.45,0.0,0.0,0.0,0.0
22,xfer_25,sub2,1,0,1.0,-1.0,294,24,0,5654.0,0.0,88.0,0.0,5654.0,26.6,0.4909090909090909,0.5714285714285714,0.4745318352059925,0.5340909090909091,0.5711852861035422,0.5681818181818182,1.0,1.0
21,xfer_25,sub2,0,0,-1.0,1.0,191,0,36,0.0,2376.0,0.0,88.0,-2376.0,36.5,0.4963235294117647,0.52,0.468780487804878,0.5058823529411764,0.0,0.0,0.0,0.0
29,xfer_25,sub2,1,0,1.0,-1.0,129,28,0,3864.0,0.0,76.0,0.0,3864.0,8.1,0.6467391304347826,0.56,0.8641304347826086,0.9868421052631579,1.0,1.0,1.0,1.0
26,xfer_25,sub2,0,0,-1.0,1.0,180,0,32,0.0,3296.0,0.0,100.0,-3296.0,20.6,0.49615384615384617,0.631578947368421,0.4548254620123203,0.38461538461538464,0.0,0.0,0.0,0.0
28,xfer_25,sub2,0,0,-1.0,1.0,146,0,24,0.0,2834.0,0.0,52.0,-2834.0,10.7,0.5082644628099173,0.5,0.32632293080054275,0.09615384615384616,0.0,0.0,0.0,0.0
27,xfer_25,sub2,1,0,1.0,-1.0,166,34,0,4275.0,0.0,78.0,0.0,4275.0,15.4,0.5811965811965812,0.7647058823529411,0.7056,0.6142857142857143,1.0,1.0,1.0,1.0
0,combo_front,sub2,1,0,1.0,-1.0,171,29,0,3637.0,0.0,77.0,0.0,3637.0,14.7,0.7162162162162162,0.45454545454545453,0.6096491228070176,0.5211267605633803,1.0,1.0,1.0,1.0
3,combo_front,sub2,1,0,1.0,-1.0,168,29,0,4367.0,0.0,69.0,0.0,4367.0,12.2,0.5615384615384615,0.5882352941176471,0.7053093034583536,0.6764705882352942,1.0,1.0,1.0,1.0
1,combo_front,sub2,1,0,1.0,-1.0,171,30,0,4122.0,0.0,82.0,0.0,4122.0,18.1,0.5182072829131653,0.53125,0.7023809523809523,0.65,1.0,1.0,1.0,1.0
7,combo_front,sub2,0,0,-1.0,1.0,108,0,18,0.0,1873.0,0.0,58.0,-1873.0,6.4,0.503448275862069,0.5238095238095238,0.09577922077922078,0.034482758620689655,0.0,0.0,0.0,0.0
4,combo_front,sub2,0,0,-1.0,1.0,185,0,30,0.0,1669.0,0.0,62.0,-1669.0,26.6,0.5540540540540541,0.6666666666666666,0.5157303370786517,0.54,0.0,0.0,0.0,0.0
2,combo_front,sub2,1,0,1.0,-1.0,225,32,0,4026.0,0.0,68.0,0.0,4026.0,31.7,0.42890995260663506,0.5121951219512195,0.5194730813287515,0.4262295081967213,0.9128056628056628,0.8235294117647058,1.0,1.0
8,combo_front,sub2,0,0,-1.0,1.0,204,0,20,0.0,1579.0,0.0,40.0,-1579.0,15.9,0.5,0.5,0.45544554455445546,0.4722222222222222,0.013280212483399735,0.0,0.0,0.0
6,combo_front,sub2,1,0,1.0,-1.0,218,28,0,6587.0,0.0,84.0,0.0,6587.0,25.7,0.48008849557522126,0.5277777777777778,0.5662547933532168,0.5128205128205128,0.9967345370726085,1.0,1.0,1.0
5,combo_front,sub2,1,0,1.0,-1.0,233,32,0,6657.0,0.0,96.0,0.0,6657.0,34.6,0.5364963503649635,0.5348837209302325,0.5943396226415094,0.6145833333333334,0.9869843370836091,0.9895833333333334,1.0,1.0
10,combo_front,sub2,1,0,1.0,-1.0,175,28,0,3472.0,0.0,72.0,0.0,3472.0,11.6,0.5674740484429066,0.4166666666666667,0.6078614880673842,0.5735294117647058,1.0,1.0,1.0,1.0
9,combo_front,sub2,0,0,-1.0,1.0,206,0,24,0.0,3688.0,0.0,76.0,-3688.0,17.3,0.5333333333333333,0.47058823529411764,0.4811095169775227,0.40789473684210525,0.008095952023988006,0.0,0.0,0.0
11,combo_front,sub2,0,0,-1.0,1.0,200,0,24,0.0,2422.0,0.0,68.0,-2422.0,16.8,0.5425531914893617,0.4117647058823529,0.4721615720524017,0.5,0.0,0.0,0.0,0.0
15,combo_front,sub2,0,0,-1.0,1.0,145,0,36,0.0,4364.0,0.0,100.0,-4364.0,19.8,0.587431693989071,0.475,0.2901531728665208,0.23404255319148937,0.0,0.0,0.0,0.0
14,combo_front,sub2,0,0,-1.0,1.0,214,0,28,0.0,4196.0,0.0,64.0,-4196.0,24.9,0.5511811023622047,0.6111111111111112,0.44370860927152317,0.421875,0.002364066193853428,0.0,0.0,0.0
12,combo_front,sub2,1,0,1.0,-1.0,385,20,0,6123.0,0.0,60.0,0.0,6123.0,28.6,0.48729792147806006,0.5384615384615384,0.5104408352668214,0.4230769230769231,0.5384073291050036,0.5333333333333333,1.0,1.0
16,combo_front,sub2,0,0,-1.0,1.0,203,0,28,0.0,3852.0,0.0,84.0,-3852.0,18.7,0.5371024734982333,0.5,0.4631639063392347,0.40540540540540543,0.0018929150892374256,0.0,0.0,0.0
17,combo_front,sub2,0,0,-1.0,1.0,153,0,20,0.0,2640.0,0.0,60.0,-2640.0,9.8,0.4254278728606357,0.47058823529411764,0.42631058358061324,0.38333333333333336,0.0,0.0,0.0,0.0
13,combo_front,sub2,0,0,-1.0,1.0,260,0,36,0.0,2874.0,0.0,92.0,-2874.0,37.8,0.4435483870967742,0.5,0.4921946740128558,0.5116279069767442,0.44504262000897266,0.5227272727272727,0.0,0.0
18,combo_front,sub2,1,0,1.0,-1.0,190,28,0,4636.0,0.0,96.0,0.0,4636.0,24.0,0.4744525547445255,0.4666666666666667,0.6223867595818815,0.5,1.0,1.0,1.0,1.0
19,combo_front,sub2,1,0,1.0,-1.0,203,36,0,4810.0,0.0,76.0,0.0,4810.0,23.2,0.5357142857142857,0.5,0.5254798146922568,0.59375,0.9961653174265019,1.0,1.0,1.0
23,combo_front,sub2,1,0,1.0,-1.0,157,29,0,4706.0,0.0,81.0,0.0,4706.0,10.6,0.5126903553299492,0.5,0.675786035116374,0.625,1.0,1.0,1.0,1.0
24,combo_front,sub2,1,0,1.0,-1.0,222,24,0,4869.0,0.0,84.0,0.0,4869.0,20.9,0.5769230769230769,0.5454545454545454,0.5472467709041469,0.5714285714285714,0.9785932721712538,1.0,1.0,1.0
21,combo_front,sub2,0,0,-1.0,1.0,240,0,32,0.0,4705.0,0.0,96.0,-4705.0,35.7,0.5437881873727087,0.475,0.546775130737943,0.5053763440860215,0.2604501607717042,0.1875,0.0,0.0
20,combo_front,sub2,1,0,1.0,-1.0,212,40,0,6203.0,0.0,96.0,0.0,6203.0,39.6,0.4880694143167028,0.5365853658536586,0.6092369477911647,0.49473684210526314,0.981658244431967,1.0,1.0,1.0
25,combo_front,sub2,1,0,1.0,-1.0,167,38,0,5667.0,0.0,102.0,0.0,5667.0,18.2,0.9243697478991597,0.9285714285714286,0.81515909903468,0.7808219178082192,1.0,1.0,1.0,1.0
22,combo_front,sub2,1,0,1.0,-1.0,282,38,0,4662.0,0.0,66.0,0.0,4662.0,45.1,0.44776119402985076,0.4444444444444444,0.5443383356070941,0.5517241379310345,0.651277823577906,0.6666666666666666,1.0,1.0
27,combo_front,sub2,1,0,1.0,-1.0,265,30,0,3500.0,0.0,58.0,0.0,3500.0,23.7,0.43790849673202614,0.5714285714285714,0.5363321799307958,0.4642857142857143,0.7131566713156672,0.75,1.0,1.0
0,combo_reach,sub2,1,0,1.0,-1.0,222,24,0,3690.0,0.0,76.0,0.0,3690.0,18.5,0.47674418604651164,0.5384615384615384,0.5692541856925418,0.6212121212121212,0.9357231149567367,1.0,1.0,1.0
1,combo_reach,sub2,1,0,1.0,-1.0,135,28,0,3257.0,0.0,68.0,0.0,3257.0,8.6,0.5693215339233039,0.56,0.8702669149596524,0.9682539682539683,1.0,1.0,1.0,1.0
26,combo_front,sub2,1,0,1.0,-1.0,266,33,0,6177.0,0.0,81.0,0.0,6177.0,36.4,0.6317829457364341,0.7619047619047619,0.5375802016498625,0.45569620253164556,0.7451576148879605,0.875,1.0,1.0
28,combo_front,sub2,0,0,-1.0,1.0,262,0,32,0.0,4194.0,0.0,108.0,-4194.0,37.7,0.6253012048192771,0.5,0.5039714058776807,0.5,0.4326561324303988,0.4230769230769231,0.0,0.0
29,combo_front,sub2,1,0,1.0,-1.0,288,32,0,5391.0,0.0,60.0,0.0,5391.0,32.3,0.6547619047619048,0.5,0.5689783743475019,0.5614035087719298,0.7482133040131941,0.7833333333333333,1.0,1.0
6,combo_reach,sub2,1,0,1.0,-1.0,209,20,0,1905.0,0.0,40.0,0.0,1905.0,13.6,0.6293103448275862,0.4375,0.5856832971800434,0.6410256410256411,0.9835972850678733,1.0,1.0,1.0
2,combo_reach,sub2,1,0,1.0,-1.0,251,32,0,5108.0,0.0,72.0,0.0,5108.0,29.9,0.4948875255623722,0.5789473684210527,0.5052910052910053,0.43283582089552236,0.846441947565543,0.8472222222222222,1.0,1.0
5,combo_reach,sub2,1,0,1.0,-1.0,229,36,0,3410.0,0.0,68.0,0.0,3410.0,21.3,0.5,0.5,0.6296296296296297,0.7368421052631579,0.9401005944215821,0.9836065573770492,1.0,1.0
3,combo_reach,sub2,1,0,1.0,-1.0,249,32,0,6988.0,0.0,84.0,0.0,6988.0,34.7,0.6200873362445415,0.391304347826087,0.6264020707506471,0.5316455696202531,0.9847715736040609,0.9880952380952381,1.0,1.0
4,combo_reach,sub2,1,0,1.0,-1.0,209,36,0,5664.0,0.0,112.0,0.0,5664.0,33.8,0.5534591194968553,0.7,0.6216690042075736,0.5714285714285714,0.9950320844545643,1.0,1.0,1.0
7,combo_reach,sub2,0,0,-1.0,1.0,137,0,32,0.0,3349.0,0.0,96.0,-3349.0,17.1,0.539568345323741,0.5306122448979592,0.32097560975609757,0.3010752688172043,0.0,0.0,0.0,0.0
9,combo_reach,sub2,1,0,1.0,-1.0,174,32,0,5568.0,0.0,104.0,0.0,5568.0,20.3,0.5369127516778524,0.8235294117647058,0.6003472222222223,0.625,1.0,1.0,1.0,1.0
8,combo_reach,sub2,1,0,1.0,-1.0,207,32,0,2890.0,0.0,64.0,0.0,2890.0,22.7,0.6666666666666666,0.7777777777777778,0.5759587020648967,0.5423728813559322,0.996116504854369,0.984375,1.0,1.0
10,combo_reach,sub2,0,0,-1.0,1.0,173,0,28,0.0,3225.0,0.0,76.0,-3225.0,16.6,0.42669584245076586,0.5517241379310345,0.3561111111111111,0.375,0.0,0.0,0.0,0.0
11,combo_reach,sub2,0,0,-1.0,1.0,125,0,32,0.0,3369.0,0.0,88.0,-3369.0,14.5,0.5046948356807511,0.5294117647058824,0.1638564634673584,0.05813953488372093,0.0,0.0,0.0,0.0
12,combo_reach,sub2,1,0,1.0,-1.0,236,20,0,3212.0,0.0,48.0,0.0,3212.0,15.0,0.6761904761904762,0.5,0.6390293225480284,0.46153846153846156,0.9391752577319588,0.9791666666666666,1.0,1.0
13,combo_reach,sub2,1,0,1.0,-1.0,149,24,0,3187.0,0.0,68.0,0.0,3187.0,9.9,0.5232558139534884,0.5833333333333334,0.6899328859060403,0.7575757575757576,1.0,1.0,1.0,1.0
17,combo_reach,sub2,0,0,-1.0,1.0,133,0,32,0.0,3181.0,0.0,76.0,-3181.0,11.4,0.5054945054945055,0.4666666666666667,0.16842105263157894,0.1111111111111111,0.0,0.0,0.0,0.0
14,combo_reach,sub2,0,0,-1.0,1.0,159,0,32,0.0,3120.0,0.0,92.0,-3120.0,19.3,0.3435897435897436,0.5454545454545454,0.4278561675011379,0.3977272727272727,0.0,0.0,0.0,0.0
16,combo_reach,sub2,1,0,1.0,-1.0,166,32,0,5062.0,0.0,84.0,0.0,5062.0,18.4,0.5817307692307693,0.7777777777777778,0.6572549019607843,0.75,1.0,1.0,1.0,1.0
15,combo_reach,sub2,0,0,-1.0,1.0,141,0,32,0.0,3049.0,0.0,76.0,-3049.0,19.8,0.5027173913043478,0.59375,0.31101511879049676,0.3026315789473684,0.0,0.0,0.0,0.0
19,combo_reach,sub2,0,0,-1.0,1.0,185,0,24,0.0,2768.0,0.0,72.0,-2768.0,14.5,0.4085603112840467,0.5263157894736842,0.46673438293550024,0.5,0.0,0.0,0.0,0.0
22,combo_reach,sub2,1,0,1.0,-1.0,217,20,0,2742.0,0.0,48.0,0.0,2742.0,14.1,0.41346153846153844,0.5833333333333334,0.6152527849185947,0.6,0.9719314938154139,0.9375,1.0,1.0
20,combo_reach,sub2,0,0,-1.0,1.0,149,0,36,0.0,2855.0,0.0,68.0,-2855.0,18.8,0.5138888888888888,0.6428571428571429,0.3807285546415981,0.3181818181818182,0.0,0.0,0.0,0.0
21,combo_reach,sub2,0,0,-1.0,1.0,165,0,36,0.0,3606.0,0.0,92.0,-3606.0,25.3,0.4859550561797753,0.5714285714285714,0.37839248434237993,0.4318181818181818,0.0,0.0,0.0,0.0
24,combo_reach,sub2,1,0,1.0,-1.0,186,24,0,6012.0,0.0,80.0,0.0,6012.0,10.3,0.5966101694915255,0.7391304347826086,0.6583394562821455,0.75,1.0,1.0,1.0,1.0
26,combo_reach,sub2,0,0,-1.0,1.0,128,0,20,0.0,2333.0,0.0,60.0,-2333.0,7.8,0.5445544554455446,0.6,0.19041986989946777,0.1206896551724138,0.0,0.0,0.0,0.0
23,combo_reach,sub2,0,0,-1.0,1.0,206,0,32,0.0,3071.0,0.0,72.0,-3071.0,25.3,0.4482758620689655,0.625,0.485553206483439,0.4745762711864407,0.002565042139978014,0.0,0.0,0.0
18,combo_reach,sub2,1,0,1.0,-1.0,274,40,0,4265.0,0.0,68.0,0.0,4265.0,46.4,0.515,0.4666666666666667,0.5316007088009451,0.47540983606557374,0.7469733656174334,0.609375,1.0,1.0
28,combo_reach,sub2,1,0,1.0,-1.0,193,24,0,2863.0,0.0,40.0,0.0,2863.0,10.2,0.47863247863247865,0.6,0.7535101404056163,0.84375,1.0,1.0,1.0,1.0
25,combo_reach,sub2,0,0,-1.0,1.0,176,0,44,0.0,3691.0,0.0,96.0,-3691.0,35.3,0.4793388429752066,0.5294117647058824,0.4861526946107784,0.41379310344827586,0.0,0.0,0.0,0.0
27,combo_reach,sub2,1,0,1.0,-1.0,227,36,0,4791.0,0.0,72.0,0.0,4791.0,39.5,0.4805194805194805,0.43478260869565216,0.5172719220549159,0.5277777777777778,0.9494607087827427,1.0,1.0,1.0
29,combo_reach,sub2,1,0,1.0,-1.0,326,36,0,16365.0,0.0,96.0,0.0,16365.0,57.8,0.550185873605948,0.5294117647058824,0.5946232755571277,0.5789473684210527,0.8679311556023884,0.90625,1.0,1.0
