seed,w_ships,w_n_cross,w_wnn_close_res,reward_our,reward_sub,win,draw,steps,ships_our_final,ships_sub_final,ships_diff,match_time_sec,round
1,-1.0,0.3,-0.8,1,-1,1,0,156,3241,0,3241,7.6,0
0,-1.0,0.3,-0.4,-1,1,0,0,128,0,788,-788,8.2,0
1,-1.0,0.3,0.4,1,-1,1,0,147,2938,0,2938,5.0,0
0,-1.0,0.3,-0.8,1,-1,1,0,154,2174,0,2174,15.5,0
0,-1.0,0.3,0.4,-1,1,0,0,156,0,566,-566,17.6,0
1,-1.0,0.3,-0.4,1,-1,1,0,172,3277,0,3277,17.7,0
0,-1.0,0.5,-0.8,1,-1,1,0,157,4993,0,4993,10.4,0
0,-1.0,0.3,0.8,1,-1,1,0,321,2131,0,2131,17.9,0
1,-1.0,0.5,-0.8,1,-1,1,0,193,3833,0,3833,8.9,0
0,-1.0,0.5,0.4,1,-1,1,0,120,3455,0,3455,7.3,0
1,-1.0,0.5,0.4,1,-1,1,0,113,4126,0,4126,7.1,0
1,-1.0,0.3,0.8,1,-1,1,0,218,4799,0,4799,29.9,0
0,-1.0,0.5,-0.4,-1,1,0,0,194,0,2945,-2945,25.1,0
1,-1.0,0.5,0.8,1,-1,1,0,158,5423,0,5423,11.1,0
1,-1.0,0.5,-0.4,1,-1,1,0,199,4418,0,4418,21.0,0
0,-1.0,0.5,0.8,1,-1,1,0,193,2959,0,2959,15.0,0
1,-1.0,0.7,-0.8,1,-1,1,0,145,1840,0,1840,5.7,0
0,-1.0,0.7,-0.4,1,-1,1,0,155,3716,0,3716,8.7,0
1,-1.0,0.7,0.4,-1,1,0,0,150,0,428,-428,11.1,0
1,-1.0,0.7,-0.4,-1,1,0,0,170,0,1120,-1120,13.8,0
0,-1.0,0.7,0.4,-1,1,0,0,182,0,640,-640,14.4,0
1,-1.0,0.9,-0.8,1,-1,1,0,187,2303,0,2303,11.7,0
1,-1.0,0.7,0.8,1,-1,1,0,178,5269,0,5269,15.6,0
0,-1.0,0.9,-0.8,1,-1,1,0,241,2926,0,2926,15.1,0
0,-1.0,0.7,-0.8,-1,1,0,0,288,0,926,-926,36.4,0
0,-1.0,0.9,-0.4,1,-1,1,0,163,2823,0,2823,8.8,0
0,-1.0,0.9,0.4,1,-1,1,0,192,2359,0,2359,17.2,0
1,-1.0,0.9,0.4,-1,1,0,0,153,0,851,-851,14.6,0
1,-1.0,0.9,-0.4,1,-1,1,0,219,2669,0,2669,20.4,0
0,-1.0,0.9,0.8,1,-1,1,0,276,3341,0,3341,18.5,0
1,-1.0,0.9,0.8,-1,1,0,0,159,0,1006,-1006,11.5,0
1,-1.0,1.1,-0.8,1,-1,1,0,171,5591,0,5591,13.2,0
1,-1.0,1.1,-0.4,-1,1,0,0,154,0,487,-487,9.6,0
0,-1.0,1.1,0.4,-1,1,0,0,108,0,486,-486,9.5,0
0,-1.0,1.1,-0.8,-1,1,0,0,241,0,2254,-2254,26.1,0
1,-1.0,1.1,0.4,1,-1,1,0,171,1965,0,1965,8.9,0
0,-1.0,0.7,0.8,-1,1,0,0,470,0,635,-635,71.6,0
0,-1.0,1.1,0.8,-1,1,0,0,130,0,2773,-2773,14.9,0
1,-0.3,0.3,-0.8,-1,1,0,0,155,0,815,-815,9.4,0
1,-1.0,1.1,0.8,-1,1,0,0,169,0,3054,-3054,15.6,0
0,-0.3,0.3,-0.8,-1,1,0,0,193,0,2527,-2527,14.4,0
0,-1.0,1.1,-0.4,-1,1,0,0,308,0,4067,-4067,36.2,0
0,-0.3,0.3,0.4,-1,1,0,0,169,0,1764,-1764,9.9,0
0,-0.3,0.3,0.8,1,-1,1,0,115,2822,0,2822,7.0,0
1,-0.3,0.3,-0.4,1,-1,1,0,183,4830,0,4830,19.2,0
1,-0.3,0.3,0.8,1,-1,1,0,163,2704,0,2704,11.8,0
0,-0.3,0.3,-0.4,-1,1,0,0,221,0,2233,-2233,24.5,0
1,-0.3,0.3,0.4,1,-1,1,0,213,5414,0,5414,26.3,0
1,-0.3,0.5,-0.4,1,-1,1,0,162,2511,0,2511,8.8,0
1,-0.3,0.5,-0.8,1,-1,1,0,158,2305,0,2305,15.5,0
0,-0.3,0.5,-0.8,-1,1,0,0,214,0,2565,-2565,25.9,0
0,-0.3,0.5,-0.4,1,-1,1,0,162,2716,0,2716,14.9,0
0,-0.3,0.5,0.8,1,-1,1,0,153,4104,0,4104,8.5,0
0,-0.3,0.5,0.4,-1,1,0,0,147,0,2664,-2664,14.2,0
1,-0.3,0.5,0.4,1,-1,1,0,165,3578,0,3578,13.7,0
1,-0.3,0.5,0.8,-1,1,0,0,137,0,2285,-2285,12.9,0
0,-0.3,0.7,-0.4,-1,1,0,0,137,0,886,-886,13.5,0
1,-0.3,0.7,-0.4,1,-1,1,0,163,4888,0,4888,13.0,0
1,-0.3,0.7,-0.8,-1,1,0,0,176,0,757,-757,16.0,0
0,-0.3,0.7,-0.8,-1,1,0,0,228,0,3681,-3681,24.6,0
0,-0.3,0.7,0.4,-1,1,0,0,176,0,1006,-1006,12.8,0
1,-0.3,0.7,0.8,-1,1,0,0,113,0,1055,-1055,8.3,0
1,-0.3,0.7,0.4,-1,1,0,0,129,0,878,-878,13.3,0
0,-0.3,0.7,0.8,1,-1,1,0,156,5760,0,5760,16.8,0
0,-0.3,0.9,-0.4,1,-1,1,0,121,2644,0,2644,9.1,0
0,-0.3,0.9,-0.8,-1,1,0,0,166,0,2230,-2230,15.3,0
0,-0.3,0.9,0.4,-1,1,0,0,139,0,2517,-2517,9.3,0
1,-0.3,0.9,-0.4,1,-1,1,0,189,3299,0,3299,15.4,0
1,-0.3,0.9,-0.8,1,-1,1,0,198,4959,0,4959,25.1,0
1,-0.3,0.9,0.4,1,-1,1,0,151,5640,0,5640,10.6,0
0,-0.3,0.9,0.8,-1,1,0,0,141,0,557,-557,11.1,0
0,-0.3,1.1,-0.8,-1,1,0,0,156,0,874,-874,12.1,0
1,-0.3,0.9,0.8,1,-1,1,0,162,3579,0,3579,15.2,0
1,-0.3,1.1,-0.8,1,-1,1,0,240,3924,0,3924,14.2,0
0,-0.3,1.1,0.4,-1,1,0,0,130,0,2598,-2598,9.5,0
1,-0.3,1.1,0.4,-1,1,0,0,139,0,507,-507,7.3,0
1,-0.3,1.1,-0.4,-1,1,0,0,153,0,843,-843,21.5,0
0,-0.3,1.1,0.8,-1,1,0,0,114,0,1581,-1581,10.3,0
1,-0.3,1.1,0.8,1,-1,1,0,169,3110,0,3110,12.9,0
0,-0.3,1.1,-0.4,1,-1,1,0,246,5316,0,5316,37.1,0
1,0.2,0.3,-0.8,-1,1,0,0,155,0,3501,-3501,14.9,0
0,0.2,0.3,-0.8,1,-1,1,0,269,3314,0,3314,22.5,0
0,0.2,0.3,-0.4,1,-1,1,0,181,4475,0,4475,22.6,0
1,0.2,0.3,0.4,-1,1,0,0,184,0,2268,-2268,12.2,0
0,0.2,0.3,0.4,1,-1,1,0,222,2780,0,2780,14.9,0
1,0.2,0.3,0.8,-1,1,0,0,133,0,854,-854,7.7,0
0,0.2,0.5,-0.8,1,-1,1,0,142,3237,0,3237,6.0,0
1,0.2,0.3,-0.4,-1,1,0,0,192,0,2975,-2975,23.2,0
0,0.2,0.3,0.8,1,-1,1,0,199,3188,0,3188,16.3,0
1,0.2,0.5,-0.4,1,-1,1,0,158,4189,0,4189,12.8,0
0,0.2,0.5,0.4,-1,1,0,0,143,0,4004,-4004,12.7,0
1,0.2,0.5,0.4,1,-1,1,0,165,3246,0,3246,10.9,0
0,0.2,0.5,-0.4,-1,1,0,0,137,0,977,-977,15.4,0
1,0.2,0.5,-0.8,1,-1,1,0,198,5881,0,5881,18.9,0
1,0.2,0.5,0.8,1,-1,1,0,162,2694,0,2694,7.2,0
0,0.2,0.7,-0.4,1,-1,1,0,165,2707,0,2707,9.5,0
0,0.2,0.7,-0.8,1,-1,1,0,128,3591,0,3591,10.7,0
1,0.2,0.7,-0.4,1,-1,1,0,149,2511,0,2511,6.6,0
1,0.2,0.7,-0.8,1,-1,1,0,182,3506,0,3506,13.4,0
0,0.2,0.5,0.8,1,-1,1,0,203,3955,0,3955,19.8,0
0,0.2,0.7,0.4,1,-1,1,0,190,1905,0,1905,11.2,0
1,0.2,0.7,0.4,-1,1,0,0,140,0,2529,-2529,12.9,0
1,0.2,0.7,0.8,-1,1,0,0,173,0,1067,-1067,10.2,0
0,0.2,0.9,-0.8,-1,1,0,0,176,0,2093,-2093,17.3,0
1,0.2,0.9,-0.8,1,-1,1,0,184,4148,0,4148,14.1,0
0,0.2,0.7,0.8,-1,1,0,0,290,0,2171,-2171,23.6,0
0,0.2,0.9,-0.4,1,-1,1,0,225,3415,0,3415,13.1,0
1,0.2,0.9,0.4,1,-1,1,0,141,3475,0,3475,5.0,0
0,0.2,0.9,0.8,1,-1,1,0,155,2353,0,2353,9.3,0
0,0.2,0.9,0.4,-1,1,0,0,162,0,1562,-1562,18.0,0
1,0.2,0.9,-0.4,1,-1,1,0,242,6930,0,6930,31.5,0
1,0.2,0.9,0.8,1,-1,1,0,195,4444,0,4444,19.9,0
0,0.2,1.1,-0.8,1,-1,1,0,182,4296,0,4296,20.7,0
0,0.2,1.1,-0.4,1,-1,1,0,173,3241,0,3241,8.4,0
1,0.2,1.1,-0.4,1,-1,1,0,158,3867,0,3867,11.4,0
0,0.2,1.1,0.4,1,-1,1,0,198,3440,0,3440,10.3,0
1,0.2,1.1,-0.8,-1,1,0,0,182,0,1936,-1936,22.5,0
0,0.2,1.1,0.8,-1,1,0,0,126,0,1944,-1944,9.7,0
1,0.2,1.1,0.8,1,-1,1,0,193,3465,0,3465,15.2,0
0,0.5,0.3,-0.8,-1,1,0,0,152,0,921,-921,17.2,0
0,0.5,0.3,-0.4,1,-1,1,0,162,4846,0,4846,16.0,0
1,0.2,1.1,0.4,1,-1,1,0,236,3580,0,3580,28.8,0
1,0.5,0.3,-0.4,-1,1,0,0,107,0,549,-549,11.9,0
0,0.5,0.3,0.4,-1,1,0,0,121,0,567,-567,10.0,0
1,0.5,0.3,-0.8,1,-1,1,0,256,4532,0,4532,30.2,0
1,0.5,0.3,0.4,-1,1,0,0,160,0,1198,-1198,18.0,0
1,0.5,0.5,-0.8,-1,1,0,0,196,0,656,-656,10.9,0
0,0.5,0.3,0.8,-1,1,0,0,224,0,3397,-3397,25.8,0
1,0.5,0.5,-0.4,1,-1,1,0,159,3600,0,3600,7.2,0
0,0.5,0.5,-0.8,1,-1,1,0,202,5231,0,5231,24.3,0
0,0.5,0.5,-0.4,1,-1,1,0,161,4343,0,4343,14.3,0
1,0.5,0.5,0.4,-1,1,0,0,95,0,507,-507,6.0,0
0,0.5,0.5,0.8,1,-1,1,0,196,2519,0,2519,5.8,0
0,0.5,0.5,0.4,1,-1,1,0,176,2783,0,2783,11.9,0
1,0.5,0.3,0.8,-1,1,0,0,291,0,3259,-3259,39.7,0
1,0.5,0.5,0.8,1,-1,1,0,177,3380,0,3380,15.7,0
1,0.5,0.7,-0.8,-1,1,0,0,154,0,1593,-1593,13.2,0
0,0.5,0.7,-0.8,-1,1,0,0,151,0,1394,-1394,16.6,0
0,0.5,0.7,-0.4,-1,1,0,0,152,0,1071,-1071,12.0,0
1,0.5,0.7,-0.4,-1,1,0,0,205,0,453,-453,9.2,0
0,0.5,0.7,0.4,1,-1,1,0,176,3431,0,3431,13.3,0
1,0.5,0.7,0.4,-1,1,0,0,166,0,2380,-2380,12.0,0
0,0.5,0.9,-0.8,-1,1,0,0,138,0,431,-431,13.0,0
1,0.5,0.7,0.8,1,-1,1,0,205,5675,0,5675,17.2,0
0,0.5,0.9,-0.4,1,-1,1,0,189,2418,0,2418,10.6,0
0,0.5,0.7,0.8,1,-1,1,0,209,4412,0,4412,22.1,0
1,0.5,0.9,-0.4,-1,1,0,0,108,0,521,-521,6.0,0
1,0.5,0.9,-0.8,-1,1,0,0,188,0,1362,-1362,19.5,0
1,0.5,0.9,0.4,1,-1,1,0,219,7937,0,7937,11.7,0
0,0.5,0.9,0.8,1,-1,1,0,159,4242,0,4242,11.0,0
0,0.5,1.1,-0.8,1,-1,1,0,155,3106,0,3106,7.1,0
0,0.5,1.1,-0.4,1,-1,1,0,167,3163,0,3163,10.6,0
1,0.5,0.9,0.8,1,-1,1,0,220,5558,0,5558,21.1,0
1,0.5,1.1,-0.4,-1,1,0,0,114,0,546,-546,11.9,0
0,0.5,1.1,0.4,1,-1,1,0,152,2159,0,2159,8.8,0
0,0.5,0.9,0.4,1,-1,1,0,281,9323,0,9323,38.7,0
1,0.5,1.1,-0.8,-1,1,0,0,211,0,917,-917,26.3,0
0,0.5,1.1,0.8,-1,1,0,0,182,0,605,-605,13.1,0
0,0.7,0.3,-0.8,-1,1,0,0,144,0,1611,-1611,10.3,0
1,0.5,1.1,0.8,-1,1,0,0,115,0,741,-741,15.0,0
0,0.7,0.3,-0.4,1,-1,1,0,124,3143,0,3143,7.3,0
1,0.5,1.1,0.4,1,-1,1,0,188,6406,0,6406,27.6,0
1,0.7,0.3,-0.4,-1,1,0,0,133,0,796,-796,4.2,0
1,0.7,0.3,-0.8,-1,1,0,0,190,0,1037,-1037,12.6,0
0,0.7,0.3,0.4,-1,1,0,0,146,0,3601,-3601,12.3,0
1,0.7,0.3,0.8,1,-1,1,0,140,4000,0,4000,8.4,0
0,0.7,0.3,0.8,-1,1,0,0,146,0,600,-600,10.4,0
1,0.7,0.3,0.4,1,-1,1,0,192,4133,0,4133,15.4,0
1,0.7,0.5,-0.8,-1,1,0,0,141,0,1494,-1494,8.5,0
0,0.7,0.5,-0.4,1,-1,1,0,174,3567,0,3567,9.6,0
0,0.7,0.5,0.4,-1,1,0,0,97,0,280,-280,5.6,0
0,0.7,0.5,-0.8,-1,1,0,0,215,0,2156,-2156,26.6,0
1,0.7,0.5,0.4,1,-1,1,0,191,3268,0,3268,13.7,0
1,0.7,0.5,-0.4,1,-1,1,0,247,5091,0,5091,24.4,0
1,0.7,0.7,-0.8,1,-1,1,0,198,2751,0,2751,10.7,0
0,0.7,0.7,-0.8,1,-1,1,0,161,4631,0,4631,14.8,0
1,0.7,0.7,-0.4,1,-1,1,0,145,2376,0,2376,4.8,0
1,0.7,0.5,0.8,1,-1,1,0,272,3520,0,3520,27.7,0
0,0.7,0.5,0.8,1,-1,1,0,227,5565,0,5565,34.4,0
1,0.7,0.7,0.4,-1,1,0,0,168,0,407,-407,9.8,0
0,0.7,0.7,-0.4,1,-1,1,0,283,2976,0,2976,25.1,0
0,0.7,0.7,0.8,1,-1,1,0,248,3117,0,3117,14.8,0
0,0.7,0.7,0.4,-1,1,0,0,185,0,3414,-3414,20.9,0
1,0.7,0.7,0.8,-1,1,0,0,166,0,3204,-3204,13.9,0
0,0.7,0.9,-0.4,-1,1,0,0,112,0,449,-449,6.1,0
1,0.7,0.9,-0.8,-1,1,0,0,222,0,2141,-2141,11.2,0
0,0.7,0.9,-0.8,-1,1,0,0,231,0,1067,-1067,25.3,0
0,0.7,0.9,0.4,-1,1,0,0,145,0,3036,-3036,14.9,0
1,0.7,0.9,-0.4,1,-1,1,0,225,4256,0,4256,19.8,0
1,0.7,0.9,0.4,1,-1,1,0,161,4410,0,4410,16.5,0
0,0.7,0.9,0.8,-1,1,0,0,177,0,5211,-5211,18.1,0
1,0.7,0.9,0.8,-1,1,0,0,176,0,3765,-3765,17.1,0
0,0.7,1.1,-0.4,1,-1,1,0,243,3224,0,3224,15.7,0
0,0.7,1.1,-0.8,1,-1,1,0,160,2692,0,2692,23.8,0
0,0.7,1.1,0.8,-1,1,0,0,126,0,1521,-1521,6.1,0
1,0.7,1.1,0.4,-1,1,0,0,188,0,965,-965,12.6,0
1,0.7,1.1,-0.8,1,-1,1,0,282,7400,0,7400,32.0,0
1,0.7,1.1,-0.4,1,-1,1,0,289,3396,0,3396,27.8,0
0,0.7,1.1,0.4,1,-1,1,0,217,5907,0,5907,24.6,0
1,0.7,1.1,0.8,1,-1,1,0,187,1167,0,1167,13.6,0
1000,0.2,0.9,-0.4,1,-1,1,0,242,4149,0,4149,11.1,1
1000,0.5,0.9,0.4,1,-1,1,0,172,4458,0,4458,12.4,1
1002,0.5,0.9,0.4,-1,1,0,0,186,0,2395,-2395,19.1,1
1001,0.5,0.9,0.4,-1,1,0,0,199,0,909,-909,24.4,1
1002,0.2,0.9,-0.4,-1,1,0,0,126,0,812,-812,13.3,1
1000,0.7,1.1,-0.8,-1,1,0,0,139,0,1302,-1302,13.1,1
1001,0.2,0.9,-0.4,1,-1,1,0,227,5905,0,5905,30.7,1
1001,0.7,1.1,-0.8,1,-1,1,0,227,3073,0,3073,12.0,1
1000,0.5,0.7,0.8,1,-1,1,0,132,4097,0,4097,8.7,1
1002,0.7,1.1,-0.8,-1,1,0,0,155,0,755,-755,11.8,1
1002,0.5,0.7,0.8,1,-1,1,0,150,2267,0,2267,7.2,1
1001,0.5,0.9,0.8,1,-1,1,0,138,2336,0,2336,7.4,1
1000,0.5,0.9,0.8,1,-1,1,0,207,3444,0,3444,12.4,1
1000,0.2,0.5,-0.8,-1,1,0,0,134,0,1546,-1546,12.1,1
1001,0.2,0.5,-0.8,1,-1,1,0,201,2381,0,2381,16.7,1
1001,0.5,0.7,0.8,1,-1,1,0,278,6903,0,6903,34.7,1
1002,0.5,0.9,0.8,-1,1,0,0,173,0,527,-527,27.0,1
1002,0.2,0.5,-0.8,-1,1,0,0,205,0,641,-641,21.6,1
1002,0.7,0.5,0.8,1,-1,1,0,169,6149,0,6149,12.4,1
1000,0.7,0.5,0.8,1,-1,1,0,225,3744,0,3744,25.6,1
1000,-1.0,0.5,-0.8,1,-1,1,0,222,2570,0,2570,12.9,1
1001,-1.0,0.5,-0.8,-1,1,0,0,246,0,1588,-1588,21.2,1
1001,0.7,0.5,0.8,1,-1,1,0,254,6174,0,6174,29.9,1
1002,0.7,0.5,-0.4,-1,1,0,0,129,0,4460,-4460,7.4,1
1000,0.5,1.1,0.4,1,-1,1,0,179,1998,0,1998,9.1,1
1000,0.7,0.5,-0.4,-1,1,0,0,229,0,1509,-1509,23.3,1
1002,-1.0,0.5,-0.8,1,-1,1,0,299,5150,0,5150,26.8,1
1001,0.7,0.5,-0.4,-1,1,0,0,227,0,2457,-2457,25.2,1
1002,0.5,1.1,0.4,-1,1,0,0,143,0,767,-767,12.9,1
1002,-1.0,0.5,0.8,-1,1,0,0,121,0,486,-486,9.6,1
1001,-1.0,0.5,0.8,-1,1,0,0,186,0,662,-662,14.8,1
1000,0.5,0.5,-0.4,-1,1,0,0,151,0,3751,-3751,9.3,1
1000,-1.0,0.5,0.4,1,-1,1,0,150,3294,0,3294,6.6,1
1002,0.5,0.5,-0.4,1,-1,1,0,230,1548,0,1548,11.8,1
1001,0.5,1.1,0.4,1,-1,1,0,301,3663,0,3663,39.3,1
1002,-1.0,0.5,0.4,1,-1,1,0,222,2053,0,2053,11.4,1
1001,0.5,0.5,-0.4,-1,1,0,0,213,0,4666,-4666,29.4,1
1000,-1.0,0.5,0.8,-1,1,0,0,316,0,985,-985,44.2,1
1001,-1.0,0.5,0.4,-1,1,0,0,148,0,1574,-1574,18.5,1
1001,0.7,0.7,-0.8,1,-1,1,0,125,3732,0,3732,7.7,1
1002,0.7,0.7,-0.8,-1,1,0,0,155,0,1182,-1182,10.3,1
1002,0.2,1.1,-0.4,1,-1,1,0,153,3336,0,3336,10.4,1
1000,0.7,0.7,-0.8,1,-1,1,0,222,3742,0,3742,23.1,1
1000,0.2,1.1,-0.4,-1,1,0,0,194,0,2971,-2971,16.2,1
1001,0.2,1.1,-0.4,1,-1,1,0,232,4411,0,4411,18.0,1
1001,0.2,0.7,-0.8,1,-1,1,0,136,2563,0,2563,6.7,1
1000,0.2,1.1,0.4,1,-1,1,0,149,3776,0,3776,9.3,1
1002,0.2,0.7,-0.8,-1,1,0,0,155,0,860,-860,14.2,1
1000,0.2,0.7,-0.8,-1,1,0,0,209,0,1740,-1740,19.8,1
1002,0.2,1.1,0.4,-1,1,0,0,156,0,1443,-1443,10.7,1
1001,0.2,1.1,0.4,1,-1,1,0,150,5147,0,5147,13.4,1
1000,0.2,0.9,0.8,-1,1,0,0,136,0,2503,-2503,12.1,1
1000,-1.0,0.3,0.8,1,-1,1,0,201,4779,0,4779,19.0,1
1001,0.2,0.9,0.8,1,-1,1,0,214,4836,0,4836,20.4,1
1002,-1.0,0.3,0.8,1,-1,1,0,260,5012,0,5012,27.4,1
1001,-1.0,0.3,0.8,1,-1,1,0,345,5213,0,5213,30.3,1
1002,0.2,0.9,0.8,-1,1,0,0,226,0,976,-976,15.9,1
1001,0.2,0.5,0.8,-1,1,0,0,144,0,1073,-1073,8.3,1
1001,0.7,1.1,-0.4,1,-1,1,0,137,1864,0,1864,7.5,1
1002,0.2,0.5,0.8,-1,1,0,0,189,0,1274,-1274,14.2,1
1000,0.2,0.5,0.8,1,-1,1,0,249,3725,0,3725,29.6,1
1001,-0.3,0.9,-0.4,1,-1,1,0,159,2015,0,2015,7.6,1
1002,0.7,1.1,-0.4,1,-1,1,0,146,3891,0,3891,16.9,1
1000,0.7,1.1,-0.4,-1,1,0,0,166,0,852,-852,20.1,1
1000,0.5,0.5,0.8,-1,1,0,0,93,0,26,-26,2.5,1
1002,-0.3,0.9,-0.4,1,-1,1,0,133,4052,0,4052,6.7,1
1001,0.5,0.5,0.8,1,-1,1,0,155,3112,0,3112,9.1,1
1000,-0.3,0.9,-0.4,-1,1,0,0,190,0,1177,-1177,22.1,1
1000,-0.3,0.3,0.8,1,-1,1,0,164,2445,0,2445,9.3,1
1001,-0.3,0.3,0.8,-1,1,0,0,194,0,990,-990,11.6,1
1002,0.5,0.5,0.8,1,-1,1,0,195,3046,0,3046,17.1,1
1000,-1.0,0.9,-0.4,1,-1,1,0,164,3317,0,3317,11.0,1
1001,-1.0,0.9,-0.4,-1,1,0,0,205,0,1464,-1464,14.4,1
1002,-0.3,0.3,0.8,1,-1,1,0,255,3450,0,3450,20.7,1
1000,-1.0,0.3,-0.8,-1,1,0,0,124,0,481,-481,12.5,1
1002,-1.0,0.9,-0.4,-1,1,0,0,153,0,606,-606,16.8,1
1002,-1.0,0.3,-0.8,1,-1,1,0,143,4247,0,4247,6.4,1
1001,-1.0,0.3,-0.8,-1,1,0,0,182,0,790,-790,11.6,1
1001,0.7,0.7,-0.4,-1,1,0,0,137,0,640,-640,8.8,1
1000,-1.0,0.9,-0.8,1,-1,1,0,130,4708,0,4708,6.9,1
1002,0.7,0.7,-0.4,1,-1,1,0,165,4397,0,4397,16.9,1
1001,-1.0,0.9,-0.8,1,-1,1,0,202,4686,0,4686,18.5,1
1002,-1.0,0.9,-0.8,1,-1,1,0,215,2608,0,2608,15.3,1
1000,0.7,0.7,-0.4,1,-1,1,0,272,5283,0,5283,24.7,1
1000,-0.3,0.5,-0.4,-1,1,0,0,147,0,4264,-4264,17.9,1
1002,0.2,0.7,-0.4,1,-1,1,0,119,1628,0,1628,7.4,1
1000,0.2,0.7,-0.4,1,-1,1,0,165,2969,0,2969,13.7,1
1002,-0.3,0.5,-0.4,-1,1,0,0,183,0,791,-791,17.3,1
1001,0.2,0.7,-0.4,1,-1,1,0,197,3229,0,3229,14.6,1
1000,0.7,1.1,0.4,-1,1,0,0,135,0,499,-499,8.2,1
1001,-0.3,0.5,-0.4,-1,1,0,0,245,0,2024,-2024,27.8,1
1002,0.7,1.1,0.4,-1,1,0,0,120,0,1974,-1974,8.6,1
1001,0.7,1.1,0.4,-1,1,0,0,130,0,553,-553,10.4,1
1000,-0.3,0.7,0.8,1,-1,1,0,185,3421,0,3421,9.7,1
1001,-0.3,0.7,0.8,1,-1,1,0,154,4278,0,4278,13.9,1
1001,-1.0,0.7,0.8,-1,1,0,0,147,0,730,-730,12.9,1
1002,-0.3,0.7,0.8,1,-1,1,0,151,3590,0,3590,17.6,1
1002,-1.0,0.7,0.8,-1,1,0,0,159,0,1926,-1926,15.3,1
1001,0.5,0.5,-0.8,1,-1,1,0,133,2497,0,2497,6.6,1
1002,0.5,0.5,-0.8,1,-1,1,0,152,2795,0,2795,6.2,1
1000,-1.0,0.7,0.8,-1,1,0,0,206,0,620,-620,23.2,1
1000,0.5,0.5,-0.8,1,-1,1,0,216,5489,0,5489,17.9,1
1001,-0.3,1.1,-0.4,1,-1,1,0,169,2620,0,2620,17.6,1
1000,-0.3,1.1,-0.4,-1,1,0,0,167,0,2158,-2158,21.9,1
1001,0.5,0.3,-0.4,-1,1,0,0,178,0,742,-742,14.4,1
1000,0.5,0.3,-0.4,-1,1,0,0,165,0,3389,-3389,19.4,1
1002,-0.3,1.1,-0.4,1,-1,1,0,224,6867,0,6867,20.5,1
1002,-0.3,0.7,-0.4,1,-1,1,0,126,3197,0,3197,9.3,1
1000,0.7,0.9,-0.4,1,-1,1,0,192,1806,0,1806,9.4,1
1002,0.5,0.3,-0.4,-1,1,0,0,188,0,1521,-1521,16.6,1
1002,0.7,0.9,-0.4,1,-1,1,0,183,1469,0,1469,7.2,1
1001,0.7,0.9,-0.4,-1,1,0,0,136,0,999,-999,11.0,1
1001,-0.3,0.7,-0.4,1,-1,1,0,242,4140,0,4140,26.0,1
1000,0.5,0.3,-0.8,1,-1,1,0,115,2583,0,2583,8.0,1
1000,-0.3,0.3,0.4,1,-1,1,0,263,4469,0,4469,26.8,1
1001,-0.3,0.3,0.4,1,-1,1,0,175,4829,0,4829,23.3,1
1001,0.5,0.3,-0.8,-1,1,0,0,118,0,974,-974,10.9,1
1000,-0.3,0.7,-0.4,1,-1,1,0,306,4741,0,4741,53.2,1
1000,0.7,0.3,0.8,1,-1,1,0,187,2925,0,2925,9.2,1
1002,-0.3,0.3,0.4,1,-1,1,0,251,8004,0,8004,34.5,1
1001,0.7,0.3,0.8,-1,1,0,0,137,0,2970,-2970,17.0,1
1000,-1.0,1.1,-0.8,-1,1,0,0,170,0,3243,-3243,13.0,1
1002,0.7,0.3,0.8,1,-1,1,0,147,4395,0,4395,13.6,1
1000,0.2,0.5,-0.4,1,-1,1,0,127,3628,0,3628,7.4,1
1001,0.2,0.5,-0.4,-1,1,0,0,117,0,735,-735,8.2,1
1000,-0.3,0.9,0.4,1,-1,1,0,137,3424,0,3424,8.5,1
1002,-1.0,1.1,-0.8,-1,1,0,0,199,0,529,-529,20.6,1
1002,0.2,0.5,-0.4,-1,1,0,0,137,0,1232,-1232,11.9,1
1001,-1.0,1.1,-0.8,-1,1,0,0,202,0,690,-690,29.3,1
1001,-0.3,0.9,0.4,-1,1,0,0,100,0,1899,-1899,8.6,1
1002,0.5,0.3,-0.8,1,-1,1,0,340,3517,0,3517,50.2,1
1000,-0.3,1.1,-0.8,1,-1,1,0,163,2763,0,2763,7.9,1
1000,-0.3,0.9,0.8,1,-1,1,0,142,2363,0,2363,5.2,1
1001,-0.3,1.1,-0.8,1,-1,1,0,150,4029,0,4029,11.4,1
1002,-0.3,0.9,0.4,-1,1,0,0,219,0,2810,-2810,16.7,1
1002,-0.3,0.9,0.8,-1,1,0,0,127,0,755,-755,9.0,1
1002,-0.3,1.1,-0.8,1,-1,1,0,162,4107,0,4107,16.5,1
1001,-0.3,0.9,0.8,-1,1,0,0,177,0,1838,-1838,18.1,1
1001,0.7,0.5,0.4,1,-1,1,0,164,5186,0,5186,14.7,1
1000,0.7,0.5,0.4,1,-1,1,0,315,2414,0,2414,18.3,1
1002,0.7,0.5,0.4,1,-1,1,0,128,3050,0,3050,11.9,1
1000,-0.3,0.9,-0.8,1,-1,1,0,172,2207,0,2207,12.5,1
1001,-0.3,0.9,-0.8,1,-1,1,0,146,6589,0,6589,12.5,1
1001,0.5,1.1,-0.4,1,-1,1,0,151,3483,0,3483,9.8,1
1000,-0.3,0.3,-0.4,-1,1,0,0,109,0,584,-584,5.1,1
1002,-0.3,0.9,-0.8,1,-1,1,0,229,2534,0,2534,15.9,1
1000,0.5,1.1,-0.4,-1,1,0,0,121,0,1475,-1475,15.0,1
1002,-0.3,0.3,-0.4,1,-1,1,0,187,1375,0,1375,9.9,1
1001,-0.3,0.3,-0.4,1,-1,1,0,179,3483,0,3483,18.5,1
1002,0.5,1.1,-0.4,1,-1,1,0,235,6898,0,6898,32.2,1
2003,-0.3,0.3,0.4,1,-1,1,0,190,2378,0,2378,9.2,2
2004,-0.3,0.3,0.4,-1,1,0,0,230,0,971,-971,14.8,2
2002,-0.3,0.3,0.4,-1,1,0,0,159,0,1013,-1013,15.4,2
2000,-0.3,0.3,0.4,-1,1,0,0,176,0,851,-851,16.0,2
2000,0.7,0.5,0.8,-1,1,0,0,108,0,893,-893,9.2,2
2001,-0.3,0.3,0.4,1,-1,1,0,161,2296,0,2296,21.0,2
2001,0.7,0.5,0.8,1,-1,1,0,161,4272,0,4272,7.4,2
2002,0.7,0.5,0.8,-1,1,0,0,139,0,2463,-2463,14.1,2
2004,0.7,0.5,0.8,-1,1,0,0,203,0,678,-678,12.2,2
2000,-1.0,0.3,0.8,1,-1,1,0,115,3484,0,3484,12.6,2
2003,0.7,0.5,0.8,1,-1,1,0,141,3921,0,3921,19.4,2
2001,-1.0,0.3,0.8,-1,1,0,0,155,0,847,-847,15.3,2
2004,-1.0,0.3,0.8,1,-1,1,0,129,5125,0,5125,7.8,2
2002,-1.0,0.3,0.8,-1,1,0,0,214,0,1029,-1029,12.3,2
2000,0.5,0.7,0.8,1,-1,1,0,177,3661,0,3661,13.3,2
2001,0.5,0.7,0.8,1,-1,1,0,178,3269,0,3269,11.5,2
2003,-1.0,0.3,0.8,-1,1,0,0,161,0,850,-850,19.3,2
2003,0.5,0.7,0.8,1,-1,1,0,142,3094,0,3094,10.0,2
2002,0.5,0.7,0.8,1,-1,1,0,145,5131,0,5131,13.9,2
2002,-0.3,0.7,-0.4,-1,1,0,0,155,0,431,-431,8.8,2
2000,-0.3,0.7,-0.4,1,-1,1,0,190,4624,0,4624,11.8,2
2001,-0.3,0.7,-0.4,-1,1,0,0,128,0,605,-605,11.3,2
2004,0.5,0.7,0.8,1,-1,1,0,201,2888,0,2888,14.9,2
2003,-0.3,0.7,-0.4,1,-1,1,0,140,5122,0,5122,10.8,2
2001,-1.0,0.9,-0.8,1,-1,1,0,118,1510,0,1510,7.8,2
2002,-1.0,0.9,-0.8,1,-1,1,0,174,3586,0,3586,10.7,2
2000,-1.0,0.9,-0.8,1,-1,1,0,162,4938,0,4938,14.4,2
2004,-0.3,0.7,-0.4,1,-1,1,0,203,2433,0,2433,20.0,2
2003,-1.0,0.9,-0.8,1,-1,1,0,152,3507,0,3507,15.7,2
2000,-0.3,0.9,-0.8,1,-1,1,0,159,2680,0,2680,14.5,2
2003,-0.3,0.9,-0.8,1,-1,1,0,141,6254,0,6254,9.7,2
2004,-1.0,0.9,-0.8,1,-1,1,0,223,5300,0,5300,24.6,2
2002,-0.3,0.9,-0.8,-1,1,0,0,248,0,937,-937,15.3,2
2001,-0.3,0.9,-0.8,-1,1,0,0,246,0,3376,-3376,28.1,2
2001,-0.3,0.7,0.8,1,-1,1,0,180,3366,0,3366,10.6,2
2000,-0.3,0.7,0.8,-1,1,0,0,226,0,1687,-1687,14.7,2
2004,-0.3,0.9,-0.8,1,-1,1,0,244,3313,0,3313,18.5,2
2004,-0.3,0.7,0.8,-1,1,0,0,114,0,366,-366,5.3,2
2003,-0.3,0.7,0.8,1,-1,1,0,153,2697,0,2697,8.8,2
2002,-0.3,0.7,0.8,-1,1,0,0,204,0,3232,-3232,21.2,2
2000,-0.3,1.1,-0.8,1,-1,1,0,176,3972,0,3972,11.0,2
2003,-0.3,1.1,-0.8,-1,1,0,0,147,0,673,-673,9.9,2
2001,-0.3,1.1,-0.8,1,-1,1,0,257,2609,0,2609,18.0,2
2000,0.5,0.5,-0.8,-1,1,0,0,182,0,463,-463,9.0,2
2002,-0.3,1.1,-0.8,1,-1,1,0,181,4550,0,4550,20.9,2
2003,0.5,0.5,-0.8,-1,1,0,0,144,0,446,-446,8.7,2
2001,0.5,0.5,-0.8,1,-1,1,0,223,2684,0,2684,17.7,2
2004,0.5,0.5,-0.8,1,-1,1,0,182,5567,0,5567,11.6,2
2000,0.7,0.5,0.4,1,-1,1,0,174,3994,0,3994,12.0,2
2002,0.7,0.5,0.4,1,-1,1,0,150,2023,0,2023,6.4,2
2001,0.7,0.5,0.4,1,-1,1,0,206,4646,0,4646,15.3,2
2004,-0.3,1.1,-0.8,1,-1,1,0,239,3560,0,3560,38.0,2
2003,0.7,0.5,0.4,-1,1,0,0,160,0,801,-801,11.6,2
2004,0.7,0.5,0.4,1,-1,1,0,133,3666,0,3666,11.2,2
2000,0.2,0.9,-0.4,-1,1,0,0,134,0,555,-555,6.8,2
2002,0.2,0.9,-0.4,-1,1,0,0,145,0,2806,-2806,10.8,2
2002,0.5,0.5,-0.8,1,-1,1,0,345,3292,0,3292,44.9,2
2003,0.2,0.9,-0.4,-1,1,0,0,150,0,3443,-3443,13.2,2
2001,0.7,0.7,-0.4,-1,1,0,0,118,0,1267,-1267,8.2,2
2000,0.7,0.7,-0.4,1,-1,1,0,185,2059,0,2059,10.7,2
2001,0.2,0.9,-0.4,-1,1,0,0,223,0,1013,-1013,25.1,2
2002,0.7,0.7,-0.4,-1,1,0,0,130,0,2614,-2614,12.9,2
2003,0.7,0.7,-0.4,1,-1,1,0,183,3245,0,3245,10.7,2
2000,0.5,1.1,-0.4,1,-1,1,0,130,5004,0,5004,11.7,2
2001,0.5,1.1,-0.4,-1,1,0,0,129,0,1356,-1356,7.2,2
2004,0.7,0.7,-0.4,1,-1,1,0,145,5987,0,5987,14.8,2
2003,0.5,1.1,-0.4,1,-1,1,0,152,3666,0,3666,10.3,2
2004,0.5,1.1,-0.4,1,-1,1,0,191,1251,0,1251,9.4,2
2004,0.2,0.9,-0.4,-1,1,0,0,330,0,2062,-2062,41.6,2
2002,0.5,1.1,-0.4,1,-1,1,0,199,4352,0,4352,17.0,2
2001,0.2,0.7,-0.4,1,-1,1,0,208,4599,0,4599,9.3,2
2000,0.2,0.7,-0.4,-1,1,0,0,153,0,863,-863,20.3,2
2003,0.2,0.7,-0.4,-1,1,0,0,178,0,1370,-1370,12.7,2
2002,0.2,0.7,-0.4,-1,1,0,0,179,0,2458,-2458,15.3,2
2004,0.2,0.7,-0.4,1,-1,1,0,176,7255,0,7255,13.3,2
2000,0.2,1.1,0.4,1,-1,1,0,253,2891,0,2891,16.5,2
2001,0.2,1.1,0.4,-1,1,0,0,153,0,919,-919,13.9,2
2002,0.2,1.1,0.4,1,-1,1,0,183,3941,0,3941,13.6,2
2003,0.2,1.1,0.4,1,-1,1,0,169,3766,0,3766,15.6,2
2004,0.2,1.1,0.4,-1,1,0,0,218,0,1937,-1937,15.4,2
2001,-0.3,1.1,-0.4,1,-1,1,0,147,4497,0,4497,10.5,2
2000,-0.3,1.1,-0.4,-1,1,0,0,136,0,708,-708,13.5,2
2003,-0.3,1.1,-0.4,-1,1,0,0,135,0,1606,-1606,8.5,2
2004,-0.3,1.1,-0.4,1,-1,1,0,176,3165,0,3165,10.9,2
2002,-0.3,1.1,-0.4,-1,1,0,0,175,0,2536,-2536,17.1,2
2004,0.7,0.7,-0.8,1,-1,1,0,136,1403,0,1403,5.0,2
2000,0.7,0.7,-0.8,1,-1,1,0,145,3780,0,3780,13.6,2
2002,0.7,0.7,-0.8,1,-1,1,0,168,4425,0,4425,12.7,2
2003,0.7,0.7,-0.8,-1,1,0,0,195,0,809,-809,8.8,2
2000,0.5,0.5,0.8,1,-1,1,0,191,1823,0,1823,10.8,2
2002,0.5,0.5,0.8,-1,1,0,0,132,0,1057,-1057,11.5,2
2001,0.7,0.7,-0.8,1,-1,1,0,257,3741,0,3741,24.8,2
2003,0.5,0.5,0.8,1,-1,1,0,156,2504,0,2504,13.2,2
2001,0.5,0.5,0.8,1,-1,1,0,169,2433,0,2433,15.3,2
2004,0.5,0.5,0.8,-1,1,0,0,119,0,873,-873,6.4,2
2003,-1.0,0.5,-0.8,-1,1,0,0,124,0,593,-593,8.5,2
2004,-1.0,0.5,-0.8,1,-1,1,0,100,2916,0,2916,9.3,2
2000,-1.0,0.5,-0.8,-1,1,0,0,161,0,3229,-3229,18.9,2
2001,0.5,0.9,0.8,1,-1,1,0,186,4519,0,4519,13.8,2
2002,0.5,0.9,0.8,-1,1,0,0,125,0,381,-381,7.3,2
2001,-1.0,0.5,-0.8,1,-1,1,0,266,3001,0,3001,28.9,2
2000,0.5,0.9,0.8,-1,1,0,0,269,0,775,-775,18.3,2
2002,-1.0,0.5,-0.8,-1,1,0,0,241,0,831,-831,28.6,2
2003,0.5,0.9,0.8,1,-1,1,0,193,1373,0,1373,9.4,2
2004,0.5,0.9,0.8,-1,1,0,0,128,0,701,-701,9.9,2
2002,0.5,0.3,-0.8,-1,1,0,0,121,0,1815,-1815,7.4,2
2001,0.5,0.3,-0.8,1,-1,1,0,161,4102,0,4102,9.0,2
2004,0.5,0.3,-0.8,1,-1,1,0,176,2473,0,2473,8.2,2
2003,0.5,0.3,-0.8,1,-1,1,0,184,4090,0,4090,10.3,2
2000,-0.3,0.3,0.8,1,-1,1,0,163,2193,0,2193,9.6,2
2002,-0.3,0.3,0.8,-1,1,0,0,114,0,364,-364,5.1,2
2000,0.5,0.3,-0.8,1,-1,1,0,252,3699,0,3699,22.1,2
2003,-0.3,0.3,0.8,1,-1,1,0,161,2364,0,2364,11.7,2
2002,0.7,1.1,-0.4,1,-1,1,0,140,2967,0,2967,5.0,2
2001,0.7,1.1,-0.4,-1,1,0,0,174,0,660,-660,17.0,2
2003,0.7,1.1,-0.4,1,-1,1,0,138,3656,0,3656,7.1,2
2004,-0.3,0.3,0.8,-1,1,0,0,180,0,922,-922,22.9,2
2001,0.5,1.1,0.4,1,-1,1,0,133,2574,0,2574,4.6,2
2000,0.7,1.1,-0.4,-1,1,0,0,254,0,5064,-5064,26.1,2
2001,-0.3,0.3,0.8,1,-1,1,0,302,2508,0,2508,40.2,2
2000,0.5,1.1,0.4,-1,1,0,0,157,0,453,-453,10.6,2
2004,0.7,1.1,-0.4,-1,1,0,0,170,0,1385,-1385,15.1,2
2004,0.5,1.1,0.4,1,-1,1,0,126,4152,0,4152,8.2,2
2002,0.5,1.1,0.4,1,-1,1,0,133,5138,0,5138,13.0,2
2003,0.5,1.1,0.4,-1,1,0,0,220,0,588,-588,26.4,2
3002,-1.0,0.9,-0.8,1,-1,1,0,185,2432,0,2432,6.7,3
3000,-1.0,0.9,-0.8,-1,1,0,0,137,0,642,-642,10.2,3
3003,-1.0,0.9,-0.8,1,-1,1,0,148,3257,0,3257,11.8,3
3001,-1.0,0.9,-0.8,1,-1,1,0,184,3207,0,3207,12.3,3
3005,-1.0,0.9,-0.8,1,-1,1,0,136,2481,0,2481,7.0,3
3004,-1.0,0.9,-0.8,-1,1,0,0,135,0,653,-653,15.0,3
3007,-1.0,0.9,-0.8,1,-1,1,0,169,1414,0,1414,7.6,3
3006,-1.0,0.9,-0.8,-1,1,0,0,148,0,2306,-2306,12.3,3
3001,0.5,0.7,0.8,-1,1,0,0,138,0,3748,-3748,14.5,3
3000,0.5,0.7,0.8,-1,1,0,0,197,0,2137,-2137,19.9,3
3002,0.5,0.7,0.8,1,-1,1,0,183,5294,0,5294,17.5,3
3003,0.5,0.7,0.8,-1,1,0,0,162,0,877,-877,15.9,3
3005,0.5,0.7,0.8,-1,1,0,0,125,0,1568,-1568,7.6,3
3004,0.5,0.7,0.8,-1,1,0,0,200,0,795,-795,18.4,3
3007,0.5,0.7,0.8,-1,1,0,0,173,0,377,-377,11.1,3
3000,-0.3,1.1,-0.8,-1,1,0,0,165,0,1132,-1132,12.9,3
3006,0.5,0.7,0.8,1,-1,1,0,232,4823,0,4823,20.0,3
3003,-0.3,1.1,-0.8,-1,1,0,0,180,0,3750,-3750,9.2,3
3004,-0.3,1.1,-0.8,1,-1,1,0,178,4387,0,4387,9.7,3
3001,-0.3,1.1,-0.8,1,-1,1,0,212,3906,0,3906,23.7,3
3006,-0.3,1.1,-0.8,1,-1,1,0,235,3438,0,3438,13.9,3
3000,0.7,0.5,0.4,1,-1,1,0,158,3303,0,3303,7.9,3
3007,-0.3,1.1,-0.8,-1,1,0,0,141,0,1119,-1119,11.8,3
3005,-0.3,1.1,-0.8,-1,1,0,0,205,0,541,-541,21.4,3
3003,0.7,0.5,0.4,-1,1,0,0,149,0,546,-546,8.6,3
3002,0.7,0.5,0.4,1,-1,1,0,255,1269,0,1269,17.0,3
3002,-0.3,1.1,-0.8,1,-1,1,0,298,6499,0,6499,46.6,3
3001,0.7,0.5,0.4,-1,1,0,0,216,0,2211,-2211,22.9,3
3004,0.7,0.5,0.4,1,-1,1,0,183,4763,0,4763,20.7,3
3007,0.7,0.5,0.4,-1,1,0,0,138,0,486,-486,11.1,3
3001,0.5,1.1,-0.4,1,-1,1,0,88,1117,0,1117,4.7,3
3000,0.5,1.1,-0.4,1,-1,1,0,153,3981,0,3981,9.6,3
3002,0.5,1.1,-0.4,1,-1,1,0,113,1054,0,1054,4.7,3
3005,0.7,0.5,0.4,1,-1,1,0,213,4029,0,4029,25.1,3
3006,0.7,0.5,0.4,1,-1,1,0,228,3534,0,3534,23.2,3
3006,0.5,1.1,-0.4,1,-1,1,0,141,3453,0,3453,10.6,3
3004,0.5,1.1,-0.4,-1,1,0,0,196,0,2216,-2216,15.5,3
3003,0.5,1.1,-0.4,-1,1,0,0,225,0,444,-444,16.0,3
3007,0.5,1.1,-0.4,-1,1,0,0,170,0,3498,-3498,12.7,3
3001,0.5,0.3,-0.8,-1,1,0,0,154,0,107,-107,8.0,3
3002,0.5,0.3,-0.8,-1,1,0,0,157,0,521,-521,10.7,3
3000,0.5,0.3,-0.8,1,-1,1,0,226,2972,0,2972,14.0,3
3005,0.5,1.1,-0.4,-1,1,0,0,195,0,3409,-3409,29.0,3
3003,0.5,0.3,-0.8,1,-1,1,0,178,3932,0,3932,15.6,3
3006,0.5,0.3,-0.8,1,-1,1,0,163,2965,0,2965,9.9,3
3007,0.5,0.3,-0.8,1,-1,1,0,140,4673,0,4673,10.3,3
3001,0.7,0.7,-0.8,-1,1,0,0,136,0,846,-846,7.3,3
3005,0.5,0.3,-0.8,-1,1,0,0,171,0,3404,-3404,21.8,3
3000,0.7,0.7,-0.8,1,-1,1,0,231,3563,0,3563,14.1,3
3004,0.5,0.3,-0.8,-1,1,0,0,304,0,2265,-2265,29.5,3
3002,0.7,0.7,-0.8,1,-1,1,0,193,3251,0,3251,16.8,3
3004,0.7,0.7,-0.8,-1,1,0,0,211,0,2857,-2857,13.5,3
3006,0.7,0.7,-0.8,1,-1,1,0,161,3103,0,3103,14.0,3
3003,0.7,0.7,-0.8,1,-1,1,0,188,2724,0,2724,25.1,3
3005,0.7,0.7,-0.8,-1,1,0,0,193,0,3976,-3976,21.7,3
3007,0.7,0.7,-0.8,-1,1,0,0,139,0,2779,-2779,12.6,3
3001,-0.3,0.7,-0.4,-1,1,0,0,169,0,1006,-1006,9.0,3
3000,-0.3,0.7,-0.4,1,-1,1,0,208,3133,0,3133,18.0,3
3003,-0.3,0.7,-0.4,-1,1,0,0,129,0,917,-917,8.8,3
3004,-0.3,0.7,-0.4,-1,1,0,0,159,0,399,-399,9.1,3
3002,-0.3,0.7,-0.4,-1,1,0,0,245,0,1997,-1997,15.8,3
3006,-0.3,0.7,-0.4,-1,1,0,0,181,0,4443,-4443,20.4,3
3005,-0.3,0.7,-0.4,-1,1,0,0,240,0,1465,-1465,24.9,3
3000,0.5,1.1,0.4,-1,1,0,0,207,0,988,-988,19.0,3
3001,0.5,1.1,0.4,-1,1,0,0,191,0,571,-571,19.3,3
3007,-0.3,0.7,-0.4,-1,1,0,0,223,0,2734,-2734,27.5,3
3004,0.5,1.1,0.4,-1,1,0,0,134,0,528,-528,9.4,3
3002,0.5,1.1,0.4,1,-1,1,0,211,5591,0,5591,11.1,3
3003,0.5,1.1,0.4,-1,1,0,0,166,0,997,-997,14.8,3
3006,0.5,1.1,0.4,-1,1,0,0,151,0,767,-767,8.1,3
3000,0.5,0.5,-0.8,1,-1,1,0,144,4239,0,4239,7.1,3
3007,0.5,1.1,0.4,1,-1,1,0,152,2036,0,2036,9.5,3
3005,0.5,1.1,0.4,-1,1,0,0,181,0,3628,-3628,15.7,3
3001,0.5,0.5,-0.8,-1,1,0,0,151,0,616,-616,12.4,3
3002,0.5,0.5,-0.8,1,-1,1,0,183,3977,0,3977,12.6,3
3005,0.5,0.5,-0.8,-1,1,0,0,164,0,2228,-2228,12.9,3
3004,0.5,0.5,-0.8,-1,1,0,0,129,0,4299,-4299,16.3,3
3006,0.5,0.5,-0.8,1,-1,1,0,129,2845,0,2845,12.4,3
3007,0.5,0.5,-0.8,-1,1,0,0,149,0,2005,-2005,13.5,3
3003,0.5,0.5,-0.8,1,-1,1,0,214,2901,0,2901,25.8,3
3003,-0.3,0.9,-0.8,-1,1,0,0,146,0,540,-540,7.7,3
3001,-0.3,0.9,-0.8,-1,1,0,0,177,0,3318,-3318,17.5,3
3004,-0.3,0.9,-0.8,1,-1,1,0,165,4772,0,4772,11.4,3
3002,-0.3,0.9,-0.8,1,-1,1,0,255,3525,0,3525,18.2,3
3005,-0.3,0.9,-0.8,1,-1,1,0,133,2497,0,2497,11.7,3
3006,-0.3,0.9,-0.8,1,-1,1,0,193,2242,0,2242,10.4,3
3007,-0.3,0.9,-0.8,-1,1,0,0,121,0,868,-868,10.0,3
3001,0.2,1.1,0.4,-1,1,0,0,132,0,553,-553,9.0,3
3000,-0.3,0.9,-0.8,-1,1,0,0,240,0,3410,-3410,36.9,3
3004,0.2,1.1,0.4,-1,1,0,0,125,0,1126,-1126,8.9,3
3003,0.2,1.1,0.4,-1,1,0,0,281,0,2098,-2098,15.3,3
3005,0.2,1.1,0.4,1,-1,1,0,159,1839,0,1839,10.0,3
3002,0.2,1.1,0.4,1,-1,1,0,263,2734,0,2734,21.0,3
3000,0.2,1.1,0.4,-1,1,0,0,234,0,2892,-2892,28.1,3
3006,0.2,1.1,0.4,-1,1,0,0,161,0,704,-704,12.9,3
3001,0.7,0.7,-0.4,1,-1,1,0,244,3943,0,3943,14.0,3
3007,0.2,1.1,0.4,-1,1,0,0,161,0,1571,-1571,18.8,3
3002,0.7,0.7,-0.4,1,-1,1,0,220,3234,0,3234,13.8,3
3000,0.7,0.7,-0.4,-1,1,0,0,217,0,2047,-2047,24.7,3
3006,0.7,0.7,-0.4,1,-1,1,0,204,2149,0,2149,9.7,3
3004,0.7,0.7,-0.4,-1,1,0,0,144,0,1087,-1087,14.1,3
3003,0.7,0.7,-0.4,-1,1,0,0,210,0,2291,-2291,22.0,3
3005,0.7,0.7,-0.4,-1,1,0,0,242,0,5910,-5910,16.9,3
3007,0.7,0.7,-0.4,1,-1,1,0,150,4649,0,4649,15.7,3
4004,0.7,0.5,0.4,-1,1,0,0,160,0,778,-778,12.4,4
4003,0.7,0.5,0.4,1,-1,1,0,136,5289,0,5289,12.6,4
4000,0.7,0.5,0.4,1,-1,1,0,158,3291,0,3291,16.0,4
4001,0.7,0.5,0.4,-1,1,0,0,179,0,916,-916,18.1,4
4002,0.7,0.5,0.4,-1,1,0,0,216,0,932,-932,20.7,4
4006,0.7,0.5,0.4,1,-1,1,0,259,3134,0,3134,12.1,4
4005,0.7,0.5,0.4,1,-1,1,0,169,4213,0,4213,16.9,4
4007,0.7,0.5,0.4,-1,1,0,0,169,0,1222,-1222,17.3,4
4009,0.7,0.5,0.4,-1,1,0,0,133,0,478,-478,12.8,4
4010,0.7,0.5,0.4,1,-1,1,0,193,3802,0,3802,13.9,4
4008,0.7,0.5,0.4,-1,1,0,0,230,0,822,-822,23.8,4
4011,0.7,0.5,0.4,1,-1,1,0,199,4704,0,4704,20.5,4
4013,0.7,0.5,0.4,1,-1,1,0,231,4242,0,4242,19.9,4
4012,0.7,0.5,0.4,-1,1,0,0,179,0,3142,-3142,20.6,4
4015,0.7,0.5,0.4,-1,1,0,0,202,0,2387,-2387,17.2,4
4018,0.7,0.5,0.4,-1,1,0,0,130,0,614,-614,9.4,4
4014,0.7,0.5,0.4,1,-1,1,0,194,6328,0,6328,26.7,4
4019,0.7,0.5,0.4,-1,1,0,0,202,0,466,-466,15.4,4
4016,0.7,0.5,0.4,1,-1,1,0,239,6610,0,6610,26.0,4
4021,0.7,0.5,0.4,-1,1,0,0,148,0,423,-423,11.7,4
4020,0.7,0.5,0.4,-1,1,0,0,228,0,3009,-3009,15.4,4
4017,0.7,0.5,0.4,-1,1,0,0,219,0,1123,-1123,28.7,4
4023,0.7,0.5,0.4,1,-1,1,0,163,1876,0,1876,6.7,4
4027,0.7,0.5,0.4,1,-1,1,0,162,2190,0,2190,10.2,4
4022,0.7,0.5,0.4,-1,1,0,0,248,0,637,-637,27.1,4
4028,0.7,0.5,0.4,-1,1,0,0,160,0,1963,-1963,9.3,4
4024,0.7,0.5,0.4,-1,1,0,0,163,0,2817,-2817,25.5,4
4001,-0.3,1.1,-0.8,1,-1,1,0,96,845,0,845,4.9,4
4026,0.7,0.5,0.4,-1,1,0,0,235,0,790,-790,28.5,4
4029,0.7,0.5,0.4,1,-1,1,0,206,2825,0,2825,9.1,4
4025,0.7,0.5,0.4,-1,1,0,0,295,0,2414,-2414,34.4,4
4000,-0.3,1.1,-0.8,-1,1,0,0,177,0,2631,-2631,11.8,4
4003,-0.3,1.1,-0.8,1,-1,1,0,133,3391,0,3391,7.4,4
4004,-0.3,1.1,-0.8,1,-1,1,0,158,4514,0,4514,10.4,4
4002,-0.3,1.1,-0.8,1,-1,1,0,142,5433,0,5433,15.1,4
4006,-0.3,1.1,-0.8,-1,1,0,0,139,0,1106,-1106,13.2,4
4009,-0.3,1.1,-0.8,-1,1,0,0,122,0,706,-706,8.4,4
4008,-0.3,1.1,-0.8,-1,1,0,0,161,0,957,-957,14.2,4
4007,-0.3,1.1,-0.8,-1,1,0,0,175,0,2518,-2518,17.3,4
4005,-0.3,1.1,-0.8,-1,1,0,0,222,0,3972,-3972,22.6,4
4010,-0.3,1.1,-0.8,1,-1,1,0,165,2325,0,2325,10.9,4
4013,-0.3,1.1,-0.8,-1,1,0,0,165,0,416,-416,6.2,4
4011,-0.3,1.1,-0.8,1,-1,1,0,164,3961,0,3961,15.3,4
4014,-0.3,1.1,-0.8,-1,1,0,0,172,0,1154,-1154,11.6,4
4012,-0.3,1.1,-0.8,-1,1,0,0,146,0,2834,-2834,14.2,4
4016,-0.3,1.1,-0.8,-1,1,0,0,120,0,1204,-1204,13.1,4
4017,-0.3,1.1,-0.8,1,-1,1,0,223,3671,0,3671,12.9,4
4019,-0.3,1.1,-0.8,-1,1,0,0,132,0,910,-910,11.4,4
4015,-0.3,1.1,-0.8,1,-1,1,0,196,3548,0,3548,24.0,4
4018,-0.3,1.1,-0.8,1,-1,1,0,191,7042,0,7042,22.6,4
4022,-0.3,1.1,-0.8,-1,1,0,0,172,0,3035,-3035,9.3,4
4020,-0.3,1.1,-0.8,-1,1,0,0,131,0,2969,-2969,16.0,4
4021,-0.3,1.1,-0.8,-1,1,0,0,144,0,3672,-3672,13.1,4
4023,-0.3,1.1,-0.8,-1,1,0,0,131,0,1386,-1386,14.3,4
4024,-0.3,1.1,-0.8,-1,1,0,0,166,0,3288,-3288,9.9,4
4027,-0.3,1.1,-0.8,-1,1,0,0,139,0,692,-692,9.4,4
4028,-0.3,1.1,-0.8,1,-1,1,0,159,3130,0,3130,11.2,4
4026,-0.3,1.1,-0.8,1,-1,1,0,167,6862,0,6862,16.9,4
4000,-1.0,0.9,-0.8,1,-1,1,0,133,2345,0,2345,6.7,4
4029,-0.3,1.1,-0.8,1,-1,1,0,173,2350,0,2350,11.0,4
4025,-0.3,1.1,-0.8,-1,1,0,0,259,0,1136,-1136,25.3,4
4005,-1.0,0.9,-0.8,-1,1,0,0,158,0,373,-373,6.9,4
4003,-1.0,0.9,-0.8,-1,1,0,0,165,0,5059,-5059,21.4,4
4006,-1.0,0.9,-0.8,-1,1,0,0,159,0,1067,-1067,8.3,4
4004,-1.0,0.9,-0.8,1,-1,1,0,189,4806,0,4806,20.1,4
4002,-1.0,0.9,-0.8,-1,1,0,0,193,0,4032,-4032,24.7,4
4001,-1.0,0.9,-0.8,1,-1,1,0,192,6613,0,6613,28.0,4
4007,-1.0,0.9,-0.8,-1,1,0,0,157,0,654,-654,7.3,4
4010,-1.0,0.9,-0.8,-1,1,0,0,227,0,822,-822,7.8,4
4009,-1.0,0.9,-0.8,-1,1,0,0,197,0,392,-392,9.1,4
4012,-1.0,0.9,-0.8,-1,1,0,0,191,0,419,-419,7.4,4
4014,-1.0,0.9,-0.8,1,-1,1,0,132,1407,0,1407,6.5,4
4013,-1.0,0.9,-0.8,-1,1,0,0,151,0,1526,-1526,7.0,4
4008,-1.0,0.9,-0.8,1,-1,1,0,163,4798,0,4798,17.9,4
4011,-1.0,0.9,-0.8,1,-1,1,0,217,4121,0,4121,14.4,4
4015,-1.0,0.9,-0.8,-1,1,0,0,172,0,945,-945,14.5,4
4018,-1.0,0.9,-0.8,-1,1,0,0,161,0,647,-647,12.4,4
4019,-1.0,0.9,-0.8,1,-1,1,0,179,3970,0,3970,12.9,4
4017,-1.0,0.9,-0.8,1,-1,1,0,208,2013,0,2013,19.7,4
4021,-1.0,0.9,-0.8,1,-1,1,0,133,2626,0,2626,9.5,4
4016,-1.0,0.9,-0.8,1,-1,1,0,219,5613,0,5613,26.5,4
4022,-1.0,0.9,-0.8,1,-1,1,0,161,4086,0,4086,17.2,4
4023,-1.0,0.9,-0.8,-1,1,0,0,142,0,1541,-1541,13.6,4
4025,-1.0,0.9,-0.8,-1,1,0,0,148,0,411,-411,7.3,4
4020,-1.0,0.9,-0.8,-1,1,0,0,227,0,458,-458,21.7,4
4024,-1.0,0.9,-0.8,1,-1,1,0,201,3285,0,3285,13.1,4
4027,-1.0,0.9,-0.8,1,-1,1,0,149,4046,0,4046,7.9,4
4026,-1.0,0.9,-0.8,-1,1,0,0,134,0,416,-416,10.9,4
4028,-1.0,0.9,-0.8,1,-1,1,0,172,3118,0,3118,12.7,4
4029,-1.0,0.9,-0.8,1,-1,1,0,181,4625,0,4625,16.6,4
4002,0.5,0.3,-0.8,-1,1,0,0,140,0,1586,-1586,7.0,4
4000,0.5,0.3,-0.8,-1,1,0,0,378,0,2457,-2457,24.2,4
4001,0.5,0.3,-0.8,-1,1,0,0,189,0,4085,-4085,24.1,4
4003,0.5,0.3,-0.8,1,-1,1,0,253,4769,0,4769,19.1,4
4004,0.5,0.3,-0.8,-1,1,0,0,183,0,2753,-2753,17.1,4
4005,0.5,0.3,-0.8,-1,1,0,0,138,0,909,-909,17.6,4
4006,0.5,0.3,-0.8,-1,1,0,0,204,0,1436,-1436,9.3,4
4009,0.5,0.3,-0.8,-1,1,0,0,156,0,601,-601,6.7,4
4007,0.5,0.3,-0.8,-1,1,0,0,125,0,765,-765,10.5,4
4008,0.5,0.3,-0.8,1,-1,1,0,172,4391,0,4391,10.3,4
4013,0.5,0.3,-0.8,1,-1,1,0,139,3123,0,3123,9.1,4
4012,0.5,0.3,-0.8,1,-1,1,0,157,3875,0,3875,11.8,4
4014,0.5,0.3,-0.8,1,-1,1,0,173,2941,0,2941,14.4,4
4015,0.5,0.3,-0.8,-1,1,0,0,167,0,1330,-1330,13.5,4
4011,0.5,0.3,-0.8,-1,1,0,0,204,0,886,-886,28.7,4
4016,0.5,0.3,-0.8,-1,1,0,0,156,0,776,-776,12.8,4
4010,0.5,0.3,-0.8,-1,1,0,0,204,0,2417,-2417,31.9,4
4017,0.5,0.3,-0.8,1,-1,1,0,176,6428,0,6428,10.8,4
4019,0.5,0.3,-0.8,1,-1,1,0,128,1941,0,1941,8.1,4
4018,0.5,0.3,-0.8,1,-1,1,0,231,2573,0,2573,12.0,4
4021,0.5,0.3,-0.8,1,-1,1,0,161,2624,0,2624,11.2,4
4020,0.5,0.3,-0.8,1,-1,1,0,194,3046,0,3046,16.1,4
4023,0.5,0.3,-0.8,-1,1,0,0,161,0,1957,-1957,10.7,4
4022,0.5,0.3,-0.8,1,-1,1,0,187,3684,0,3684,18.9,4
4024,0.5,0.3,-0.8,-1,1,0,0,143,0,889,-889,9.9,4
4025,0.5,0.3,-0.8,1,-1,1,0,129,4098,0,4098,12.8,4
4026,0.5,0.3,-0.8,1,-1,1,0,146,4940,0,4940,12.3,4
4029,0.5,0.3,-0.8,1,-1,1,0,192,5660,0,5660,13.0,4
4027,0.5,0.3,-0.8,-1,1,0,0,161,0,2139,-2139,18.0,4
4028,0.5,0.3,-0.8,1,-1,1,0,189,2506,0,2506,16.6,4
4000,-0.3,0.9,-0.8,-1,1,0,0,149,0,858,-858,16.1,4
4001,-0.3,0.9,-0.8,1,-1,1,0,178,2628,0,2628,16.0,4
4003,-0.3,0.9,-0.8,1,-1,1,0,148,3331,0,3331,7.9,4
4005,-0.3,0.9,-0.8,1,-1,1,0,184,3424,0,3424,8.8,4
4006,-0.3,0.9,-0.8,-1,1,0,0,138,0,701,-701,7.9,4
4002,-0.3,0.9,-0.8,-1,1,0,0,190,0,2412,-2412,21.4,4
4004,-0.3,0.9,-0.8,1,-1,1,0,240,4917,0,4917,20.9,4
4009,-0.3,0.9,-0.8,1,-1,1,0,158,3303,0,3303,11.1,4
4008,-0.3,0.9,-0.8,-1,1,0,0,159,0,1237,-1237,18.8,4
4007,-0.3,0.9,-0.8,-1,1,0,0,256,0,1963,-1963,25.7,4
4010,-0.3,0.9,-0.8,-1,1,0,0,206,0,2057,-2057,21.5,4
4011,-0.3,0.9,-0.8,1,-1,1,0,282,3075,0,3075,20.8,4
4013,-0.3,0.9,-0.8,-1,1,0,0,147,0,3889,-3889,10.9,4
4014,-0.3,0.9,-0.8,1,-1,1,0,153,3451,0,3451,9.6,4
4017,-0.3,0.9,-0.8,-1,1,0,0,115,0,678,-678,8.2,4
4012,-0.3,0.9,-0.8,1,-1,1,0,249,7280,0,7280,31.0,4
4015,-0.3,0.9,-0.8,1,-1,1,0,219,5639,0,5639,24.4,4
4020,-0.3,0.9,-0.8,1,-1,1,0,146,2817,0,2817,7.5,4
4018,-0.3,0.9,-0.8,1,-1,1,0,202,2142,0,2142,22.6,4
4016,-0.3,0.9,-0.8,1,-1,1,0,229,4319,0,4319,28.2,4
4019,-0.3,0.9,-0.8,-1,1,0,0,274,0,2211,-2211,21.0,4
4022,-0.3,0.9,-0.8,-1,1,0,0,155,0,347,-347,9.4,4
4021,-0.3,0.9,-0.8,-1,1,0,0,170,0,3006,-3006,13.2,4
4025,-0.3,0.9,-0.8,-1,1,0,0,135,0,560,-560,8.4,4
4027,-0.3,0.9,-0.8,1,-1,1,0,135,2368,0,2368,4.7,4
4024,-0.3,0.9,-0.8,1,-1,1,0,187,3885,0,3885,15.2,4
4000,0.5,0.5,-0.8,-1,1,0,0,180,0,699,-699,8.7,4
4028,-0.3,0.9,-0.8,-1,1,0,0,144,0,3724,-3724,15.8,4
4026,-0.3,0.9,-0.8,1,-1,1,0,303,2919,0,2919,22.8,4
4001,0.5,0.5,-0.8,1,-1,1,0,161,4902,0,4902,14.4,4
4002,0.5,0.5,-0.8,1,-1,1,0,141,3556,0,3556,12.5,4
4023,-0.3,0.9,-0.8,1,-1,1,0,292,4174,0,4174,43.8,4
4029,-0.3,0.9,-0.8,1,-1,1,0,224,6473,0,6473,28.7,4
4005,0.5,0.5,-0.8,-1,1,0,0,127,0,2688,-2688,7.2,4
4003,0.5,0.5,-0.8,1,-1,1,0,247,3428,0,3428,23.8,4
4004,0.5,0.5,-0.8,1,-1,1,0,246,1837,0,1837,12.9,4
4006,0.5,0.5,-0.8,-1,1,0,0,186,0,499,-499,13.3,4
4007,0.5,0.5,-0.8,-1,1,0,0,155,0,1089,-1089,14.5,4
4010,0.5,0.5,-0.8,1,-1,1,0,98,1959,0,1959,7.1,4
4009,0.5,0.5,-0.8,-1,1,0,0,130,0,1836,-1836,9.1,4
4012,0.5,0.5,-0.8,1,-1,1,0,186,5991,0,5991,10.0,4
4011,0.5,0.5,-0.8,-1,1,0,0,209,0,2309,-2309,14.1,4
4008,0.5,0.5,-0.8,1,-1,1,0,234,5660,0,5660,26.4,4
4014,0.5,0.5,-0.8,-1,1,0,0,240,0,629,-629,15.5,4
4015,0.5,0.5,-0.8,-1,1,0,0,182,0,611,-611,11.5,4
4013,0.5,0.5,-0.8,1,-1,1,0,188,3876,0,3876,21.0,4
4018,0.5,0.5,-0.8,-1,1,0,0,269,0,717,-717,16.8,4
4019,0.5,0.5,-0.8,1,-1,1,0,149,4711,0,4711,15.8,4
4021,0.5,0.5,-0.8,-1,1,0,0,102,0,155,-155,3.0,4
4016,0.5,0.5,-0.8,1,-1,1,0,285,3689,0,3689,31.6,4
4017,0.5,0.5,-0.8,1,-1,1,0,224,4594,0,4594,26.1,4
4020,0.5,0.5,-0.8,-1,1,0,0,263,0,333,-333,19.5,4
4022,0.5,0.5,-0.8,-1,1,0,0,154,0,1162,-1162,11.0,4
4023,0.5,0.5,-0.8,-1,1,0,0,137,0,397,-397,8.9,4
4025,0.5,0.5,-0.8,1,-1,1,0,155,2450,0,2450,7.0,4
4024,0.5,0.5,-0.8,-1,1,0,0,137,0,958,-958,8.1,4
4027,0.5,0.5,-0.8,-1,1,0,0,145,0,541,-541,10.4,4
4026,0.5,0.5,-0.8,1,-1,1,0,194,4154,0,4154,16.0,4
4028,0.5,0.5,-0.8,-1,1,0,0,156,0,3299,-3299,14.2,4
4000,0.7,0.7,-0.4,1,-1,1,0,183,3841,0,3841,15.0,4
4029,0.5,0.5,-0.8,-1,1,0,0,135,0,929,-929,15.8,4
4004,0.7,0.7,-0.4,-1,1,0,0,121,0,2164,-2164,8.0,4
4001,0.7,0.7,-0.4,1,-1,1,0,189,2516,0,2516,20.1,4
4003,0.7,0.7,-0.4,-1,1,0,0,171,0,1186,-1186,20.1,4
4007,0.7,0.7,-0.4,1,-1,1,0,133,3806,0,3806,8.1,4
4006,0.7,0.7,-0.4,1,-1,1,0,188,3321,0,3321,16.3,4
4005,0.7,0.7,-0.4,-1,1,0,0,258,0,619,-619,27.6,4
4002,0.7,0.7,-0.4,-1,1,0,0,285,0,2260,-2260,36.6,4
4009,0.7,0.7,-0.4,1,-1,1,0,157,4379,0,4379,10.7,4
4011,0.7,0.7,-0.4,-1,1,0,0,139,0,540,-540,7.7,4
4010,0.7,0.7,-0.4,1,-1,1,0,196,1950,0,1950,13.5,4
4008,0.7,0.7,-0.4,1,-1,1,0,210,4789,0,4789,21.1,4
4012,0.7,0.7,-0.4,1,-1,1,0,154,2704,0,2704,10.4,4
4013,0.7,0.7,-0.4,-1,1,0,0,155,0,2662,-2662,10.0,4
4017,0.7,0.7,-0.4,1,-1,1,0,106,2134,0,2134,6.4,4
4016,0.7,0.7,-0.4,1,-1,1,0,198,2575,0,2575,12.0,4
4014,0.7,0.7,-0.4,-1,1,0,0,171,0,759,-759,15.6,4
4018,0.7,0.7,-0.4,-1,1,0,0,140,0,884,-884,10.0,4
4015,0.7,0.7,-0.4,-1,1,0,0,178,0,2324,-2324,17.3,4
4019,0.7,0.7,-0.4,1,-1,1,0,155,2690,0,2690,9.8,4
4023,0.7,0.7,-0.4,-1,1,0,0,135,0,1220,-1220,10.5,4
4022,0.7,0.7,-0.4,-1,1,0,0,180,0,3150,-3150,15.4,4
4020,0.7,0.7,-0.4,-1,1,0,0,177,0,1593,-1593,16.9,4
4021,0.7,0.7,-0.4,-1,1,0,0,186,0,2077,-2077,16.6,4
4024,0.7,0.7,-0.4,1,-1,1,0,148,4475,0,4475,13.2,4
4025,0.7,0.7,-0.4,1,-1,1,0,150,3946,0,3946,5.5,4
4027,0.7,0.7,-0.4,1,-1,1,0,135,4740,0,4740,8.6,4
4029,0.7,0.7,-0.4,-1,1,0,0,119,0,1564,-1564,10.9,4
4028,0.7,0.7,-0.4,1,-1,1,0,156,4219,0,4219,13.9,4
4026,0.7,0.7,-0.4,1,-1,1,0,181,6719,0,6719,19.5,4
