seed,w_wnn_close_res,w_mean_dist_all,w_ships,reward_our,reward_sub,win,draw,steps,ships_our_final,ships_sub_final,ships_diff,match_time_sec,round
0,0.2,-0.8,-0.9,-1,1,0,0,125,0,1488,-1488,12.6,0
0,0.2,-0.8,-0.5,1,-1,1,0,156,3779,0,3779,13.1,0
1,0.2,-0.8,-0.7,1,-1,1,0,174,2237,0,2237,13.4,0
1,0.2,-0.8,-0.9,-1,1,0,0,191,0,2325,-2325,20.5,0
1,0.2,-0.8,-0.5,-1,1,0,0,125,0,462,-462,9.1,0
1,0.2,-0.8,-0.3,1,-1,1,0,156,3613,0,3613,12.1,0
0,0.2,-0.8,-0.7,-1,1,0,0,183,0,753,-753,26.5,0
0,0.2,-0.8,-0.1,-1,1,0,0,139,0,4939,-4939,11.1,0
1,0.2,-0.6,-0.9,1,-1,1,0,128,4001,0,4001,5.9,0
0,0.2,-0.8,-0.3,1,-1,1,0,256,2732,0,2732,20.9,0
1,0.2,-0.8,-0.1,1,-1,1,0,157,3934,0,3934,16.5,0
0,0.2,-0.6,-0.7,-1,1,0,0,184,0,3444,-3444,9.4,0
1,0.2,-0.6,-0.5,-1,1,0,0,146,0,632,-632,7.2,0
1,0.2,-0.6,-0.3,-1,1,0,0,135,0,721,-721,7.0,0
0,0.2,-0.6,-0.9,-1,1,0,0,274,0,1518,-1518,32.9,0
1,0.2,-0.6,-0.7,-1,1,0,0,185,0,659,-659,26.2,0
0,0.2,-0.6,-0.5,-1,1,0,0,242,0,2753,-2753,24.7,0
0,0.2,-0.6,-0.3,1,-1,1,0,193,3439,0,3439,18.4,0
0,0.2,-0.6,-0.1,-1,1,0,0,156,0,734,-734,16.1,0
1,0.2,-0.6,-0.1,-1,1,0,0,152,0,1023,-1023,11.7,0
1,0.2,-0.4,-0.9,1,-1,1,0,214,3954,0,3954,16.8,0
0,0.2,-0.4,-0.9,-1,1,0,0,208,0,1713,-1713,21.7,0
1,0.2,-0.4,-0.5,-1,1,0,0,116,0,947,-947,5.4,0
1,0.2,-0.4,-0.7,-1,1,0,0,202,0,1045,-1045,17.6,0
0,0.2,-0.4,-0.7,-1,1,0,0,254,0,813,-813,27.3,0
1,0.2,-0.4,-0.3,1,-1,1,0,140,3380,0,3380,7.1,0
0,0.2,-0.2,-0.9,1,-1,1,0,121,2053,0,2053,8.6,0
0,0.2,-0.4,-0.5,1,-1,1,0,248,3787,0,3787,28.1,0
0,0.2,-0.4,-0.1,-1,1,0,0,177,0,925,-925,14.1,0
1,0.2,-0.4,-0.1,1,-1,1,0,251,4832,0,4832,18.7,0
0,0.2,-0.4,-0.3,-1,1,0,0,193,0,1927,-1927,25.5,0
0,0.2,-0.2,-0.7,-1,1,0,0,135,0,1114,-1114,8.2,0
1,0.2,-0.2,-0.9,-1,1,0,0,147,0,711,-711,10.3,0
1,0.2,-0.2,-0.7,-1,1,0,0,219,0,3822,-3822,13.5,0
1,0.2,-0.2,-0.3,1,-1,1,0,149,1054,0,1054,8.3,0
1,0.2,-0.2,-0.5,1,-1,1,0,176,3340,0,3340,16.5,0
0,0.2,-0.2,-0.5,1,-1,1,0,159,5004,0,5004,17.7,0
0,0.2,-0.2,-0.1,-1,1,0,0,168,0,2598,-2598,12.5,0
0,0.2,-0.2,-0.3,1,-1,1,0,241,6444,0,6444,23.0,0
0,0.4,-0.8,-0.9,1,-1,1,0,134,3938,0,3938,7.8,0
1,0.4,-0.8,-0.9,1,-1,1,0,194,4742,0,4742,9.9,0
0,0.4,-0.8,-0.7,1,-1,1,0,144,4818,0,4818,10.7,0
1,0.2,-0.2,-0.1,-1,1,0,0,222,0,748,-748,24.2,0
1,0.4,-0.8,-0.7,1,-1,1,0,176,2911,0,2911,14.8,0
0,0.4,-0.8,-0.5,-1,1,0,0,227,0,929,-929,17.5,0
0,0.4,-0.8,-0.3,-1,1,0,0,207,0,2572,-2572,12.9,0
1,0.4,-0.8,-0.5,-1,1,0,0,168,0,1255,-1255,18.2,0
1,0.4,-0.8,-0.3,-1,1,0,0,140,0,2549,-2549,11.9,0
0,0.4,-0.6,-0.9,1,-1,1,0,138,2875,0,2875,9.6,0
1,0.4,-0.8,-0.1,1,-1,1,0,225,4911,0,4911,18.6,0
0,0.4,-0.8,-0.1,1,-1,1,0,217,5856,0,5856,22.2,0
1,0.4,-0.6,-0.9,-1,1,0,0,179,0,2395,-2395,19.8,0
0,0.4,-0.6,-0.5,1,-1,1,0,152,2094,0,2094,6.9,0
1,0.4,-0.6,-0.7,1,-1,1,0,216,2635,0,2635,18.3,0
1,0.4,-0.6,-0.5,-1,1,0,0,127,0,1342,-1342,12.3,0
0,0.4,-0.6,-0.3,-1,1,0,0,167,0,956,-956,11.6,0
1,0.4,-0.6,-0.3,-1,1,0,0,195,0,437,-437,13.5,0
0,0.4,-0.6,-0.7,-1,1,0,0,301,0,1855,-1855,35.3,0
0,0.4,-0.4,-0.7,1,-1,1,0,102,640,0,640,3.2,0
1,0.4,-0.6,-0.1,1,-1,1,0,214,4334,0,4334,14.5,0
0,0.4,-0.4,-0.9,1,-1,1,0,183,4582,0,4582,11.5,0
0,0.4,-0.6,-0.1,1,-1,1,0,183,6401,0,6401,18.0,0
0,0.4,-0.4,-0.5,1,-1,1,0,152,4326,0,4326,8.3,0
1,0.4,-0.4,-0.5,-1,1,0,0,180,0,575,-575,13.9,0
1,0.4,-0.4,-0.7,-1,1,0,0,173,0,1951,-1951,19.9,0
0,0.4,-0.4,-0.3,1,-1,1,0,192,4078,0,4078,15.7,0
1,0.4,-0.4,-0.1,-1,1,0,0,115,0,535,-535,8.3,0
0,0.4,-0.4,-0.1,-1,1,0,0,162,0,922,-922,13.1,0
1,0.4,-0.4,-0.9,-1,1,0,0,265,0,3417,-3417,35.1,0
1,0.4,-0.2,-0.9,-1,1,0,0,157,0,2579,-2579,10.1,0
0,0.4,-0.2,-0.9,-1,1,0,0,183,0,3422,-3422,18.1,0
1,0.4,-0.2,-0.7,1,-1,1,0,164,3173,0,3173,9.7,0
0,0.4,-0.2,-0.7,1,-1,1,0,187,3096,0,3096,13.0,0
1,0.4,-0.4,-0.3,-1,1,0,0,267,0,1378,-1378,33.2,0
0,0.4,-0.2,-0.5,-1,1,0,0,147,0,1407,-1407,13.8,0
0,0.4,-0.2,-0.3,1,-1,1,0,145,2988,0,2988,16.1,0
1,0.4,-0.2,-0.1,-1,1,0,0,126,0,675,-675,6.2,0
0,0.4,-0.2,-0.1,1,-1,1,0,197,2733,0,2733,17.9,0
1,0.6,-0.8,-0.9,1,-1,1,0,137,4757,0,4757,5.3,0
1,0.4,-0.2,-0.5,1,-1,1,0,252,4502,0,4502,26.0,0
1,0.4,-0.2,-0.3,-1,1,0,0,194,0,959,-959,23.6,0
0,0.6,-0.8,-0.9,-1,1,0,0,154,0,684,-684,15.4,0
1,0.6,-0.8,-0.5,1,-1,1,0,137,2753,0,2753,10.6,0
1,0.6,-0.8,-0.7,-1,1,0,0,155,0,501,-501,15.3,0
0,0.6,-0.8,-0.3,-1,1,0,0,127,0,2904,-2904,7.4,0
0,0.6,-0.8,-0.5,-1,1,0,0,159,0,1909,-1909,15.1,0
1,0.6,-0.8,-0.1,1,-1,1,0,156,3916,0,3916,11.6,0
0,0.6,-0.6,-0.9,-1,1,0,0,133,0,919,-919,11.6,0
0,0.6,-0.8,-0.7,-1,1,0,0,256,0,1028,-1028,33.4,0
1,0.6,-0.6,-0.9,1,-1,1,0,137,4304,0,4304,6.9,0
0,0.6,-0.8,-0.1,1,-1,1,0,191,5200,0,5200,22.5,0
0,0.6,-0.6,-0.7,-1,1,0,0,148,0,829,-829,9.7,0
1,0.6,-0.6,-0.7,1,-1,1,0,171,383,0,383,7.1,0
1,0.6,-0.6,-0.5,1,-1,1,0,164,3297,0,3297,8.9,0
1,0.6,-0.6,-0.3,1,-1,1,0,172,2951,0,2951,11.4,0
0,0.6,-0.6,-0.5,-1,1,0,0,181,0,1205,-1205,19.7,0
0,0.6,-0.6,-0.1,1,-1,1,0,129,3392,0,3392,12.2,0
1,0.6,-0.8,-0.3,1,-1,1,0,425,18581,0,18581,45.3,0
1,0.6,-0.6,-0.1,-1,1,0,0,122,0,628,-628,8.8,0
0,0.6,-0.6,-0.3,1,-1,1,0,269,4773,0,4773,36.0,0
0,0.6,-0.4,-0.9,1,-1,1,0,179,3776,0,3776,20.1,0
1,0.6,-0.4,-0.9,-1,1,0,0,145,0,835,-835,17.0,0
1,0.6,-0.4,-0.7,1,-1,1,0,175,5644,0,5644,18.0,0
0,0.6,-0.4,-0.7,-1,1,0,0,191,0,2100,-2100,20.4,0
1,0.6,-0.4,-0.5,-1,1,0,0,192,0,204,-204,6.2,0
1,0.6,-0.4,-0.3,-1,1,0,0,145,0,2060,-2060,10.8,0
0,0.6,-0.4,-0.1,1,-1,1,0,216,5200,0,5200,11.1,0
0,0.6,-0.4,-0.3,1,-1,1,0,159,4676,0,4676,16.4,0
0,0.6,-0.4,-0.5,-1,1,0,0,175,0,837,-837,20.2,0
0,0.6,-0.2,-0.7,-1,1,0,0,155,0,408,-408,8.0,0
1,0.6,-0.2,-0.7,1,-1,1,0,112,3857,0,3857,6.2,0
0,0.6,-0.2,-0.9,-1,1,0,0,210,0,1915,-1915,13.1,0
1,0.6,-0.2,-0.9,-1,1,0,0,123,0,2487,-2487,11.1,0
1,0.6,-0.2,-0.5,-1,1,0,0,113,0,371,-371,7.3,0
1,0.6,-0.2,-0.3,-1,1,0,0,117,0,418,-418,6.1,0
0,0.6,-0.2,-0.5,1,-1,1,0,167,3331,0,3331,9.4,0
0,0.6,-0.2,-0.1,1,-1,1,0,166,2733,0,2733,11.4,0
1,0.6,-0.2,-0.1,-1,1,0,0,148,0,2243,-2243,11.2,0
0,0.6,-0.2,-0.3,1,-1,1,0,290,3463,0,3463,21.0,0
1,0.6,-0.4,-0.1,1,-1,1,0,389,8105,0,8105,42.6,0
0,0.8,-0.8,-0.9,-1,1,0,0,145,0,800,-800,14.6,0
1,0.8,-0.8,-0.5,-1,1,0,0,154,0,341,-341,8.9,0
0,0.8,-0.8,-0.7,-1,1,0,0,241,0,413,-413,14.3,0
1,0.8,-0.8,-0.9,1,-1,1,0,147,4986,0,4986,16.3,0
1,0.8,-0.8,-0.7,1,-1,1,0,240,3040,0,3040,14.7,0
0,0.8,-0.8,-0.5,-1,1,0,0,157,0,687,-687,14.8,0
0,0.8,-0.8,-0.3,1,-1,1,0,190,2668,0,2668,16.6,0
1,0.8,-0.8,-0.1,1,-1,1,0,174,3057,0,3057,16.9,0
0,0.8,-0.8,-0.1,-1,1,0,0,200,0,1463,-1463,19.5,0
0,0.8,-0.6,-0.9,-1,1,0,0,163,0,3384,-3384,20.9,0
1,0.8,-0.8,-0.3,1,-1,1,0,191,3025,0,3025,26.7,0
0,0.8,-0.6,-0.7,1,-1,1,0,143,5114,0,5114,13.9,0
0,0.8,-0.6,-0.5,-1,1,0,0,133,0,1052,-1052,9.8,0
1,0.8,-0.6,-0.7,-1,1,0,0,131,0,1075,-1075,15.7,0
1,0.8,-0.6,-0.9,-1,1,0,0,284,0,2705,-2705,26.0,0
1,0.8,-0.6,-0.5,-1,1,0,0,242,0,503,-503,17.3,0
0,0.8,-0.6,-0.3,-1,1,0,0,155,0,1546,-1546,10.0,0
1,0.8,-0.6,-0.3,1,-1,1,0,180,5424,0,5424,15.6,0
0,0.8,-0.4,-0.7,-1,1,0,0,182,0,1447,-1447,7.1,0
1,0.8,-0.6,-0.1,1,-1,1,0,202,4202,0,4202,22.6,0
1,0.8,-0.4,-0.9,1,-1,1,0,204,3565,0,3565,20.3,0
0,0.8,-0.4,-0.9,1,-1,1,0,191,5539,0,5539,22.2,0
0,0.8,-0.6,-0.1,-1,1,0,0,264,0,953,-953,32.9,0
1,0.8,-0.4,-0.7,-1,1,0,0,126,0,665,-665,12.6,0
0,0.8,-0.4,-0.5,-1,1,0,0,151,0,1316,-1316,10.8,0
1,0.8,-0.4,-0.5,1,-1,1,0,157,4012,0,4012,19.2,0
1,0.8,-0.4,-0.1,-1,1,0,0,160,0,1711,-1711,8.9,0
0,0.8,-0.4,-0.1,1,-1,1,0,176,3411,0,3411,15.6,0
1,0.8,-0.4,-0.3,-1,1,0,0,169,0,838,-838,16.6,0
0,0.8,-0.4,-0.3,1,-1,1,0,186,4945,0,4945,20.8,0
0,0.8,-0.2,-0.9,1,-1,1,0,167,2612,0,2612,7.0,0
1,0.8,-0.2,-0.7,1,-1,1,0,185,803,0,803,8.1,0
0,0.8,-0.2,-0.5,1,-1,1,0,174,3367,0,3367,20.2,0
1,0.8,-0.2,-0.5,-1,1,0,0,121,0,1132,-1132,17.1,0
0,0.8,-0.2,-0.3,-1,1,0,0,166,0,2580,-2580,19.5,0
1,0.8,-0.2,-0.3,1,-1,1,0,160,2850,0,2850,8.6,0
0,0.8,-0.2,-0.7,1,-1,1,0,211,4695,0,4695,30.6,0
1,0.8,-0.2,-0.9,-1,1,0,0,282,0,2328,-2328,39.0,0
1,0.8,-0.2,-0.1,-1,1,0,0,182,0,522,-522,9.1,0
1,1.0,-0.8,-0.7,1,-1,1,0,152,3327,0,3327,5.1,0
0,0.8,-0.2,-0.1,-1,1,0,0,186,0,3947,-3947,22.3,0
0,1.0,-0.8,-0.9,-1,1,0,0,162,0,665,-665,15.3,0
0,1.0,-0.8,-0.7,-1,1,0,0,181,0,2850,-2850,16.5,0
1,1.0,-0.8,-0.9,-1,1,0,0,239,0,1293,-1293,23.4,0
0,1.0,-0.8,-0.3,1,-1,1,0,166,2314,0,2314,10.6,0
1,1.0,-0.8,-0.5,-1,1,0,0,183,0,1630,-1630,15.0,0
0,1.0,-0.8,-0.5,-1,1,0,0,213,0,3079,-3079,19.0,0
0,1.0,-0.8,-0.1,1,-1,1,0,169,3427,0,3427,8.8,0
1,1.0,-0.8,-0.1,1,-1,1,0,148,2364,0,2364,7.5,0
1,1.0,-0.8,-0.3,1,-1,1,0,139,3339,0,3339,12.1,0
1,1.0,-0.6,-0.9,-1,1,0,0,137,0,1801,-1801,6.8,0
1,1.0,-0.6,-0.5,1,-1,1,0,149,3163,0,3163,8.0,0
0,1.0,-0.6,-0.5,1,-1,1,0,148,2961,0,2961,11.1,0
0,1.0,-0.6,-0.9,1,-1,1,0,197,4485,0,4485,19.1,0
1,1.0,-0.6,-0.7,-1,1,0,0,188,0,2672,-2672,16.9,0
0,1.0,-0.6,-0.3,-1,1,0,0,122,0,718,-718,9.2,0
0,1.0,-0.6,-0.7,-1,1,0,0,192,0,1199,-1199,24.6,0
0,1.0,-0.6,-0.1,-1,1,0,0,158,0,614,-614,10.6,0
1,1.0,-0.6,-0.1,1,-1,1,0,176,2832,0,2832,12.6,0
0,1.0,-0.4,-0.9,-1,1,0,0,177,0,2262,-2262,16.0,0
1,1.0,-0.4,-0.9,-1,1,0,0,141,0,1371,-1371,16.0,0
0,1.0,-0.4,-0.7,1,-1,1,0,296,1870,0,1870,14.8,0
1,1.0,-0.4,-0.7,1,-1,1,0,150,4520,0,4520,18.1,0
1,1.0,-0.6,-0.3,-1,1,0,0,361,0,1236,-1236,41.3,0
0,1.0,-0.4,-0.3,1,-1,1,0,119,3442,0,3442,14.0,0
1,1.0,-0.4,-0.5,1,-1,1,0,197,3365,0,3365,15.0,0
0,1.0,-0.4,-0.5,-1,1,0,0,188,0,2323,-2323,20.5,0
0,1.0,-0.2,-0.9,1,-1,1,0,138,5098,0,5098,9.7,0
1,1.0,-0.4,-0.3,-1,1,0,0,187,0,1850,-1850,26.4,0
0,1.0,-0.4,-0.1,-1,1,0,0,197,0,668,-668,22.8,0
0,1.0,-0.2,-0.7,-1,1,0,0,183,0,847,-847,14.3,0
0,1.0,-0.2,-0.5,1,-1,1,0,144,1999,0,1999,5.7,0
1,1.0,-0.4,-0.1,-1,1,0,0,255,0,650,-650,31.0,0
1,1.0,-0.2,-0.7,-1,1,0,0,135,0,2203,-2203,14.3,0
0,1.0,-0.2,-0.3,1,-1,1,0,163,5599,0,5599,12.4,0
1,1.0,-0.2,-0.3,-1,1,0,0,112,0,2218,-2218,10.3,0
1,1.0,-0.2,-0.9,-1,1,0,0,269,0,1327,-1327,38.4,0
0,1.0,-0.2,-0.1,-1,1,0,0,139,0,2241,-2241,9.2,0
1,1.0,-0.2,-0.5,-1,1,0,0,176,0,3475,-3475,21.2,0
1,1.0,-0.2,-0.1,-1,1,0,0,290,0,1109,-1109,46.9,0
1001,0.6,-0.8,-0.3,1,-1,1,0,152,3230,0,3230,9.7,1
1001,0.6,-0.4,-0.1,1,-1,1,0,162,3195,0,3195,12.0,1
1000,0.6,-0.8,-0.3,-1,1,0,0,206,0,566,-566,13.3,1
1000,0.4,-0.8,-0.1,1,-1,1,0,129,3008,0,3008,4.3,1
1002,0.6,-0.4,-0.1,1,-1,1,0,125,2165,0,2165,7.6,1
1002,0.6,-0.8,-0.3,1,-1,1,0,254,3647,0,3647,19.6,1
1001,0.4,-0.8,-0.1,-1,1,0,0,143,0,3069,-3069,8.0,1
1000,0.6,-0.4,-0.1,1,-1,1,0,198,3755,0,3755,29.3,1
1000,0.4,-0.6,-0.1,-1,1,0,0,194,0,616,-616,14.8,1
1002,0.4,-0.8,-0.1,-1,1,0,0,245,0,1102,-1102,20.1,1
1000,0.6,-0.8,-0.1,1,-1,1,0,154,3405,0,3405,8.2,1
1002,0.4,-0.6,-0.1,-1,1,0,0,147,0,1382,-1382,17.6,1
1001,0.6,-0.8,-0.1,-1,1,0,0,201,0,384,-384,11.1,1
1002,0.6,-0.8,-0.1,-1,1,0,0,151,0,1748,-1748,10.3,1
1001,0.4,-0.6,-0.1,-1,1,0,0,283,0,995,-995,27.8,1
1002,0.8,-0.4,-0.9,-1,1,0,0,152,0,324,-324,6.1,1
1002,0.4,-0.8,-0.9,1,-1,1,0,165,3054,0,3054,8.6,1
1001,0.8,-0.4,-0.9,-1,1,0,0,165,0,1033,-1033,18.8,1
1000,0.4,-0.8,-0.9,1,-1,1,0,130,3206,0,3206,12.8,1
1000,0.2,-0.2,-0.5,-1,1,0,0,203,0,3323,-3323,14.5,1
1001,0.2,-0.2,-0.5,-1,1,0,0,139,0,2362,-2362,16.4,1
1001,0.4,-0.8,-0.9,-1,1,0,0,186,0,698,-698,29.5,1
1001,0.4,-0.8,-0.7,-1,1,0,0,139,0,2928,-2928,12.8,1
1000,0.8,-0.4,-0.9,-1,1,0,0,362,0,1993,-1993,50.1,1
1002,0.2,-0.2,-0.5,-1,1,0,0,236,0,559,-559,32.1,1
1000,0.6,-0.6,-0.3,1,-1,1,0,164,3009,0,3009,9.9,1
1000,0.4,-0.8,-0.7,1,-1,1,0,189,5354,0,5354,26.0,1
1002,0.6,-0.6,-0.3,1,-1,1,0,222,6234,0,6234,14.6,1
1001,0.6,-0.6,-0.3,-1,1,0,0,188,0,629,-629,18.5,1
1000,0.2,-0.2,-0.3,-1,1,0,0,173,0,654,-654,12.6,1
1002,0.4,-0.8,-0.7,-1,1,0,0,235,0,697,-697,35.4,1
1002,0.2,-0.2,-0.3,1,-1,1,0,179,2835,0,2835,10.5,1
1000,0.2,-0.8,-0.3,-1,1,0,0,127,0,532,-532,6.1,1
1001,0.2,-0.2,-0.3,1,-1,1,0,196,5929,0,5929,25.7,1
1002,1.0,-0.4,-0.7,-1,1,0,0,165,0,1007,-1007,13.1,1
1000,1.0,-0.4,-0.7,-1,1,0,0,164,0,1869,-1869,19.1,1
1001,0.4,-0.2,-0.7,-1,1,0,0,96,0,351,-351,9.2,1
1000,0.4,-0.2,-0.7,1,-1,1,0,164,2998,0,2998,10.8,1
1001,0.2,-0.8,-0.3,-1,1,0,0,195,0,800,-800,13.8,1
1000,1.0,-0.6,-0.5,-1,1,0,0,141,0,439,-439,6.9,1
1001,1.0,-0.6,-0.5,-1,1,0,0,164,0,802,-802,11.0,1
1002,0.4,-0.2,-0.7,-1,1,0,0,146,0,2605,-2605,14.5,1
1002,0.2,-0.8,-0.3,-1,1,0,0,241,0,1453,-1453,28.5,1
1000,1.0,-0.8,-0.1,1,-1,1,0,184,2646,0,2646,5.5,1
1001,1.0,-0.4,-0.7,-1,1,0,0,275,0,2282,-2282,43.5,1
1001,1.0,-0.8,-0.1,1,-1,1,0,182,2077,0,2077,9.2,1
1002,1.0,-0.8,-0.1,1,-1,1,0,164,2449,0,2449,6.5,1
1000,0.8,-0.8,-0.3,-1,1,0,0,110,0,947,-947,7.3,1
1002,1.0,-0.6,-0.5,-1,1,0,0,146,0,2675,-2675,21.5,1
1002,1.0,-0.8,-0.3,1,-1,1,0,170,2486,0,2486,8.9,1
1001,1.0,-0.8,-0.3,-1,1,0,0,215,0,1753,-1753,13.0,1
1001,0.8,-0.8,-0.3,-1,1,0,0,160,0,935,-935,21.6,1
1002,0.8,-0.8,-0.3,1,-1,1,0,199,3212,0,3212,18.0,1
1000,0.8,-0.8,-0.9,1,-1,1,0,153,3280,0,3280,5.2,1
1000,1.0,-0.8,-0.3,1,-1,1,0,234,5696,0,5696,27.2,1
1001,0.8,-0.2,-0.7,-1,1,0,0,155,0,664,-664,13.2,1
1000,0.8,-0.4,-0.3,1,-1,1,0,107,1561,0,1561,5.9,1
1001,0.8,-0.8,-0.9,-1,1,0,0,103,0,699,-699,10.5,1
1000,0.8,-0.2,-0.7,1,-1,1,0,241,4239,0,4239,26.6,1
1002,0.8,-0.4,-0.3,-1,1,0,0,152,0,683,-683,14.3,1
1002,0.8,-0.2,-0.7,-1,1,0,0,233,0,3267,-3267,31.8,1
1002,0.8,-0.8,-0.9,-1,1,0,0,190,0,3034,-3034,22.6,1
1001,0.6,-0.8,-0.9,-1,1,0,0,116,0,705,-705,8.4,1
1000,0.6,-0.8,-0.9,1,-1,1,0,230,2892,0,2892,17.5,1
1001,0.8,-0.4,-0.3,1,-1,1,0,263,4214,0,4214,26.4,1
1000,0.8,-0.6,-0.7,1,-1,1,0,241,3522,0,3522,12.3,1
1002,0.6,-0.8,-0.9,-1,1,0,0,175,0,2569,-2569,16.9,1
1000,0.2,-0.4,-0.1,-1,1,0,0,137,0,404,-404,5.9,1
1002,0.8,-0.6,-0.7,-1,1,0,0,150,0,682,-682,9.3,1
1001,0.8,-0.6,-0.7,-1,1,0,0,138,0,640,-640,16.5,1
1000,0.8,-0.6,-0.3,1,-1,1,0,182,4014,0,4014,14.3,1
1001,0.2,-0.4,-0.1,-1,1,0,0,179,0,859,-859,20.0,1
1001,0.8,-0.6,-0.3,-1,1,0,0,192,0,975,-975,19.2,1
1000,1.0,-0.2,-0.9,1,-1,1,0,159,3135,0,3135,7.9,1
1001,1.0,-0.2,-0.9,-1,1,0,0,129,0,3158,-3158,6.3,1
1002,0.8,-0.6,-0.3,-1,1,0,0,151,0,1783,-1783,17.0,1
1002,0.4,-0.4,-0.5,1,-1,1,0,138,3673,0,3673,4.8,1
1000,0.4,-0.4,-0.5,1,-1,1,0,188,4460,0,4460,10.8,1
1002,1.0,-0.2,-0.9,-1,1,0,0,110,0,1001,-1001,13.5,1
1001,0.4,-0.4,-0.5,-1,1,0,0,141,0,3487,-3487,15.5,1
1002,0.6,-0.4,-0.7,1,-1,1,0,148,2920,0,2920,6.0,1
1000,0.6,-0.2,-0.7,1,-1,1,0,182,3078,0,3078,9.5,1
1000,0.6,-0.4,-0.7,1,-1,1,0,218,4165,0,4165,20.9,1
1001,0.6,-0.4,-0.7,1,-1,1,0,193,5395,0,5395,19.2,1
1000,0.6,-0.6,-0.9,1,-1,1,0,131,2636,0,2636,5.0,1
1001,0.6,-0.6,-0.9,-1,1,0,0,140,0,3102,-3102,10.9,1
1001,0.6,-0.2,-0.7,-1,1,0,0,254,0,532,-532,23.6,1
1002,0.2,-0.4,-0.1,-1,1,0,0,479,0,1032,-1032,67.6,1
1002,0.6,-0.6,-0.9,1,-1,1,0,159,3358,0,3358,14.5,1
1000,1.0,-0.2,-0.3,1,-1,1,0,156,3788,0,3788,10.1,1
1002,1.0,-0.2,-0.3,1,-1,1,0,131,3505,0,3505,9.0,1
1000,0.2,-0.8,-0.5,1,-1,1,0,137,3467,0,3467,8.0,1
1001,1.0,-0.2,-0.3,-1,1,0,0,153,0,657,-657,13.6,1
1000,0.8,-0.6,-0.1,-1,1,0,0,126,0,659,-659,4.6,1
1001,0.2,-0.8,-0.5,1,-1,1,0,152,3823,0,3823,8.3,1
1001,0.8,-0.6,-0.1,-1,1,0,0,109,0,636,-636,6.3,1
1002,0.6,-0.2,-0.7,1,-1,1,0,269,4460,0,4460,36.9,1
1002,0.2,-0.8,-0.5,-1,1,0,0,147,0,3099,-3099,10.6,1
1002,0.4,-0.2,-0.5,-1,1,0,0,148,0,662,-662,11.5,1
1000,0.4,-0.2,-0.5,-1,1,0,0,151,0,2219,-2219,17.0,1
1002,0.8,-0.6,-0.1,1,-1,1,0,185,4954,0,4954,17.3,1
1000,0.6,-0.2,-0.3,-1,1,0,0,169,0,1474,-1474,17.0,1
1001,0.4,-0.2,-0.5,1,-1,1,0,182,5022,0,5022,22.4,1
1000,0.6,-0.2,-0.5,1,-1,1,0,130,2215,0,2215,8.6,1
1002,0.6,-0.2,-0.3,-1,1,0,0,133,0,652,-652,14.2,1
1001,0.6,-0.2,-0.3,1,-1,1,0,230,3903,0,3903,21.9,1
1000,0.6,-0.4,-0.9,-1,1,0,0,182,0,3522,-3522,11.8,1
1002,0.6,-0.2,-0.5,1,-1,1,0,165,2389,0,2389,15.4,1
1001,0.6,-0.4,-0.9,-1,1,0,0,165,0,5000,-5000,10.6,1
1002,0.6,-0.4,-0.9,1,-1,1,0,151,2262,0,2262,9.4,1
1002,0.2,-0.4,-0.5,1,-1,1,0,201,2006,0,2006,8.8,1
1001,0.6,-0.2,-0.5,1,-1,1,0,209,4314,0,4314,32.8,1
1001,0.6,-0.6,-0.1,-1,1,0,0,142,0,798,-798,6.3,1
1000,0.2,-0.4,-0.5,-1,1,0,0,221,0,692,-692,20.8,1
1002,0.6,-0.6,-0.1,-1,1,0,0,122,0,961,-961,7.0,1
1001,0.2,-0.6,-0.3,1,-1,1,0,105,2406,0,2406,4.8,1
1001,0.2,-0.4,-0.5,-1,1,0,0,228,0,2073,-2073,26.1,1
1000,0.4,-0.4,-0.3,-1,1,0,0,148,0,2962,-2962,9.2,1
1000,0.6,-0.6,-0.1,-1,1,0,0,219,0,1498,-1498,31.7,1
1002,0.2,-0.6,-0.3,-1,1,0,0,181,0,1120,-1120,21.1,1
1001,0.4,-0.4,-0.3,-1,1,0,0,274,0,935,-935,17.8,1
1002,0.4,-0.4,-0.3,1,-1,1,0,158,4403,0,4403,13.5,1
1000,0.2,-0.6,-0.3,-1,1,0,0,258,0,1208,-1208,33.4,1
1000,0.8,-0.4,-0.5,-1,1,0,0,220,0,649,-649,21.0,1
1000,1.0,-0.6,-0.9,-1,1,0,0,146,0,1716,-1716,16.7,1
1001,1.0,-0.6,-0.9,1,-1,1,0,192,4340,0,4340,13.6,1
1002,1.0,-0.6,-0.9,1,-1,1,0,144,3574,0,3574,6.7,1
1002,0.8,-0.4,-0.5,1,-1,1,0,191,2790,0,2790,22.4,1
1000,0.8,-0.8,-0.7,1,-1,1,0,233,1871,0,1871,9.5,1
1002,0.8,-0.8,-0.7,1,-1,1,0,184,1837,0,1837,9.6,1
1001,0.8,-0.4,-0.5,1,-1,1,0,272,4210,0,4210,37.0,1
1001,0.6,-0.4,-0.3,1,-1,1,0,220,4172,0,4172,14.7,1
1001,0.8,-0.8,-0.7,1,-1,1,0,237,5661,0,5661,25.1,1
1000,0.2,-0.6,-0.9,1,-1,1,0,156,3700,0,3700,14.1,1
1001,0.2,-0.6,-0.9,-1,1,0,0,141,0,3116,-3116,8.9,1
1000,0.6,-0.4,-0.3,-1,1,0,0,250,0,3225,-3225,33.4,1
1000,0.2,-0.4,-0.9,1,-1,1,0,192,2574,0,2574,13.6,1
1001,0.2,-0.4,-0.9,-1,1,0,0,120,0,1709,-1709,12.4,1
1002,0.2,-0.6,-0.9,-1,1,0,0,196,0,3929,-3929,19.0,1
1002,0.6,-0.4,-0.3,-1,1,0,0,229,0,3139,-3139,34.2,1
1001,0.8,-0.2,-0.5,-1,1,0,0,185,0,795,-795,8.0,1
1002,0.2,-0.4,-0.9,1,-1,1,0,243,4302,0,4302,25.3,1
1002,0.8,-0.2,-0.5,-1,1,0,0,201,0,3001,-3001,23.1,1
1000,0.8,-0.2,-0.5,1,-1,1,0,239,5771,0,5771,25.8,1
1001,1.0,-0.6,-0.1,-1,1,0,0,156,0,947,-947,18.8,1
1002,0.6,-0.6,-0.5,-1,1,0,0,201,0,2166,-2166,13.2,1
1000,0.6,-0.6,-0.5,-1,1,0,0,184,0,1825,-1825,16.9,1
1000,1.0,-0.6,-0.1,1,-1,1,0,295,5270,0,5270,39.8,1
1001,0.6,-0.6,-0.5,1,-1,1,0,215,2837,0,2837,28.8,1
1002,1.0,-0.6,-0.1,1,-1,1,0,257,5114,0,5114,37.2,1
2003,0.6,-0.4,-0.7,1,-1,1,0,120,2766,0,2766,4.1,2
2001,0.6,-0.4,-0.7,-1,1,0,0,158,0,713,-713,12.5,2
2004,0.6,-0.4,-0.7,1,-1,1,0,131,3082,0,3082,10.2,2
2002,0.6,-0.4,-0.7,-1,1,0,0,218,0,956,-956,19.2,2
2000,1.0,-0.6,-0.1,-1,1,0,0,154,0,614,-614,17.2,2
2001,1.0,-0.6,-0.1,1,-1,1,0,136,3333,0,3333,10.4,2
2000,0.6,-0.4,-0.7,-1,1,0,0,167,0,1155,-1155,24.1,2
2003,1.0,-0.6,-0.1,1,-1,1,0,160,3195,0,3195,9.8,2
2004,1.0,-0.6,-0.1,-1,1,0,0,144,0,1974,-1974,11.2,2
2000,0.8,-0.8,-0.7,1,-1,1,0,166,2448,0,2448,9.6,2
2001,0.8,-0.8,-0.7,-1,1,0,0,139,0,629,-629,9.6,2
2002,0.8,-0.8,-0.7,1,-1,1,0,175,3924,0,3924,13.9,2
2000,0.6,-0.4,-0.1,-1,1,0,0,185,0,3676,-3676,12.7,2
2004,0.8,-0.8,-0.7,-1,1,0,0,195,0,4470,-4470,16.2,2
2001,0.6,-0.4,-0.1,-1,1,0,0,130,0,440,-440,6.2,2
2002,1.0,-0.6,-0.1,1,-1,1,0,370,3275,0,3275,38.1,2
2002,0.6,-0.4,-0.1,-1,1,0,0,187,0,1974,-1974,8.4,2
2003,0.8,-0.8,-0.7,1,-1,1,0,232,4773,0,4773,34.6,2
2003,0.6,-0.4,-0.1,1,-1,1,0,200,2290,0,2290,23.3,2
2000,0.6,-0.2,-0.5,-1,1,0,0,199,0,3240,-3240,20.0,2
2004,0.6,-0.4,-0.1,-1,1,0,0,164,0,1071,-1071,25.8,2
2002,0.6,-0.2,-0.5,-1,1,0,0,207,0,383,-383,13.9,2
2001,0.6,-0.2,-0.5,-1,1,0,0,189,0,3326,-3326,26.4,2
2003,0.6,-0.2,-0.5,-1,1,0,0,181,0,737,-737,14.7,2
2000,0.6,-0.6,-0.3,1,-1,1,0,172,2011,0,2011,13.0,2
2004,0.6,-0.2,-0.5,1,-1,1,0,183,2832,0,2832,17.3,2
2002,0.6,-0.6,-0.3,-1,1,0,0,150,0,2593,-2593,13.2,2
2003,0.6,-0.6,-0.3,-1,1,0,0,110,0,939,-939,10.0,2
2004,0.6,-0.6,-0.3,1,-1,1,0,209,5094,0,5094,17.3,2
2001,0.2,-0.2,-0.3,1,-1,1,0,144,4749,0,4749,13.1,2
2000,0.2,-0.2,-0.3,1,-1,1,0,210,3306,0,3306,18.4,2
2002,0.2,-0.2,-0.3,-1,1,0,0,145,0,667,-667,13.5,2
2001,0.6,-0.6,-0.3,1,-1,1,0,227,2328,0,2328,29.9,2
2004,0.2,-0.2,-0.3,1,-1,1,0,129,3980,0,3980,8.6,2
2003,0.2,-0.2,-0.3,-1,1,0,0,147,0,3777,-3777,12.1,2
2002,1.0,-0.8,-0.1,-1,1,0,0,177,0,737,-737,9.6,2
2000,1.0,-0.8,-0.1,1,-1,1,0,151,3814,0,3814,11.9,2
2001,1.0,-0.8,-0.1,-1,1,0,0,158,0,1164,-1164,12.5,2
2003,1.0,-0.8,-0.1,1,-1,1,0,138,2420,0,2420,8.6,2
2000,0.6,-0.2,-0.7,1,-1,1,0,149,2308,0,2308,7.5,2
2004,1.0,-0.8,-0.1,1,-1,1,0,207,4246,0,4246,17.7,2
2003,0.6,-0.2,-0.7,-1,1,0,0,155,0,715,-715,13.2,2
2001,0.6,-0.2,-0.7,-1,1,0,0,248,0,573,-573,20.6,2
2002,0.6,-0.2,-0.7,1,-1,1,0,213,4597,0,4597,20.6,2
2000,1.0,-0.2,-0.3,-1,1,0,0,244,0,1308,-1308,14.4,2
2003,1.0,-0.2,-0.3,-1,1,0,0,158,0,1030,-1030,11.2,2
2002,1.0,-0.2,-0.3,-1,1,0,0,143,0,689,-689,13.0,2
2004,1.0,-0.2,-0.3,-1,1,0,0,124,0,734,-734,9.1,2
2001,1.0,-0.2,-0.3,-1,1,0,0,185,0,892,-892,22.4,2
2002,1.0,-0.8,-0.3,1,-1,1,0,103,2042,0,2042,9.5,2
2004,0.6,-0.2,-0.7,1,-1,1,0,419,4603,0,4603,44.6,2
2000,1.0,-0.8,-0.3,-1,1,0,0,177,0,575,-575,19.0,2
2004,1.0,-0.8,-0.3,-1,1,0,0,165,0,1820,-1820,9.3,2
2001,1.0,-0.8,-0.3,1,-1,1,0,231,5362,0,5362,23.3,2
2003,1.0,-0.8,-0.3,-1,1,0,0,200,0,3458,-3458,21.6,2
2002,0.8,-0.4,-0.5,1,-1,1,0,148,3400,0,3400,6.1,2
2000,0.8,-0.4,-0.5,-1,1,0,0,199,0,3757,-3757,13.1,2
2003,0.8,-0.4,-0.5,1,-1,1,0,135,3069,0,3069,10.4,2
2000,0.6,-0.8,-0.3,-1,1,0,0,172,0,811,-811,16.1,2
2001,0.8,-0.4,-0.5,1,-1,1,0,236,4223,0,4223,28.8,2
2002,0.6,-0.8,-0.3,1,-1,1,0,190,2474,0,2474,13.8,2
2001,0.6,-0.8,-0.3,-1,1,0,0,164,0,671,-671,18.2,2
2004,0.8,-0.4,-0.5,-1,1,0,0,183,0,1245,-1245,25.6,2
2000,1.0,-0.6,-0.9,-1,1,0,0,130,0,764,-764,5.8,2
2001,1.0,-0.6,-0.9,-1,1,0,0,145,0,680,-680,7.9,2
2003,0.6,-0.8,-0.3,-1,1,0,0,196,0,1185,-1185,18.7,2
2003,1.0,-0.6,-0.9,1,-1,1,0,159,3891,0,3891,10.3,2
2004,0.6,-0.8,-0.3,-1,1,0,0,169,0,1613,-1613,19.9,2
2002,1.0,-0.6,-0.9,-1,1,0,0,141,0,2390,-2390,15.8,2
2001,0.4,-0.8,-0.9,-1,1,0,0,151,0,881,-881,12.0,2
2000,0.4,-0.8,-0.9,-1,1,0,0,154,0,835,-835,16.7,2
2003,0.4,-0.8,-0.9,1,-1,1,0,151,4489,0,4489,12.7,2
2004,0.4,-0.8,-0.9,1,-1,1,0,172,1829,0,1829,9.2,2
2004,1.0,-0.6,-0.9,-1,1,0,0,239,0,4108,-4108,34.3,2
2000,0.2,-0.4,-0.9,-1,1,0,0,140,0,827,-827,11.7,2
2002,0.4,-0.8,-0.9,1,-1,1,0,250,6252,0,6252,24.7,2
2003,0.2,-0.4,-0.9,1,-1,1,0,145,2339,0,2339,5.1,2
2000,0.8,-0.4,-0.3,-1,1,0,0,118,0,1086,-1086,6.1,2
2002,0.2,-0.4,-0.9,1,-1,1,0,284,2566,0,2566,19.7,2
2001,0.2,-0.4,-0.9,-1,1,0,0,217,0,5511,-5511,24.0,2
2004,0.2,-0.4,-0.9,-1,1,0,0,166,0,1729,-1729,19.0,2
2001,0.8,-0.4,-0.3,1,-1,1,0,184,4654,0,4654,18.6,2
2003,0.8,-0.4,-0.3,1,-1,1,0,243,2204,0,2204,12.8,2
2000,0.4,-0.4,-0.5,1,-1,1,0,132,4642,0,4642,10.0,2
2002,0.4,-0.4,-0.5,-1,1,0,0,132,0,807,-807,11.1,2
2001,0.4,-0.4,-0.5,1,-1,1,0,178,2885,0,2885,14.7,2
2003,0.4,-0.4,-0.5,-1,1,0,0,136,0,680,-680,13.4,2
2004,0.4,-0.4,-0.5,-1,1,0,0,102,0,392,-392,6.8,2
2002,0.8,-0.4,-0.3,-1,1,0,0,405,0,526,-526,37.5,2
2000,0.2,-0.8,-0.5,-1,1,0,0,169,0,503,-503,9.2,2
2004,0.8,-0.4,-0.3,1,-1,1,0,306,5099,0,5099,33.5,2
2002,0.2,-0.8,-0.5,-1,1,0,0,132,0,1729,-1729,6.4,2
2000,0.8,-0.6,-0.1,1,-1,1,0,156,4726,0,4726,7.9,2
2001,0.2,-0.8,-0.5,-1,1,0,0,176,0,2597,-2597,12.4,2
2001,0.8,-0.6,-0.1,-1,1,0,0,118,0,450,-450,6.1,2
2004,0.2,-0.8,-0.5,1,-1,1,0,185,3315,0,3315,15.1,2
2003,0.2,-0.8,-0.5,1,-1,1,0,237,2395,0,2395,19.4,2
2004,0.8,-0.6,-0.1,-1,1,0,0,119,0,626,-626,7.3,2
2002,0.8,-0.6,-0.1,-1,1,0,0,148,0,546,-546,11.1,2
2000,0.6,-0.6,-0.9,-1,1,0,0,177,0,496,-496,9.1,2
2001,0.6,-0.6,-0.9,-1,1,0,0,112,0,806,-806,7.9,2
2003,0.8,-0.6,-0.1,-1,1,0,0,242,0,628,-628,19.2,2
2003,0.6,-0.6,-0.9,1,-1,1,0,187,2966,0,2966,12.3,2
2000,0.8,-0.6,-0.7,-1,1,0,0,189,0,2535,-2535,12.3,2
2002,0.6,-0.6,-0.9,-1,1,0,0,239,0,2071,-2071,22.5,2
2001,0.8,-0.6,-0.7,-1,1,0,0,197,0,1425,-1425,12.4,2
2000,0.4,-0.2,-0.5,-1,1,0,0,153,0,534,-534,10.8,2
2004,0.6,-0.6,-0.9,-1,1,0,0,226,0,3401,-3401,27.6,2
2002,0.8,-0.6,-0.7,-1,1,0,0,199,0,533,-533,20.4,2
2003,0.8,-0.6,-0.7,1,-1,1,0,259,5369,0,5369,17.5,2
2004,0.8,-0.6,-0.7,1,-1,1,0,193,3002,0,3002,15.6,2
2001,0.4,-0.2,-0.5,1,-1,1,0,144,3510,0,3510,7.4,2
2002,0.4,-0.2,-0.5,1,-1,1,0,153,2742,0,2742,10.7,2
2004,0.4,-0.2,-0.5,-1,1,0,0,148,0,443,-443,8.8,2
2003,0.4,-0.2,-0.5,-1,1,0,0,140,0,2693,-2693,12.1,2
2001,0.8,-0.2,-0.5,1,-1,1,0,179,4116,0,4116,8.1,2
2000,0.8,-0.2,-0.5,1,-1,1,0,198,6261,0,6261,15.3,2
2003,0.8,-0.2,-0.5,1,-1,1,0,142,4342,0,4342,9.0,2
2004,0.8,-0.2,-0.5,-1,1,0,0,124,0,4780,-4780,9.8,2
2002,0.8,-0.2,-0.5,1,-1,1,0,184,2897,0,2897,12.3,2
2000,0.6,-0.2,-0.3,1,-1,1,0,196,2356,0,2356,10.2,2
2001,0.6,-0.2,-0.3,-1,1,0,0,143,0,910,-910,13.3,2
2004,0.6,-0.2,-0.3,1,-1,1,0,155,4635,0,4635,13.1,2
2002,0.6,-0.2,-0.3,-1,1,0,0,152,0,619,-619,18.9,2
2003,0.6,-0.2,-0.3,-1,1,0,0,175,0,1450,-1450,17.6,2
3002,0.8,-0.2,-0.5,-1,1,0,0,168,0,1511,-1511,10.9,3
3001,0.8,-0.2,-0.5,1,-1,1,0,160,3698,0,3698,15.2,3
3000,0.8,-0.2,-0.5,1,-1,1,0,204,2704,0,2704,15.9,3
3003,0.8,-0.2,-0.5,1,-1,1,0,208,3918,0,3918,22.7,3
3004,0.8,-0.2,-0.5,1,-1,1,0,257,5352,0,5352,27.6,3
3007,0.8,-0.2,-0.5,1,-1,1,0,223,5217,0,5217,19.8,3
3005,0.8,-0.2,-0.5,1,-1,1,0,283,3805,0,3805,29.0,3
3002,0.4,-0.8,-0.9,1,-1,1,0,140,3525,0,3525,10.5,3
3001,0.4,-0.8,-0.9,-1,1,0,0,172,0,2821,-2821,18.4,3
3006,0.8,-0.2,-0.5,-1,1,0,0,273,0,2404,-2404,31.8,3
3000,0.4,-0.8,-0.9,1,-1,1,0,244,11036,0,11036,30.7,3
3005,0.4,-0.8,-0.9,1,-1,1,0,151,2706,0,2706,10.2,3
3006,0.4,-0.8,-0.9,-1,1,0,0,134,0,976,-976,14.7,3
3004,0.4,-0.8,-0.9,1,-1,1,0,212,6361,0,6361,23.6,3
3003,0.4,-0.8,-0.9,1,-1,1,0,229,6290,0,6290,28.5,3
3000,0.8,-0.4,-0.3,-1,1,0,0,190,0,2047,-2047,17.4,3
3002,0.8,-0.4,-0.3,1,-1,1,0,132,3674,0,3674,8.0,3
3007,0.4,-0.8,-0.9,1,-1,1,0,210,4517,0,4517,25.6,3
3001,0.8,-0.4,-0.3,-1,1,0,0,294,0,516,-516,18.8,3
3005,0.8,-0.4,-0.3,-1,1,0,0,187,0,1875,-1875,11.8,3
3006,0.8,-0.4,-0.3,1,-1,1,0,150,4465,0,4465,10.0,3
3007,0.8,-0.4,-0.3,1,-1,1,0,207,2575,0,2575,15.5,3
3004,0.8,-0.4,-0.3,-1,1,0,0,178,0,1532,-1532,23.3,3
3001,0.6,-0.2,-0.7,-1,1,0,0,167,0,1163,-1163,7.6,3
3000,0.6,-0.2,-0.7,1,-1,1,0,133,4437,0,4437,9.8,3
3003,0.6,-0.2,-0.7,1,-1,1,0,184,2741,0,2741,10.7,3
3002,0.6,-0.2,-0.7,1,-1,1,0,182,2717,0,2717,18.1,3
3006,0.6,-0.2,-0.7,1,-1,1,0,122,2807,0,2807,8.0,3
3003,0.8,-0.4,-0.3,1,-1,1,0,340,4080,0,4080,46.0,3
3007,0.6,-0.2,-0.7,-1,1,0,0,163,0,535,-535,8.9,3
3005,0.6,-0.2,-0.7,1,-1,1,0,231,5211,0,5211,24.3,3
3004,0.6,-0.2,-0.7,-1,1,0,0,214,0,2213,-2213,26.1,3
3001,1.0,-0.8,-0.1,1,-1,1,0,154,4375,0,4375,9.9,3
3000,1.0,-0.8,-0.1,1,-1,1,0,178,3829,0,3829,19.0,3
3003,1.0,-0.8,-0.1,1,-1,1,0,183,3627,0,3627,13.6,3
3004,1.0,-0.8,-0.1,1,-1,1,0,227,6792,0,6792,19.4,3
3007,1.0,-0.8,-0.1,1,-1,1,0,120,2170,0,2170,6.8,3
3006,1.0,-0.8,-0.1,1,-1,1,0,150,2462,0,2462,9.9,3
3005,1.0,-0.8,-0.1,1,-1,1,0,251,2791,0,2791,17.4,3
3002,1.0,-0.8,-0.1,-1,1,0,0,169,0,3080,-3080,23.4,3
3002,0.2,-0.2,-0.3,-1,1,0,0,139,0,671,-671,8.6,3
3001,0.2,-0.2,-0.3,-1,1,0,0,180,0,956,-956,13.5,3
3000,0.2,-0.2,-0.3,1,-1,1,0,200,3051,0,3051,16.0,3
3003,0.2,-0.2,-0.3,-1,1,0,0,151,0,760,-760,13.8,3
3004,0.2,-0.2,-0.3,1,-1,1,0,159,2656,0,2656,13.4,3
3005,0.2,-0.2,-0.3,1,-1,1,0,135,2321,0,2321,8.1,3
3007,0.2,-0.2,-0.3,1,-1,1,0,126,2892,0,2892,8.3,3
3006,0.2,-0.2,-0.3,1,-1,1,0,208,3194,0,3194,16.1,3
3003,1.0,-0.6,-0.1,-1,1,0,0,141,0,1986,-1986,8.4,3
3000,1.0,-0.6,-0.1,1,-1,1,0,153,4274,0,4274,20.0,3
3004,1.0,-0.6,-0.1,1,-1,1,0,160,1927,0,1927,9.1,3
3002,1.0,-0.6,-0.1,1,-1,1,0,255,4874,0,4874,27.5,3
3005,1.0,-0.6,-0.1,-1,1,0,0,138,0,672,-672,13.3,3
3001,1.0,-0.6,-0.1,1,-1,1,0,248,6050,0,6050,36.9,3
3007,1.0,-0.6,-0.1,-1,1,0,0,146,0,678,-678,14.7,3
3000,0.8,-0.8,-0.7,1,-1,1,0,158,5811,0,5811,14.2,3
3003,0.8,-0.8,-0.7,-1,1,0,0,177,0,1948,-1948,8.0,3
3006,1.0,-0.6,-0.1,1,-1,1,0,245,3154,0,3154,27.6,3
3002,0.8,-0.8,-0.7,-1,1,0,0,153,0,462,-462,11.0,3
3001,0.8,-0.8,-0.7,1,-1,1,0,187,6181,0,6181,23.4,3
3004,0.8,-0.8,-0.7,-1,1,0,0,162,0,1485,-1485,10.5,3
3006,0.8,-0.8,-0.7,-1,1,0,0,139,0,2148,-2148,8.1,3
3007,0.8,-0.8,-0.7,1,-1,1,0,155,4641,0,4641,9.4,3
3005,0.8,-0.8,-0.7,1,-1,1,0,173,4292,0,4292,13.7,3
3001,0.6,-0.6,-0.3,-1,1,0,0,127,0,434,-434,9.5,3
3002,0.6,-0.6,-0.3,1,-1,1,0,147,2504,0,2504,13.1,3
3000,0.6,-0.6,-0.3,-1,1,0,0,143,0,1047,-1047,17.1,3
3004,0.6,-0.6,-0.3,-1,1,0,0,137,0,3728,-3728,14.2,3
3003,0.6,-0.6,-0.3,-1,1,0,0,278,0,732,-732,18.7,3
3005,0.6,-0.6,-0.3,-1,1,0,0,143,0,1312,-1312,14.1,3
3007,0.6,-0.6,-0.3,1,-1,1,0,155,4222,0,4222,8.4,3
3000,0.8,-0.4,-0.5,1,-1,1,0,133,4177,0,4177,10.6,3
3003,0.8,-0.4,-0.5,1,-1,1,0,122,2708,0,2708,6.4,3
3001,0.8,-0.4,-0.5,-1,1,0,0,169,0,1971,-1971,11.6,3
3006,0.6,-0.6,-0.3,1,-1,1,0,219,2940,0,2940,22.8,3
3005,0.8,-0.4,-0.5,1,-1,1,0,152,3781,0,3781,8.8,3
3004,0.8,-0.4,-0.5,1,-1,1,0,139,4720,0,4720,10.3,3
3002,0.8,-0.4,-0.5,1,-1,1,0,183,4849,0,4849,19.6,3
3006,0.8,-0.4,-0.5,-1,1,0,0,166,0,787,-787,14.9,3
3000,0.4,-0.4,-0.5,1,-1,1,0,180,2455,0,2455,10.1,3
3007,0.8,-0.4,-0.5,-1,1,0,0,144,0,2176,-2176,13.9,3
3002,0.4,-0.4,-0.5,1,-1,1,0,174,2236,0,2236,12.5,3
3001,0.4,-0.4,-0.5,1,-1,1,0,302,2006,0,2006,17.6,3
3005,0.4,-0.4,-0.5,-1,1,0,0,133,0,1411,-1411,8.0,3
3007,0.4,-0.4,-0.5,-1,1,0,0,131,0,500,-500,6.7,3
3003,0.4,-0.4,-0.5,-1,1,0,0,187,0,1783,-1783,20.1,3
3004,0.4,-0.4,-0.5,1,-1,1,0,201,3722,0,3722,19.7,3
3000,0.6,-0.2,-0.3,-1,1,0,0,186,0,3104,-3104,11.3,3
3006,0.4,-0.4,-0.5,1,-1,1,0,173,2957,0,2957,14.9,3
3003,0.6,-0.2,-0.3,-1,1,0,0,116,0,878,-878,5.1,3
3005,0.6,-0.2,-0.3,-1,1,0,0,154,0,301,-301,7.5,3
3001,0.6,-0.2,-0.3,-1,1,0,0,147,0,996,-996,13.8,3
3004,0.6,-0.2,-0.3,-1,1,0,0,155,0,1161,-1161,11.0,3
3002,0.6,-0.2,-0.3,-1,1,0,0,166,0,952,-952,13.6,3
3001,0.8,-0.6,-0.7,1,-1,1,0,158,1601,0,1601,7.7,3
3007,0.6,-0.2,-0.3,1,-1,1,0,159,3872,0,3872,17.7,3
3006,0.6,-0.2,-0.3,1,-1,1,0,193,3818,0,3818,21.3,3
3002,0.8,-0.6,-0.7,1,-1,1,0,217,4927,0,4927,14.7,3
3000,0.8,-0.6,-0.7,1,-1,1,0,294,3559,0,3559,22.4,3
3004,0.8,-0.6,-0.7,1,-1,1,0,147,2007,0,2007,5.9,3
3003,0.8,-0.6,-0.7,-1,1,0,0,156,0,3772,-3772,17.6,3
3006,0.8,-0.6,-0.7,1,-1,1,0,253,3465,0,3465,14.6,3
3007,0.8,-0.6,-0.7,-1,1,0,0,168,0,815,-815,13.9,3
3005,0.8,-0.6,-0.7,1,-1,1,0,251,3851,0,3851,22.4,3
4004,0.4,-0.8,-0.9,-1,1,0,0,129,0,1598,-1598,10.1,4
4000,0.4,-0.8,-0.9,-1,1,0,0,117,0,644,-644,7.9,4
4006,0.4,-0.8,-0.9,-1,1,0,0,122,0,615,-615,6.3,4
4003,0.4,-0.8,-0.9,1,-1,1,0,212,6135,0,6135,20.9,4
4002,0.4,-0.8,-0.9,-1,1,0,0,192,0,1040,-1040,10.7,4
4001,0.4,-0.8,-0.9,1,-1,1,0,169,3410,0,3410,15.7,4
4007,0.4,-0.8,-0.9,-1,1,0,0,168,0,2168,-2168,10.7,4
4008,0.4,-0.8,-0.9,-1,1,0,0,135,0,642,-642,11.1,4
4009,0.4,-0.8,-0.9,-1,1,0,0,209,0,1479,-1479,18.1,4
4011,0.4,-0.8,-0.9,-1,1,0,0,139,0,339,-339,15.3,4
4005,0.4,-0.8,-0.9,-1,1,0,0,227,0,3268,-3268,32.7,4
4010,0.4,-0.8,-0.9,-1,1,0,0,192,0,1392,-1392,21.6,4
4012,0.4,-0.8,-0.9,1,-1,1,0,266,2072,0,2072,16.3,4
4016,0.4,-0.8,-0.9,-1,1,0,0,109,0,470,-470,5.6,4
4014,0.4,-0.8,-0.9,1,-1,1,0,190,2973,0,2973,8.2,4
4013,0.4,-0.8,-0.9,1,-1,1,0,209,3538,0,3538,12.8,4
4019,0.4,-0.8,-0.9,-1,1,0,0,139,0,638,-638,11.7,4
4017,0.4,-0.8,-0.9,1,-1,1,0,163,3486,0,3486,17.6,4
4020,0.4,-0.8,-0.9,1,-1,1,0,205,2355,0,2355,11.1,4
4023,0.4,-0.8,-0.9,1,-1,1,0,131,3948,0,3948,3.7,4
4018,0.4,-0.8,-0.9,1,-1,1,0,210,2936,0,2936,18.9,4
4022,0.4,-0.8,-0.9,-1,1,0,0,128,0,2980,-2980,11.0,4
4021,0.4,-0.8,-0.9,-1,1,0,0,212,0,2642,-2642,13.6,4
4026,0.4,-0.8,-0.9,1,-1,1,0,123,1482,0,1482,4.4,4
4025,0.4,-0.8,-0.9,1,-1,1,0,131,2400,0,2400,9.4,4
4015,0.4,-0.8,-0.9,1,-1,1,0,254,4857,0,4857,36.1,4
4024,0.4,-0.8,-0.9,-1,1,0,0,129,0,2904,-2904,14.8,4
4027,0.4,-0.8,-0.9,1,-1,1,0,146,4893,0,4893,7.8,4
4028,0.4,-0.8,-0.9,1,-1,1,0,173,2390,0,2390,11.8,4
4002,1.0,-0.8,-0.1,-1,1,0,0,141,0,939,-939,10.5,4
4029,0.4,-0.8,-0.9,1,-1,1,0,215,3599,0,3599,19.1,4
4001,1.0,-0.8,-0.1,-1,1,0,0,120,0,990,-990,16.3,4
4005,1.0,-0.8,-0.1,1,-1,1,0,138,4270,0,4270,10.6,4
4003,1.0,-0.8,-0.1,1,-1,1,0,137,5345,0,5345,18.6,4
4006,1.0,-0.8,-0.1,-1,1,0,0,186,0,723,-723,14.2,4
4000,1.0,-0.8,-0.1,1,-1,1,0,500,38634,7411,31223,42.0,4
4009,1.0,-0.8,-0.1,-1,1,0,0,154,0,799,-799,10.9,4
4007,1.0,-0.8,-0.1,-1,1,0,0,205,0,2441,-2441,17.3,4
4004,1.0,-0.8,-0.1,1,-1,1,0,255,5458,0,5458,36.6,4
4013,1.0,-0.8,-0.1,1,-1,1,0,125,2887,0,2887,5.9,4
4010,1.0,-0.8,-0.1,1,-1,1,0,203,2502,0,2502,16.3,4
4008,1.0,-0.8,-0.1,1,-1,1,0,220,8098,0,8098,28.6,4
4014,1.0,-0.8,-0.1,1,-1,1,0,135,3665,0,3665,5.0,4
4011,1.0,-0.8,-0.1,1,-1,1,0,253,5821,0,5821,27.3,4
4015,1.0,-0.8,-0.1,1,-1,1,0,224,3987,0,3987,14.5,4
4017,1.0,-0.8,-0.1,-1,1,0,0,198,0,552,-552,13.1,4
4016,1.0,-0.8,-0.1,1,-1,1,0,209,4309,0,4309,25.1,4
4012,1.0,-0.8,-0.1,1,-1,1,0,285,4886,0,4886,37.2,4
4020,1.0,-0.8,-0.1,-1,1,0,0,155,0,785,-785,14.1,4
4019,1.0,-0.8,-0.1,-1,1,0,0,177,0,972,-972,17.9,4
4018,1.0,-0.8,-0.1,1,-1,1,0,198,4422,0,4422,21.3,4
4021,1.0,-0.8,-0.1,1,-1,1,0,158,3610,0,3610,12.2,4
4022,1.0,-0.8,-0.1,-1,1,0,0,153,0,834,-834,15.9,4
4023,1.0,-0.8,-0.1,-1,1,0,0,150,0,1011,-1011,15.3,4
4024,1.0,-0.8,-0.1,-1,1,0,0,137,0,853,-853,15.2,4
4025,1.0,-0.8,-0.1,-1,1,0,0,156,0,597,-597,15.2,4
4026,1.0,-0.8,-0.1,-1,1,0,0,212,0,500,-500,18.0,4
4029,1.0,-0.8,-0.1,1,-1,1,0,181,4371,0,4371,10.7,4
4028,1.0,-0.8,-0.1,1,-1,1,0,174,3807,0,3807,15.7,4
4000,0.8,-0.2,-0.5,1,-1,1,0,211,3416,0,3416,16.7,4
4027,1.0,-0.8,-0.1,-1,1,0,0,295,0,479,-479,27.5,4
4002,0.8,-0.2,-0.5,-1,1,0,0,181,0,540,-540,11.8,4
4001,0.8,-0.2,-0.5,1,-1,1,0,188,3131,0,3131,16.1,4
4004,0.8,-0.2,-0.5,1,-1,1,0,110,289,0,289,5.6,4
4003,0.8,-0.2,-0.5,-1,1,0,0,181,0,670,-670,10.2,4
4005,0.8,-0.2,-0.5,1,-1,1,0,132,2648,0,2648,10.5,4
4009,0.8,-0.2,-0.5,1,-1,1,0,196,4222,0,4222,10.0,4
4007,0.8,-0.2,-0.5,1,-1,1,0,144,4737,0,4737,12.3,4
4006,0.8,-0.2,-0.5,1,-1,1,0,208,4707,0,4707,18.2,4
4008,0.8,-0.2,-0.5,1,-1,1,0,179,4299,0,4299,19.1,4
4010,0.8,-0.2,-0.5,-1,1,0,0,156,0,466,-466,13.5,4
4011,0.8,-0.2,-0.5,-1,1,0,0,160,0,915,-915,10.9,4
4013,0.8,-0.2,-0.5,-1,1,0,0,195,0,1736,-1736,12.6,4
4015,0.8,-0.2,-0.5,1,-1,1,0,137,3556,0,3556,8.3,4
4017,0.8,-0.2,-0.5,1,-1,1,0,132,3625,0,3625,11.0,4
4012,0.8,-0.2,-0.5,-1,1,0,0,251,0,562,-562,30.9,4
4016,0.8,-0.2,-0.5,1,-1,1,0,173,4331,0,4331,20.6,4
4018,0.8,-0.2,-0.5,-1,1,0,0,160,0,619,-619,15.7,4
4014,0.8,-0.2,-0.5,-1,1,0,0,238,0,1235,-1235,26.6,4
4023,0.8,-0.2,-0.5,-1,1,0,0,145,0,538,-538,6.6,4
4019,0.8,-0.2,-0.5,1,-1,1,0,172,3054,0,3054,18.1,4
4022,0.8,-0.2,-0.5,-1,1,0,0,157,0,1072,-1072,19.5,4
4021,0.8,-0.2,-0.5,-1,1,0,0,194,0,2020,-2020,26.6,4
4025,0.8,-0.2,-0.5,1,-1,1,0,177,4773,0,4773,13.0,4
4024,0.8,-0.2,-0.5,-1,1,0,0,191,0,1336,-1336,27.0,4
4028,0.8,-0.2,-0.5,1,-1,1,0,167,3438,0,3438,11.2,4
4020,0.8,-0.2,-0.5,1,-1,1,0,319,6188,0,6188,40.5,4
4029,0.8,-0.2,-0.5,1,-1,1,0,133,3561,0,3561,8.9,4
4026,0.8,-0.2,-0.5,1,-1,1,0,243,6419,0,6419,26.6,4
4001,1.0,-0.6,-0.1,1,-1,1,0,147,4211,0,4211,13.3,4
4002,1.0,-0.6,-0.1,-1,1,0,0,113,0,395,-395,8.2,4
4027,0.8,-0.2,-0.5,1,-1,1,0,232,2932,0,2932,29.1,4
4000,1.0,-0.6,-0.1,-1,1,0,0,160,0,528,-528,17.9,4
4005,1.0,-0.6,-0.1,-1,1,0,0,112,0,571,-571,6.2,4
4007,1.0,-0.6,-0.1,-1,1,0,0,124,0,592,-592,10.0,4
4008,1.0,-0.6,-0.1,-1,1,0,0,124,0,623,-623,9.8,4
4004,1.0,-0.6,-0.1,-1,1,0,0,175,0,1892,-1892,18.4,4
4003,1.0,-0.6,-0.1,-1,1,0,0,194,0,949,-949,24.9,4
4006,1.0,-0.6,-0.1,-1,1,0,0,188,0,608,-608,19.2,4
4009,1.0,-0.6,-0.1,-1,1,0,0,141,0,584,-584,10.6,4
4013,1.0,-0.6,-0.1,1,-1,1,0,145,1135,0,1135,5.5,4
4011,1.0,-0.6,-0.1,1,-1,1,0,175,2563,0,2563,11.5,4
4012,1.0,-0.6,-0.1,1,-1,1,0,176,3300,0,3300,10.3,4
4016,1.0,-0.6,-0.1,1,-1,1,0,143,2786,0,2786,3.6,4
4014,1.0,-0.6,-0.1,-1,1,0,0,146,0,1879,-1879,9.6,4
4017,1.0,-0.6,-0.1,-1,1,0,0,131,0,882,-882,6.8,4
4015,1.0,-0.6,-0.1,1,-1,1,0,147,2259,0,2259,12.9,4
4019,1.0,-0.6,-0.1,1,-1,1,0,175,2154,0,2154,9.0,4
4010,1.0,-0.6,-0.1,1,-1,1,0,296,2272,0,2272,28.7,4
4021,1.0,-0.6,-0.1,1,-1,1,0,127,2443,0,2443,8.6,4
4018,1.0,-0.6,-0.1,1,-1,1,0,192,4764,0,4764,16.4,4
4022,1.0,-0.6,-0.1,1,-1,1,0,122,4024,0,4024,7.0,4
4020,1.0,-0.6,-0.1,-1,1,0,0,131,0,648,-648,14.7,4
4026,1.0,-0.6,-0.1,-1,1,0,0,179,0,660,-660,10.1,4
4025,1.0,-0.6,-0.1,-1,1,0,0,175,0,780,-780,15.1,4
4023,1.0,-0.6,-0.1,-1,1,0,0,267,0,1243,-1243,25.9,4
4028,1.0,-0.6,-0.1,1,-1,1,0,179,2283,0,2283,10.7,4
4027,1.0,-0.6,-0.1,-1,1,0,0,158,0,4191,-4191,19.7,4
4024,1.0,-0.6,-0.1,-1,1,0,0,198,0,1196,-1196,24.4,4
4029,1.0,-0.6,-0.1,-1,1,0,0,161,0,457,-457,13.1,4
4002,0.8,-0.4,-0.5,-1,1,0,0,126,0,604,-604,14.2,4
4000,0.8,-0.4,-0.5,-1,1,0,0,187,0,792,-792,16.2,4
4003,0.8,-0.4,-0.5,1,-1,1,0,204,1945,0,1945,14.6,4
4001,0.8,-0.4,-0.5,1,-1,1,0,190,4607,0,4607,17.6,4
4007,0.8,-0.4,-0.5,1,-1,1,0,99,2917,0,2917,5.2,4
4005,0.8,-0.4,-0.5,1,-1,1,0,153,2278,0,2278,7.9,4
4006,0.8,-0.4,-0.5,-1,1,0,0,146,0,581,-581,11.8,4
4010,0.8,-0.4,-0.5,-1,1,0,0,111,0,1013,-1013,7.8,4
4004,0.8,-0.4,-0.5,-1,1,0,0,206,0,1382,-1382,23.8,4
4008,0.8,-0.4,-0.5,-1,1,0,0,127,0,3090,-3090,14.5,4
4009,0.8,-0.4,-0.5,1,-1,1,0,187,4202,0,4202,13.0,4
4012,0.8,-0.4,-0.5,1,-1,1,0,121,5175,0,5175,12.4,4
4011,0.8,-0.4,-0.5,1,-1,1,0,157,4219,0,4219,15.0,4
4013,0.8,-0.4,-0.5,-1,1,0,0,183,0,825,-825,18.0,4
4015,0.8,-0.4,-0.5,-1,1,0,0,143,0,736,-736,15.0,4
4014,0.8,-0.4,-0.5,1,-1,1,0,215,4124,0,4124,19.2,4
4016,0.8,-0.4,-0.5,1,-1,1,0,177,5004,0,5004,12.4,4
4017,0.8,-0.4,-0.5,1,-1,1,0,248,3636,0,3636,16.9,4
4020,0.8,-0.4,-0.5,1,-1,1,0,150,4423,0,4423,11.6,4
4018,0.8,-0.4,-0.5,1,-1,1,0,169,4375,0,4375,15.6,4
4021,0.8,-0.4,-0.5,1,-1,1,0,175,3441,0,3441,10.9,4
4024,0.8,-0.4,-0.5,1,-1,1,0,98,1664,0,1664,5.0,4
4022,0.8,-0.4,-0.5,-1,1,0,0,180,0,615,-615,12.5,4
4026,0.8,-0.4,-0.5,1,-1,1,0,106,2516,0,2516,5.1,4
4023,0.8,-0.4,-0.5,1,-1,1,0,186,6763,0,6763,16.2,4
4019,0.8,-0.4,-0.5,-1,1,0,0,226,0,1327,-1327,30.3,4
4027,0.8,-0.4,-0.5,-1,1,0,0,121,0,2326,-2326,10.7,4
4028,0.8,-0.4,-0.5,-1,1,0,0,156,0,515,-515,9.9,4
4029,0.8,-0.4,-0.5,-1,1,0,0,123,0,581,-581,10.3,4
4000,0.8,-0.8,-0.7,-1,1,0,0,215,0,524,-524,14.6,4
4025,0.8,-0.4,-0.5,-1,1,0,0,199,0,549,-549,29.2,4
4001,0.8,-0.8,-0.7,1,-1,1,0,151,2458,0,2458,15.8,4
4003,0.8,-0.8,-0.7,-1,1,0,0,168,0,2220,-2220,11.6,4
4002,0.8,-0.8,-0.7,-1,1,0,0,178,0,1337,-1337,17.5,4
4005,0.8,-0.8,-0.7,-1,1,0,0,134,0,529,-529,11.2,4
4006,0.8,-0.8,-0.7,-1,1,0,0,180,0,490,-490,11.1,4
4010,0.8,-0.8,-0.7,1,-1,1,0,151,4396,0,4396,11.1,4
4008,0.8,-0.8,-0.7,-1,1,0,0,169,0,3212,-3212,18.6,4
4007,0.8,-0.8,-0.7,-1,1,0,0,175,0,920,-920,21.2,4
4004,0.8,-0.8,-0.7,1,-1,1,0,244,7522,0,7522,29.6,4
4009,0.8,-0.8,-0.7,1,-1,1,0,161,3574,0,3574,19.9,4
4012,0.8,-0.8,-0.7,-1,1,0,0,164,0,654,-654,11.1,4
4014,0.8,-0.8,-0.7,-1,1,0,0,124,0,652,-652,10.8,4
4015,0.8,-0.8,-0.7,-1,1,0,0,176,0,878,-878,11.0,4
4013,0.8,-0.8,-0.7,-1,1,0,0,167,0,1926,-1926,16.5,4
4017,0.8,-0.8,-0.7,1,-1,1,0,141,3050,0,3050,7.3,4
4011,0.8,-0.8,-0.7,-1,1,0,0,162,0,1244,-1244,21.9,4
4019,0.8,-0.8,-0.7,1,-1,1,0,145,2692,0,2692,6.2,4
4018,0.8,-0.8,-0.7,1,-1,1,0,180,4608,0,4608,15.6,4
4020,0.8,-0.8,-0.7,1,-1,1,0,145,4418,0,4418,10.6,4
4022,0.8,-0.8,-0.7,-1,1,0,0,141,0,983,-983,11.6,4
4016,0.8,-0.8,-0.7,-1,1,0,0,221,0,6152,-6152,29.1,4
4023,0.8,-0.8,-0.7,-1,1,0,0,181,0,544,-544,15.9,4
4026,0.8,-0.8,-0.7,1,-1,1,0,147,2445,0,2445,7.9,4
4024,0.8,-0.8,-0.7,1,-1,1,0,219,2773,0,2773,19.9,4
4028,0.8,-0.8,-0.7,1,-1,1,0,127,3286,0,3286,8.5,4
4025,0.8,-0.8,-0.7,1,-1,1,0,255,6296,0,6296,21.4,4
4021,0.8,-0.8,-0.7,-1,1,0,0,262,0,2867,-2867,35.8,4
4029,0.8,-0.8,-0.7,-1,1,0,0,112,0,1870,-1870,6.4,4
4001,0.8,-0.6,-0.7,-1,1,0,0,101,0,627,-627,6.1,4
4000,0.8,-0.6,-0.7,-1,1,0,0,136,0,1405,-1405,6.8,4
4003,0.8,-0.6,-0.7,1,-1,1,0,172,3863,0,3863,7.5,4
4027,0.8,-0.8,-0.7,1,-1,1,0,207,4411,0,4411,22.2,4
4002,0.8,-0.6,-0.7,1,-1,1,0,225,3062,0,3062,16.9,4
4006,0.8,-0.6,-0.7,1,-1,1,0,217,6253,0,6253,11.0,4
4007,0.8,-0.6,-0.7,-1,1,0,0,140,0,1559,-1559,8.9,4
4005,0.8,-0.6,-0.7,-1,1,0,0,178,0,3272,-3272,18.0,4
4009,0.8,-0.6,-0.7,-1,1,0,0,99,0,558,-558,6.0,4
4011,0.8,-0.6,-0.7,1,-1,1,0,99,3379,0,3379,6.7,4
4004,0.8,-0.6,-0.7,1,-1,1,0,259,4405,0,4405,28.7,4
4008,0.8,-0.6,-0.7,1,-1,1,0,292,1694,0,1694,18.4,4
4012,0.8,-0.6,-0.7,-1,1,0,0,149,0,2687,-2687,16.2,4
4013,0.8,-0.6,-0.7,-1,1,0,0,142,0,819,-819,13.6,4
4014,0.8,-0.6,-0.7,-1,1,0,0,148,0,619,-619,11.9,4
4010,0.8,-0.6,-0.7,1,-1,1,0,228,2909,0,2909,25.5,4
4016,0.8,-0.6,-0.7,1,-1,1,0,153,3685,0,3685,11.6,4
4018,0.8,-0.6,-0.7,-1,1,0,0,131,0,457,-457,7.5,4
4019,0.8,-0.6,-0.7,1,-1,1,0,147,5335,0,5335,7.5,4
4021,0.8,-0.6,-0.7,-1,1,0,0,162,0,3673,-3673,9.7,4
4020,0.8,-0.6,-0.7,1,-1,1,0,228,4208,0,4208,12.5,4
4017,0.8,-0.6,-0.7,-1,1,0,0,185,0,1741,-1741,24.0,4
4015,0.8,-0.6,-0.7,-1,1,0,0,234,0,1370,-1370,34.4,4
4025,0.8,-0.6,-0.7,-1,1,0,0,111,0,318,-318,4.4,4
4024,0.8,-0.6,-0.7,-1,1,0,0,130,0,700,-700,8.6,4
4022,0.8,-0.6,-0.7,1,-1,1,0,229,2664,0,2664,22.6,4
4026,0.8,-0.6,-0.7,1,-1,1,0,157,3609,0,3609,13.3,4
4027,0.8,-0.6,-0.7,-1,1,0,0,131,0,689,-689,11.3,4
4023,0.8,-0.6,-0.7,-1,1,0,0,175,0,2713,-2713,25.8,4
4028,0.8,-0.6,-0.7,1,-1,1,0,158,3864,0,3864,15.7,4
4029,0.8,-0.6,-0.7,1,-1,1,0,216,4737,0,4737,23.3,4
