seed,w_wnn_close_res,w_mean_dist_all,w_ships,reward_our,reward_sub,win,draw,steps,ships_our_final,ships_sub_final,n_our_final,n_sub_final,match_time_sec
3,0.2,-0.8,-0.9,1,-1,1,0,121,2479,0,28,0,7.9
0,0.2,-0.8,-0.9,1,-1,1,0,172,7127,0,40,0,9.1
4,0.2,-0.8,-0.9,1,-1,1,0,162,5488,0,36,0,15.8
6,0.2,-0.8,-0.9,-1,1,0,0,226,0,2938,0,24,15.1
5,0.2,-0.8,-0.9,1,-1,1,0,218,3079,0,32,0,20.3
2,0.2,-0.8,-0.9,-1,1,0,0,227,0,5278,0,36,30.3
9,0.2,-0.8,-0.9,-1,1,0,0,147,0,991,0,24,6.4
7,0.2,-0.8,-0.9,-1,1,0,0,173,0,1435,0,36,19.3
1,0.2,-0.8,-0.9,1,-1,1,0,256,4851,0,32,0,36.1
8,0.2,-0.8,-0.9,-1,1,0,0,123,0,3204,0,36,13.4
0,0.2,-0.8,-0.7,1,-1,1,0,182,5095,0,24,0,7.5
1,0.2,-0.8,-0.7,-1,1,0,0,218,0,309,0,20,13.0
4,0.2,-0.8,-0.7,1,-1,1,0,163,3190,0,35,0,11.8
2,0.2,-0.8,-0.7,1,-1,1,0,181,3266,0,34,0,17.4
6,0.2,-0.8,-0.7,1,-1,1,0,155,3965,0,36,0,7.4
3,0.2,-0.8,-0.7,-1,1,0,0,149,0,687,0,32,20.0
7,0.2,-0.8,-0.7,1,-1,1,0,132,4518,0,28,0,7.5
8,0.2,-0.8,-0.7,1,-1,1,0,165,2023,0,31,0,5.6
9,0.2,-0.8,-0.7,1,-1,1,0,132,2438,0,20,0,4.5
1,0.2,-0.8,-0.5,-1,1,0,0,132,0,2690,0,32,13.1
3,0.2,-0.8,-0.5,1,-1,1,0,150,3680,0,32,0,10.8
5,0.2,-0.8,-0.7,-1,1,0,0,262,0,1519,0,40,37.3
2,0.2,-0.8,-0.5,1,-1,1,0,144,4437,0,36,0,18.7
4,0.2,-0.8,-0.5,1,-1,1,0,128,3750,0,28,0,7.6
0,0.2,-0.8,-0.5,1,-1,1,0,207,6474,0,36,0,21.8
5,0.2,-0.8,-0.5,-1,1,0,0,144,0,688,0,28,12.9
9,0.2,-0.8,-0.5,-1,1,0,0,112,0,399,0,21,5.5
1,0.2,-0.8,-0.3,-1,1,0,0,134,0,630,0,24,6.4
0,0.2,-0.8,-0.3,-1,1,0,0,141,0,3556,0,28,10.4
8,0.2,-0.8,-0.5,-1,1,0,0,185,0,1315,0,32,17.5
6,0.2,-0.8,-0.5,1,-1,1,0,211,4302,0,32,0,21.2
7,0.2,-0.8,-0.5,-1,1,0,0,196,0,1735,0,40,23.5
4,0.2,-0.8,-0.3,1,-1,1,0,136,1795,0,23,0,7.0
2,0.2,-0.8,-0.3,1,-1,1,0,209,5970,0,40,0,15.2
3,0.2,-0.8,-0.3,-1,1,0,0,132,0,635,0,34,12.6
6,0.2,-0.8,-0.3,-1,1,0,0,144,0,2912,0,28,9.9
5,0.2,-0.8,-0.3,-1,1,0,0,133,0,985,0,32,15.3
7,0.2,-0.8,-0.3,-1,1,0,0,135,0,967,0,32,11.6
8,0.2,-0.8,-0.3,-1,1,0,0,136,0,862,0,28,10.8
9,0.2,-0.8,-0.3,1,-1,1,0,182,4413,0,28,0,10.0
0,0.2,-0.8,0.0,1,-1,1,0,143,4235,0,24,0,6.5
2,0.2,-0.8,0.0,-1,1,0,0,122,0,985,0,24,9.9
1,0.2,-0.8,0.0,1,-1,1,0,166,2796,0,30,0,13.6
3,0.2,-0.8,0.0,1,-1,1,0,156,2867,0,20,0,9.7
7,0.2,-0.8,0.0,-1,1,0,0,106,0,340,0,24,4.6
6,0.2,-0.8,0.0,1,-1,1,0,126,2506,0,28,0,7.5
8,0.2,-0.8,0.0,1,-1,1,0,139,3056,0,32,0,13.6
0,0.2,-0.8,1.0,1,-1,1,0,155,4154,0,32,0,8.7
4,0.2,-0.8,0.0,-1,1,0,0,233,0,4419,0,32,29.7
1,0.2,-0.8,1.0,-1,1,0,0,113,0,584,0,29,8.6
5,0.2,-0.8,0.0,-1,1,0,0,221,0,2697,0,36,32.0
9,0.2,-0.8,0.0,1,-1,1,0,211,3488,0,36,0,21.9
5,0.2,-0.8,1.0,1,-1,1,0,143,3832,0,24,0,5.8
4,0.2,-0.8,1.0,1,-1,1,0,146,2181,0,33,0,8.6
6,0.2,-0.8,1.0,1,-1,1,0,129,2745,0,32,0,4.9
2,0.2,-0.8,1.0,1,-1,1,0,190,3015,0,32,0,18.5
3,0.2,-0.8,1.0,-1,1,0,0,156,0,1536,0,39,15.3
8,0.2,-0.8,1.0,-1,1,0,0,137,0,785,0,23,6.1
9,0.2,-0.8,1.0,-1,1,0,0,118,0,754,0,24,7.3
7,0.2,-0.8,1.0,1,-1,1,0,164,3723,0,32,0,17.2
1,0.2,-0.6,-0.9,-1,1,0,0,166,0,1466,0,28,11.2
0,0.2,-0.6,-0.9,1,-1,1,0,203,3687,0,32,0,18.9
3,0.2,-0.6,-0.9,-1,1,0,0,155,0,471,0,33,14.8
2,0.2,-0.6,-0.9,1,-1,1,0,172,5966,0,40,0,19.3
4,0.2,-0.6,-0.9,-1,1,0,0,169,0,4574,0,32,13.1
8,0.2,-0.6,-0.9,1,-1,1,0,178,3341,0,22,0,8.5
6,0.2,-0.6,-0.9,-1,1,0,0,164,0,1217,0,36,15.0
7,0.2,-0.6,-0.9,-1,1,0,0,167,0,720,0,37,17.2
9,0.2,-0.6,-0.9,1,-1,1,0,122,4030,0,36,0,12.1
0,0.2,-0.6,-0.7,-1,1,0,0,163,0,3038,0,24,9.2
5,0.2,-0.6,-0.9,1,-1,1,0,235,7345,0,36,0,28.3
4,0.2,-0.6,-0.7,1,-1,1,0,149,6764,0,32,0,8.8
1,0.2,-0.6,-0.7,-1,1,0,0,178,0,780,0,32,18.8
2,0.2,-0.6,-0.7,1,-1,1,0,165,4601,0,32,0,17.3
3,0.2,-0.6,-0.7,-1,1,0,0,179,0,1214,0,36,17.6
5,0.2,-0.6,-0.7,1,-1,1,0,160,4173,0,40,0,14.6
9,0.2,-0.6,-0.7,-1,1,0,0,126,0,591,0,24,9.3
0,0.2,-0.6,-0.5,1,-1,1,0,135,5669,0,36,0,12.0
7,0.2,-0.6,-0.7,1,-1,1,0,154,2939,0,40,0,18.9
8,0.2,-0.6,-0.7,-1,1,0,0,169,0,2260,0,36,18.0
3,0.2,-0.6,-0.5,1,-1,1,0,120,2677,0,24,0,4.8
6,0.2,-0.6,-0.7,1,-1,1,0,244,2292,0,32,0,29.6
5,0.2,-0.6,-0.5,-1,1,0,0,124,0,1334,0,24,7.4
2,0.2,-0.6,-0.5,-1,1,0,0,159,0,5001,0,36,18.4
4,0.2,-0.6,-0.5,1,-1,1,0,240,6084,0,28,0,21.9
1,0.2,-0.6,-0.5,1,-1,1,0,284,5848,0,28,0,29.7
7,0.2,-0.6,-0.5,1,-1,1,0,151,4476,0,36,0,13.2
6,0.2,-0.6,-0.5,1,-1,1,0,225,3649,0,28,0,19.3
2,0.2,-0.6,-0.3,-1,1,0,0,141,0,43,0,8,3.4
0,0.2,-0.6,-0.3,-1,1,0,0,116,0,694,0,24,7.2
8,0.2,-0.6,-0.5,-1,1,0,0,144,0,3191,0,40,16.2
1,0.2,-0.6,-0.3,-1,1,0,0,172,0,377,0,21,7.6
4,0.2,-0.6,-0.3,1,-1,1,0,115,2148,0,24,0,4.9
6,0.2,-0.6,-0.3,1,-1,1,0,114,2987,0,32,0,4.4
7,0.2,-0.6,-0.3,-1,1,0,0,131,0,771,0,24,9.5
3,0.2,-0.6,-0.3,1,-1,1,0,197,3260,0,36,0,16.3
9,0.2,-0.6,-0.5,-1,1,0,0,222,0,2525,0,28,24.2
5,0.2,-0.6,-0.3,-1,1,0,0,152,0,650,0,40,19.8
9,0.2,-0.6,-0.3,1,-1,1,0,162,3806,0,24,0,7.7
0,0.2,-0.6,0.0,-1,1,0,0,118,0,2849,0,24,6.4
8,0.2,-0.6,-0.3,1,-1,1,0,286,3076,0,20,0,16.1
1,0.2,-0.6,0.0,-1,1,0,0,145,0,1372,0,24,8.6
3,0.2,-0.6,0.0,-1,1,0,0,119,0,126,0,12,4.1
2,0.2,-0.6,0.0,1,-1,1,0,144,4649,0,32,0,10.3
6,0.2,-0.6,0.0,-1,1,0,0,123,0,2526,0,24,7.0
5,0.2,-0.6,0.0,-1,1,0,0,133,0,4096,0,32,12.0
7,0.2,-0.6,0.0,-1,1,0,0,141,0,623,0,28,10.9
9,0.2,-0.6,0.0,-1,1,0,0,109,0,492,0,27,5.4
4,0.2,-0.6,0.0,-1,1,0,0,159,0,936,0,31,17.3
8,0.2,-0.6,0.0,-1,1,0,0,166,0,1312,0,32,10.0
2,0.2,-0.6,1.0,-1,1,0,0,166,0,358,0,22,7.2
1,0.2,-0.6,1.0,-1,1,0,0,130,0,1094,0,32,8.3
0,0.2,-0.6,1.0,-1,1,0,0,137,0,4160,0,40,16.4
3,0.2,-0.6,1.0,1,-1,1,0,182,3426,0,29,0,13.3
6,0.2,-0.6,1.0,-1,1,0,0,155,0,336,0,20,8.0
4,0.2,-0.6,1.0,-1,1,0,0,183,0,968,0,32,16.2
7,0.2,-0.6,1.0,1,-1,1,0,171,1949,0,25,0,8.4
5,0.2,-0.6,1.0,-1,1,0,0,182,0,581,0,29,19.1
9,0.2,-0.6,1.0,-1,1,0,0,122,0,726,0,32,10.9
3,0.2,-0.4,-0.9,1,-1,1,0,110,4665,0,32,0,5.7
0,0.2,-0.4,-0.9,1,-1,1,0,163,4422,0,32,0,13.4
2,0.2,-0.4,-0.9,1,-1,1,0,154,3138,0,28,0,12.8
4,0.2,-0.4,-0.9,-1,1,0,0,155,0,425,0,25,10.3
8,0.2,-0.6,1.0,1,-1,1,0,213,7109,0,36,0,30.1
1,0.2,-0.4,-0.9,1,-1,1,0,213,5796,0,40,0,27.5
5,0.2,-0.4,-0.9,1,-1,1,0,150,2930,0,36,0,16.5
6,0.2,-0.4,-0.9,1,-1,1,0,150,4895,0,36,0,13.0
8,0.2,-0.4,-0.9,1,-1,1,0,154,3689,0,28,0,8.8
9,0.2,-0.4,-0.9,-1,1,0,0,143,0,859,0,24,8.0
0,0.2,-0.4,-0.7,-1,1,0,0,166,0,584,0,27,10.2
2,0.2,-0.4,-0.7,1,-1,1,0,150,4759,0,36,0,11.3
4,0.2,-0.4,-0.7,-1,1,0,0,111,0,2168,0,24,5.8
1,0.2,-0.4,-0.7,-1,1,0,0,176,0,2718,0,36,16.0
7,0.2,-0.4,-0.9,1,-1,1,0,212,3007,0,36,0,26.9
6,0.2,-0.4,-0.7,1,-1,1,0,148,3425,0,27,0,10.2
5,0.2,-0.4,-0.7,-1,1,0,0,139,0,705,0,25,11.2
3,0.2,-0.4,-0.7,-1,1,0,0,237,0,4260,0,32,26.9
9,0.2,-0.4,-0.7,1,-1,1,0,199,2714,0,24,0,10.3
0,0.2,-0.4,-0.5,-1,1,0,0,194,0,2380,0,20,10.0
8,0.2,-0.4,-0.7,-1,1,0,0,186,0,2200,0,32,18.9
7,0.2,-0.4,-0.7,-1,1,0,0,192,0,809,0,35,23.8
3,0.2,-0.4,-0.5,-1,1,0,0,130,0,542,0,34,15.3
4,0.2,-0.4,-0.5,1,-1,1,0,186,4295,0,32,0,15.5
1,0.2,-0.4,-0.5,1,-1,1,0,242,4693,0,28,0,25.5
5,0.2,-0.4,-0.5,1,-1,1,0,206,2843,0,28,0,19.4
2,0.2,-0.4,-0.5,-1,1,0,0,207,0,2441,0,36,29.2
7,0.2,-0.4,-0.5,1,-1,1,0,198,4739,0,24,0,13.9
9,0.2,-0.4,-0.5,-1,1,0,0,123,0,491,0,24,8.9
8,0.2,-0.4,-0.5,1,-1,1,0,143,3651,0,36,0,12.0
6,0.2,-0.4,-0.5,-1,1,0,0,199,0,878,0,32,21.4
1,0.2,-0.4,-0.3,-1,1,0,0,95,0,595,0,27,8.7
0,0.2,-0.4,-0.3,1,-1,1,0,164,4699,0,40,0,14.0
3,0.2,-0.4,-0.3,1,-1,1,0,202,4538,0,24,0,11.3
5,0.2,-0.4,-0.3,1,-1,1,0,125,3454,0,28,0,7.8
4,0.2,-0.4,-0.3,1,-1,1,0,131,2827,0,32,0,12.8
6,0.2,-0.4,-0.3,-1,1,0,0,117,0,2098,0,32,11.5
9,0.2,-0.4,-0.3,-1,1,0,0,154,0,520,0,24,7.4
8,0.2,-0.4,-0.3,-1,1,0,0,118,0,759,0,28,10.9
2,0.2,-0.4,-0.3,1,-1,1,0,189,5489,0,40,0,27.9
1,0.2,-0.4,0.0,-1,1,0,0,102,0,840,0,32,9.8
0,0.2,-0.4,0.0,-1,1,0,0,154,0,929,0,38,15.4
7,0.2,-0.4,-0.3,-1,1,0,0,187,0,1356,0,36,24.9
3,0.2,-0.4,0.0,-1,1,0,0,168,0,2169,0,32,14.7
2,0.2,-0.4,0.0,1,-1,1,0,193,3439,0,28,0,17.6
5,0.2,-0.4,0.0,1,-1,1,0,122,3763,0,28,0,8.8
4,0.2,-0.4,0.0,1,-1,1,0,172,8572,0,36,0,11.5
9,0.2,-0.4,0.0,-1,1,0,0,140,0,884,0,20,5.5
6,0.2,-0.4,0.0,-1,1,0,0,152,0,1437,0,36,14.5
8,0.2,-0.4,0.0,1,-1,1,0,154,3054,0,39,0,9.4
7,0.2,-0.4,0.0,-1,1,0,0,178,0,646,0,36,12.5
3,0.2,-0.4,1.0,-1,1,0,0,138,0,2075,0,20,7.9
1,0.2,-0.4,1.0,1,-1,1,0,152,5342,0,32,0,10.6
2,0.2,-0.4,1.0,-1,1,0,0,136,0,758,0,24,9.5
0,0.2,-0.4,1.0,-1,1,0,0,203,0,2288,0,28,19.9
4,0.2,-0.4,1.0,-1,1,0,0,163,0,1444,0,28,10.7
8,0.2,-0.4,1.0,1,-1,1,0,154,3962,0,28,0,5.3
6,0.2,-0.4,1.0,-1,1,0,0,163,0,1855,0,32,9.2
9,0.2,-0.4,1.0,-1,1,0,0,112,0,429,0,22,8.1
7,0.2,-0.4,1.0,-1,1,0,0,179,0,1441,0,32,15.9
5,0.2,-0.4,1.0,-1,1,0,0,185,0,1008,0,32,22.8
1,0.2,-0.2,-0.9,-1,1,0,0,175,0,3125,0,32,18.4
3,0.2,-0.2,-0.9,-1,1,0,0,266,0,2425,0,24,15.3
5,0.2,-0.2,-0.9,1,-1,1,0,133,3447,0,28,0,5.6
2,0.2,-0.2,-0.9,1,-1,1,0,188,3692,0,32,0,26.1
4,0.2,-0.2,-0.9,-1,1,0,0,188,0,678,0,36,20.6
0,0.2,-0.2,-0.9,-1,1,0,0,258,0,4922,0,36,36.2
6,0.2,-0.2,-0.9,-1,1,0,0,160,0,1729,0,32,13.4
7,0.2,-0.2,-0.9,-1,1,0,0,232,0,500,0,28,16.4
8,0.2,-0.2,-0.9,-1,1,0,0,105,0,893,0,32,11.3
2,0.2,-0.2,-0.7,-1,1,0,0,125,0,208,0,13,3.3
9,0.2,-0.2,-0.9,-1,1,0,0,193,0,499,0,20,12.9
4,0.2,-0.2,-0.7,-1,1,0,0,130,0,794,0,35,10.9
1,0.2,-0.2,-0.7,-1,1,0,0,152,0,1099,0,36,20.2
3,0.2,-0.2,-0.7,-1,1,0,0,208,0,3788,0,28,15.7
5,0.2,-0.2,-0.7,-1,1,0,0,160,0,859,0,27,12.3
7,0.2,-0.2,-0.7,-1,1,0,0,80,0,147,0,12,2.6
0,0.2,-0.2,-0.7,1,-1,1,0,320,12568,0,28,0,26.1
6,0.2,-0.2,-0.7,-1,1,0,0,154,0,930,0,32,14.0
9,0.2,-0.2,-0.7,1,-1,1,0,212,3058,0,24,0,11.1
2,0.2,-0.2,-0.5,1,-1,1,0,88,430,0,25,0,4.4
1,0.2,-0.2,-0.5,-1,1,0,0,192,0,313,0,20,11.4
8,0.2,-0.2,-0.7,-1,1,0,0,228,0,1027,0,28,18.2
4,0.2,-0.2,-0.5,1,-1,1,0,132,6592,0,36,0,10.7
3,0.2,-0.2,-0.5,1,-1,1,0,152,4433,0,40,0,14.2
0,0.2,-0.2,-0.5,-1,1,0,0,244,0,3540,0,32,26.6
5,0.2,-0.2,-0.5,1,-1,1,0,170,4063,0,39,0,17.5
8,0.2,-0.2,-0.5,1,-1,1,0,151,2742,0,20,0,7.1
7,0.2,-0.2,-0.5,-1,1,0,0,118,0,2770,0,28,10.6
0,0.2,-0.2,-0.3,-1,1,0,0,132,0,504,0,31,8.0
9,0.2,-0.2,-0.5,1,-1,1,0,153,2969,0,32,0,14.3
2,0.2,-0.2,-0.3,-1,1,0,0,199,0,433,0,24,17.5
4,0.2,-0.2,-0.3,-1,1,0,0,139,0,617,0,28,12.7
1,0.2,-0.2,-0.3,1,-1,1,0,221,3309,0,28,0,24.1
5,0.2,-0.2,-0.3,1,-1,1,0,114,2447,0,36,0,7.9
3,0.2,-0.2,-0.3,-1,1,0,0,186,0,3993,0,36,21.6
7,0.2,-0.2,-0.3,-1,1,0,0,165,0,1015,0,32,12.5
9,0.2,-0.2,-0.3,-1,1,0,0,132,0,1885,0,24,8.9
8,0.2,-0.2,-0.3,1,-1,1,0,166,2894,0,26,0,10.0
0,0.2,-0.2,0.0,1,-1,1,0,128,2357,0,36,0,8.0
2,0.2,-0.2,0.0,-1,1,0,0,128,0,701,0,28,7.1
6,0.2,-0.2,-0.3,1,-1,1,0,196,4896,0,36,0,25.6
6,0.2,-0.2,-0.5,1,-1,1,0,413,4463,0,32,0,66.3
1,0.2,-0.2,0.0,-1,1,0,0,121,0,778,0,35,14.0
3,0.2,-0.2,0.0,-1,1,0,0,121,0,1148,0,36,14.8
6,0.2,-0.2,0.0,-1,1,0,0,132,0,1855,0,36,11.3
5,0.2,-0.2,0.0,1,-1,1,0,207,4204,0,24,0,17.7
9,0.2,-0.2,0.0,1,-1,1,0,144,4975,0,36,0,8.2
4,0.2,-0.2,0.0,1,-1,1,0,210,2665,0,32,0,26.9
8,0.2,-0.2,0.0,1,-1,1,0,186,4766,0,28,0,16.5
1,0.2,-0.2,1.0,-1,1,0,0,158,0,3193,0,32,11.9
0,0.2,-0.2,1.0,-1,1,0,0,191,0,904,0,28,20.1
2,0.2,-0.2,1.0,1,-1,1,0,177,4804,0,32,0,13.0
3,0.2,-0.2,1.0,1,-1,1,0,186,3169,0,24,0,12.7
7,0.2,-0.2,0.0,-1,1,0,0,283,0,1024,0,40,39.1
5,0.2,-0.2,1.0,-1,1,0,0,101,0,631,0,32,7.1
6,0.2,-0.2,1.0,-1,1,0,0,193,0,541,0,24,9.2
7,0.2,-0.2,1.0,-1,1,0,0,148,0,1163,0,24,7.4
4,0.2,-0.2,1.0,-1,1,0,0,169,0,1072,0,36,19.7
0,0.4,-0.8,-0.9,1,-1,1,0,184,1988,0,23,0,8.5
8,0.2,-0.2,1.0,1,-1,1,0,204,2881,0,24,0,20.5
9,0.2,-0.2,1.0,1,-1,1,0,207,5068,0,32,0,21.3
2,0.4,-0.8,-0.9,1,-1,1,0,158,4544,0,34,0,12.3
1,0.4,-0.8,-0.9,1,-1,1,0,222,2285,0,32,0,22.5
3,0.4,-0.8,-0.9,-1,1,0,0,151,0,2700,0,36,15.8
4,0.4,-0.8,-0.9,-1,1,0,0,163,0,535,0,24,9.5
6,0.4,-0.8,-0.9,-1,1,0,0,163,0,418,0,26,8.1
8,0.4,-0.8,-0.9,1,-1,1,0,128,2735,0,32,0,6.4
5,0.4,-0.8,-0.9,-1,1,0,0,187,0,1208,0,32,15.8
7,0.4,-0.8,-0.9,-1,1,0,0,150,0,3281,0,32,16.2
0,0.4,-0.8,-0.7,1,-1,1,0,186,4852,0,32,0,16.4
2,0.4,-0.8,-0.7,-1,1,0,0,156,0,1021,0,31,13.4
4,0.4,-0.8,-0.7,-1,1,0,0,156,0,671,0,21,8.3
6,0.4,-0.8,-0.7,-1,1,0,0,126,0,1010,0,24,5.5
9,0.4,-0.8,-0.9,1,-1,1,0,299,4129,0,32,0,34.7
3,0.4,-0.8,-0.7,1,-1,1,0,232,4536,0,28,0,21.8
5,0.4,-0.8,-0.7,-1,1,0,0,168,0,2050,0,36,17.0
9,0.4,-0.8,-0.7,-1,1,0,0,114,0,339,0,18,4.4
7,0.4,-0.8,-0.7,1,-1,1,0,150,4706,0,32,0,9.2
8,0.4,-0.8,-0.7,1,-1,1,0,188,1884,0,20,0,9.7
1,0.4,-0.8,-0.5,1,-1,1,0,138,4042,0,24,0,7.7
1,0.4,-0.8,-0.7,1,-1,1,0,289,5456,0,40,0,47.0
2,0.4,-0.8,-0.5,-1,1,0,0,237,0,2345,0,24,16.0
0,0.4,-0.8,-0.5,-1,1,0,0,185,0,1076,0,28,21.3
3,0.4,-0.8,-0.5,-1,1,0,0,163,0,3152,0,40,18.0
6,0.4,-0.8,-0.5,1,-1,1,0,140,3336,0,32,0,7.1
4,0.4,-0.8,-0.5,-1,1,0,0,157,0,766,0,35,16.1
5,0.4,-0.8,-0.5,1,-1,1,0,207,3331,0,28,0,14.4
7,0.4,-0.8,-0.5,1,-1,1,0,168,4314,0,33,0,12.4
8,0.4,-0.8,-0.5,1,-1,1,0,214,3648,0,24,0,11.4
1,0.4,-0.8,-0.3,1,-1,1,0,235,2946,0,20,0,13.2
2,0.4,-0.8,-0.3,-1,1,0,0,147,0,585,0,24,9.2
4,0.4,-0.8,-0.3,-1,1,0,0,137,0,386,0,22,5.5
9,0.4,-0.8,-0.5,-1,1,0,0,159,0,2012,0,44,23.5
3,0.4,-0.8,-0.3,-1,1,0,0,169,0,3230,0,32,15.5
5,0.4,-0.8,-0.3,-1,1,0,0,121,0,1183,0,32,11.5
6,0.4,-0.8,-0.3,-1,1,0,0,138,0,597,0,36,13.3
7,0.4,-0.8,-0.3,-1,1,0,0,141,0,745,0,30,12.1
8,0.4,-0.8,-0.3,-1,1,0,0,150,0,547,0,24,9.3
9,0.4,-0.8,-0.3,-1,1,0,0,143,0,539,0,25,7.3
3,0.4,-0.8,0.0,1,-1,1,0,138,3553,0,28,0,6.9
2,0.4,-0.8,0.0,-1,1,0,0,127,0,1328,0,32,10.7
0,0.4,-0.8,0.0,-1,1,0,0,115,0,1467,0,40,14.4
6,0.4,-0.8,0.0,1,-1,1,0,118,3623,0,32,0,6.4
5,0.4,-0.8,0.0,-1,1,0,0,125,0,671,0,26,9.4
0,0.4,-0.8,-0.3,1,-1,1,0,500,14100,6,31,1,55.6
1,0.4,-0.8,0.0,1,-1,1,0,284,4324,0,24,0,21.3
4,0.4,-0.8,0.0,1,-1,1,0,180,6616,0,32,0,17.4
7,0.4,-0.8,0.0,1,-1,1,0,151,3152,0,36,0,7.1
0,0.4,-0.8,1.0,1,-1,1,0,148,3768,0,32,0,12.2
9,0.4,-0.8,0.0,-1,1,0,0,180,0,1985,0,36,13.5
8,0.4,-0.8,0.0,-1,1,0,0,215,0,487,0,26,18.2
1,0.4,-0.8,1.0,-1,1,0,0,141,0,1148,0,32,15.4
4,0.4,-0.8,1.0,-1,1,0,0,143,0,691,0,28,7.5
2,0.4,-0.8,1.0,-1,1,0,0,207,0,633,0,32,21.2
3,0.4,-0.8,1.0,1,-1,1,0,150,3146,0,28,0,15.1
5,0.4,-0.8,1.0,-1,1,0,0,123,0,948,0,32,10.6
9,0.4,-0.8,1.0,-1,1,0,0,125,0,1004,0,24,6.1
8,0.4,-0.8,1.0,1,-1,1,0,171,1770,0,29,0,10.0
1,0.4,-0.6,-0.9,-1,1,0,0,153,0,293,0,22,6.9
7,0.4,-0.8,1.0,-1,1,0,0,226,0,849,0,28,21.0
3,0.4,-0.6,-0.9,1,-1,1,0,184,1632,0,20,0,8.5
4,0.4,-0.6,-0.9,1,-1,1,0,204,1322,0,20,0,8.7
0,0.4,-0.6,-0.9,1,-1,1,0,225,5963,0,36,0,25.4
2,0.4,-0.6,-0.9,1,-1,1,0,334,3916,0,20,0,18.2
5,0.4,-0.6,-0.9,1,-1,1,0,147,5138,0,24,0,6.6
6,0.4,-0.8,1.0,1,-1,1,0,300,6845,0,36,0,39.7
9,0.4,-0.6,-0.9,-1,1,0,0,153,0,607,0,20,5.1
7,0.4,-0.6,-0.9,-1,1,0,0,173,0,457,0,28,9.6
2,0.4,-0.6,-0.7,-1,1,0,0,142,0,582,0,23,6.5
0,0.4,-0.6,-0.7,-1,1,0,0,170,0,1465,0,28,9.8
6,0.4,-0.6,-0.9,-1,1,0,0,243,0,3580,0,40,27.9
8,0.4,-0.6,-0.9,1,-1,1,0,239,5288,0,32,0,26.8
1,0.4,-0.6,-0.7,1,-1,1,0,211,4071,0,36,0,22.9
4,0.4,-0.6,-0.7,-1,1,0,0,135,0,1082,0,32,14.5
7,0.4,-0.6,-0.7,1,-1,1,0,171,4263,0,31,0,9.2
3,0.4,-0.6,-0.7,1,-1,1,0,246,2271,0,24,0,24.0
6,0.4,-0.6,-0.7,1,-1,1,0,170,3066,0,30,0,13.9
5,0.4,-0.6,-0.7,1,-1,1,0,190,4246,0,32,0,19.7
8,0.4,-0.6,-0.7,1,-1,1,0,189,3810,0,28,0,14.6
0,0.4,-0.6,-0.5,-1,1,0,0,138,0,1024,0,24,7.3
2,0.4,-0.6,-0.5,-1,1,0,0,154,0,788,0,28,11.3
4,0.4,-0.6,-0.5,-1,1,0,0,154,0,596,0,34,15.7
5,0.4,-0.6,-0.5,1,-1,1,0,203,2584,0,20,0,9.5
3,0.4,-0.6,-0.5,1,-1,1,0,258,2869,0,28,0,20.4
1,0.4,-0.6,-0.5,1,-1,1,0,238,4815,0,28,0,25.7
9,0.4,-0.6,-0.7,-1,1,0,0,227,0,3895,0,36,31.7
8,0.4,-0.6,-0.5,-1,1,0,0,112,0,1241,0,36,9.7
7,0.4,-0.6,-0.5,1,-1,1,0,150,4176,0,24,0,10.3
0,0.4,-0.6,-0.3,-1,1,0,0,188,0,867,0,20,8.4
6,0.4,-0.6,-0.5,-1,1,0,0,135,0,630,0,36,16.8
9,0.4,-0.6,-0.5,-1,1,0,0,187,0,531,0,28,13.5
1,0.4,-0.6,-0.3,-1,1,0,0,136,0,867,0,24,8.4
4,0.4,-0.6,-0.3,-1,1,0,0,95,0,439,0,28,5.0
2,0.4,-0.6,-0.3,-1,1,0,0,119,0,637,0,32,10.3
7,0.4,-0.6,-0.3,1,-1,1,0,143,3353,0,32,0,9.4
8,0.4,-0.6,-0.3,-1,1,0,0,167,0,2484,0,32,9.6
5,0.4,-0.6,-0.3,-1,1,0,0,145,0,1498,0,32,16.3
6,0.4,-0.6,-0.3,1,-1,1,0,162,3690,0,38,0,14.4
3,0.4,-0.6,-0.3,-1,1,0,0,225,0,847,0,28,19.9
9,0.4,-0.6,-0.3,-1,1,0,0,120,0,764,0,28,9.8
0,0.4,-0.6,0.0,-1,1,0,0,152,0,613,0,33,11.9
2,0.4,-0.6,0.0,-1,1,0,0,133,0,3967,0,32,14.9
1,0.4,-0.6,0.0,1,-1,1,0,213,2951,0,28,0,16.9
5,0.4,-0.6,0.0,1,-1,1,0,141,3904,0,32,0,8.8
4,0.4,-0.6,0.0,1,-1,1,0,153,3676,0,36,0,13.7
6,0.4,-0.6,0.0,1,-1,1,0,141,4006,0,24,0,5.5
3,0.4,-0.6,0.0,-1,1,0,0,156,0,2791,0,40,19.3
8,0.4,-0.6,0.0,-1,1,0,0,141,0,1792,0,24,6.0
9,0.4,-0.6,0.0,1,-1,1,0,191,4686,0,20,0,6.9
0,0.4,-0.6,1.0,-1,1,0,0,113,0,905,0,27,6.5
1,0.4,-0.6,1.0,1,-1,1,0,148,3324,0,32,0,8.3
7,0.4,-0.6,0.0,1,-1,1,0,183,4650,0,24,0,12.7
2,0.4,-0.6,1.0,1,-1,1,0,161,2206,0,24,0,5.7
3,0.4,-0.6,1.0,-1,1,0,0,151,0,761,0,28,9.8
4,0.4,-0.6,1.0,1,-1,1,0,172,5606,0,38,0,11.7
5,0.4,-0.6,1.0,-1,1,0,0,137,0,5035,0,32,11.9
7,0.4,-0.6,1.0,-1,1,0,0,186,0,861,0,28,14.3
9,0.4,-0.6,1.0,-1,1,0,0,107,0,459,0,26,6.4
6,0.4,-0.6,1.0,-1,1,0,0,171,0,879,0,36,22.9
8,0.4,-0.6,1.0,1,-1,1,0,199,5224,0,32,0,20.5
1,0.4,-0.4,-0.9,1,-1,1,0,164,3296,0,36,0,13.9
0,0.4,-0.4,-0.9,1,-1,1,0,230,6183,0,32,0,17.8
6,0.4,-0.4,-0.9,-1,1,0,0,143,0,739,0,32,11.6
5,0.4,-0.4,-0.9,-1,1,0,0,138,0,596,0,32,12.7
3,0.4,-0.4,-0.9,-1,1,0,0,179,0,1841,0,36,24.8
2,0.4,-0.4,-0.9,1,-1,1,0,267,4203,0,36,0,33.0
8,0.4,-0.4,-0.9,-1,1,0,0,118,0,687,0,24,8.9
7,0.4,-0.4,-0.9,-1,1,0,0,105,0,794,0,32,11.4
4,0.4,-0.4,-0.9,-1,1,0,0,226,0,1540,0,40,27.1
9,0.4,-0.4,-0.9,-1,1,0,0,161,0,369,0,28,10.0
0,0.4,-0.4,-0.7,-1,1,0,0,169,0,680,0,40,18.1
2,0.4,-0.4,-0.7,1,-1,1,0,203,2946,0,32,0,16.5
3,0.4,-0.4,-0.7,-1,1,0,0,196,0,2219,0,32,18.1
4,0.4,-0.4,-0.7,-1,1,0,0,188,0,2827,0,32,16.9
1,0.4,-0.4,-0.7,-1,1,0,0,225,0,3749,0,32,25.5
5,0.4,-0.4,-0.7,1,-1,1,0,229,2483,0,20,0,11.5
8,0.4,-0.4,-0.7,1,-1,1,0,160,2829,0,34,0,9.5
9,0.4,-0.4,-0.7,-1,1,0,0,116,0,498,0,28,9.2
7,0.4,-0.4,-0.7,1,-1,1,0,189,3589,0,32,0,14.3
6,0.4,-0.4,-0.7,1,-1,1,0,186,6774,0,32,0,18.3
0,0.4,-0.4,-0.5,-1,1,0,0,199,0,959,0,20,12.0
5,0.4,-0.4,-0.5,1,-1,1,0,139,2047,0,20,0,5.5
4,0.4,-0.4,-0.5,-1,1,0,0,167,0,3021,0,28,12.0
3,0.4,-0.4,-0.5,-1,1,0,0,226,0,614,0,23,15.9
6,0.4,-0.4,-0.5,1,-1,1,0,168,2744,0,33,0,8.3
2,0.4,-0.4,-0.5,1,-1,1,0,185,5816,0,36,0,20.8
1,0.4,-0.4,-0.5,-1,1,0,0,221,0,992,0,36,25.6
0,0.4,-0.4,-0.3,-1,1,0,0,146,0,753,0,20,4.9
9,0.4,-0.4,-0.5,-1,1,0,0,141,0,637,0,26,14.0
2,0.4,-0.4,-0.3,-1,1,0,0,184,0,374,0,22,8.8
7,0.4,-0.4,-0.5,-1,1,0,0,183,0,2439,0,40,23.7
3,0.4,-0.4,-0.3,-1,1,0,0,135,0,680,0,28,10.8
4,0.4,-0.4,-0.3,-1,1,0,0,129,0,2222,0,28,9.8
8,0.4,-0.4,-0.5,-1,1,0,0,256,0,583,0,35,31.6
1,0.4,-0.4,-0.3,-1,1,0,0,244,0,1406,0,32,26.7
7,0.4,-0.4,-0.3,1,-1,1,0,182,2485,0,30,0,10.2
5,0.4,-0.4,-0.3,-1,1,0,0,240,0,920,0,24,17.7
9,0.4,-0.4,-0.3,1,-1,1,0,154,3203,0,36,0,7.2
8,0.4,-0.4,-0.3,1,-1,1,0,157,3545,0,32,0,9.4
1,0.4,-0.4,0.0,1,-1,1,0,196,1120,0,20,0,8.0
6,0.4,-0.4,-0.3,-1,1,0,0,203,0,747,0,29,20.3
5,0.4,-0.4,0.0,1,-1,1,0,134,2431,0,24,0,6.0
0,0.4,-0.4,0.0,-1,1,0,0,187,0,2001,0,24,16.2
4,0.4,-0.4,0.0,-1,1,0,0,141,0,3417,0,28,8.1
2,0.4,-0.4,0.0,-1,1,0,0,173,0,1189,0,32,14.3
3,0.4,-0.4,0.0,1,-1,1,0,207,3486,0,36,0,25.3
9,0.4,-0.4,0.0,-1,1,0,0,149,0,1692,0,28,13.2
7,0.4,-0.4,0.0,-1,1,0,0,166,0,1702,0,36,16.0
8,0.4,-0.4,0.0,-1,1,0,0,143,0,2835,0,36,15.0
0,0.4,-0.4,1.0,-1,1,0,0,106,0,485,0,30,6.8
2,0.4,-0.4,1.0,-1,1,0,0,133,0,452,0,23,6.4
6,0.4,-0.4,0.0,-1,1,0,0,275,0,1562,0,28,23.5
1,0.4,-0.4,1.0,1,-1,1,0,143,4192,0,32,0,8.4
5,0.4,-0.4,1.0,-1,1,0,0,115,0,740,0,28,7.5
3,0.4,-0.4,1.0,-1,1,0,0,152,0,876,0,32,18.3
7,0.4,-0.4,1.0,-1,1,0,0,106,0,1626,0,36,11.6
9,0.4,-0.4,1.0,-1,1,0,0,95,0,284,0,25,5.4
8,0.4,-0.4,1.0,1,-1,1,0,202,2413,0,24,0,11.0
6,0.4,-0.4,1.0,-1,1,0,0,153,0,668,0,36,19.3
0,0.4,-0.2,-0.9,-1,1,0,0,151,0,1610,0,20,7.6
2,0.4,-0.2,-0.9,1,-1,1,0,162,1964,0,28,0,6.9
4,0.4,-0.2,-0.9,-1,1,0,0,109,0,1732,0,24,6.0
4,0.4,-0.4,1.0,-1,1,0,0,257,0,1311,0,40,31.0
1,0.4,-0.2,-0.9,1,-1,1,0,154,3994,0,40,0,16.3
5,0.4,-0.2,-0.9,-1,1,0,0,140,0,3665,0,32,11.9
6,0.4,-0.2,-0.9,-1,1,0,0,150,0,4167,0,32,11.6
8,0.4,-0.2,-0.9,-1,1,0,0,136,0,536,0,28,8.8
7,0.4,-0.2,-0.9,1,-1,1,0,196,4788,0,28,0,17.5
1,0.4,-0.2,-0.7,1,-1,1,0,171,4598,0,24,0,7.5
0,0.4,-0.2,-0.7,1,-1,1,0,245,3929,0,28,0,19.4
3,0.4,-0.2,-0.7,-1,1,0,0,134,0,2099,0,28,11.3
4,0.4,-0.2,-0.7,1,-1,1,0,105,3339,0,32,0,5.2
9,0.4,-0.2,-0.9,-1,1,0,0,234,0,2306,0,32,26.9
2,0.4,-0.2,-0.7,1,-1,1,0,141,5383,0,40,0,18.1
5,0.4,-0.2,-0.7,1,-1,1,0,109,618,0,22,0,3.5
3,0.4,-0.2,-0.9,1,-1,1,0,383,6130,0,36,0,47.5
6,0.4,-0.2,-0.7,-1,1,0,0,159,0,532,0,24,8.7
9,0.4,-0.2,-0.7,1,-1,1,0,145,2484,0,28,0,9.6
8,0.4,-0.2,-0.7,-1,1,0,0,146,0,647,0,30,13.0
0,0.4,-0.2,-0.5,1,-1,1,0,270,4015,0,28,0,14.2
7,0.4,-0.2,-0.7,1,-1,1,0,193,5635,0,36,0,21.6
2,0.4,-0.2,-0.5,-1,1,0,0,154,0,683,0,37,15.2
5,0.4,-0.2,-0.5,-1,1,0,0,92,0,221,0,18,4.2
4,0.4,-0.2,-0.5,-1,1,0,0,145,0,1460,0,28,11.1
3,0.4,-0.2,-0.5,-1,1,0,0,164,0,1034,0,40,17.4
7,0.4,-0.2,-0.5,-1,1,0,0,176,0,1129,0,28,9.8
6,0.4,-0.2,-0.5,-1,1,0,0,168,0,1285,0,36,13.2
8,0.4,-0.2,-0.5,-1,1,0,0,207,0,534,0,20,11.3
1,0.4,-0.2,-0.5,1,-1,1,0,261,4514,0,40,0,37.0
2,0.4,-0.2,-0.3,-1,1,0,0,217,0,1668,0,20,9.3
0,0.4,-0.2,-0.3,1,-1,1,0,199,3183,0,32,0,14.6
3,0.4,-0.2,-0.3,1,-1,1,0,184,3671,0,28,0,10.4
1,0.4,-0.2,-0.3,-1,1,0,0,161,0,597,0,34,18.3
5,0.4,-0.2,-0.3,1,-1,1,0,168,2529,0,28,0,9.2
4,0.4,-0.2,-0.3,1,-1,1,0,150,5058,0,28,0,10.9
9,0.4,-0.2,-0.5,1,-1,1,0,231,4334,0,40,0,32.1
6,0.4,-0.2,-0.3,-1,1,0,0,229,0,1867,0,24,11.3
8,0.4,-0.2,-0.3,-1,1,0,0,151,0,654,0,24,8.9
9,0.4,-0.2,-0.3,-1,1,0,0,238,0,2547,0,24,14.6
0,0.4,-0.2,0.0,-1,1,0,0,124,0,2008,0,36,14.8
2,0.4,-0.2,0.0,-1,1,0,0,127,0,3046,0,32,11.5
1,0.4,-0.2,0.0,1,-1,1,0,147,5994,0,36,0,14.3
7,0.4,-0.2,-0.3,-1,1,0,0,205,0,803,0,32,24.7
7,0.4,-0.2,0.0,-1,1,0,0,146,0,3327,0,24,8.3
6,0.4,-0.2,0.0,-1,1,0,0,161,0,582,0,24,9.8
3,0.4,-0.2,0.0,1,-1,1,0,174,3076,0,39,0,20.2
8,0.4,-0.2,0.0,1,-1,1,0,125,3581,0,24,0,6.9
4,0.4,-0.2,0.0,1,-1,1,0,168,4474,0,38,0,23.7
1,0.4,-0.2,1.0,-1,1,0,0,87,0,137,0,13,4.7
9,0.4,-0.2,0.0,-1,1,0,0,170,0,2366,0,32,15.2
2,0.4,-0.2,1.0,-1,1,0,0,91,0,221,0,24,7.8
3,0.4,-0.2,1.0,-1,1,0,0,160,0,637,0,28,11.2
5,0.4,-0.2,0.0,-1,1,0,0,259,0,725,0,36,34.7
5,0.4,-0.2,1.0,-1,1,0,0,115,0,1078,0,32,10.7
0,0.4,-0.2,1.0,-1,1,0,0,191,0,4301,0,32,27.9
7,0.4,-0.2,1.0,1,-1,1,0,227,2036,0,24,0,10.6
6,0.4,-0.2,1.0,-1,1,0,0,140,0,830,0,32,14.5
9,0.4,-0.2,1.0,-1,1,0,0,127,0,1897,0,20,6.3
2,0.6,-0.8,-0.9,-1,1,0,0,148,0,456,0,24,8.1
0,0.6,-0.8,-0.9,-1,1,0,0,228,0,1343,0,28,14.6
1,0.6,-0.8,-0.9,-1,1,0,0,132,0,840,0,32,12.4
4,0.4,-0.2,1.0,1,-1,1,0,293,5934,0,36,0,38.0
3,0.6,-0.8,-0.9,1,-1,1,0,159,2891,0,32,0,6.6
6,0.6,-0.8,-0.9,1,-1,1,0,133,5171,0,32,0,7.2
8,0.4,-0.2,1.0,1,-1,1,0,283,7356,0,32,0,31.9
8,0.6,-0.8,-0.9,-1,1,0,0,142,0,444,0,23,7.5
9,0.6,-0.8,-0.9,1,-1,1,0,179,2654,0,28,0,9.1
5,0.6,-0.8,-0.9,-1,1,0,0,204,0,2140,0,36,24.8
7,0.6,-0.8,-0.9,1,-1,1,0,207,6681,0,32,0,25.4
0,0.6,-0.8,-0.7,1,-1,1,0,161,4116,0,30,0,11.8
1,0.6,-0.8,-0.7,1,-1,1,0,163,3244,0,30,0,11.4
2,0.6,-0.8,-0.7,1,-1,1,0,161,3858,0,39,0,16.8
5,0.6,-0.8,-0.7,-1,1,0,0,154,0,404,0,27,9.9
6,0.6,-0.8,-0.7,1,-1,1,0,161,2030,0,24,0,7.9
4,0.6,-0.8,-0.9,1,-1,1,0,363,3421,0,34,0,49.8
8,0.6,-0.8,-0.7,1,-1,1,0,92,1263,0,27,0,4.7
4,0.6,-0.8,-0.7,1,-1,1,0,250,2436,0,32,0,27.2
3,0.6,-0.8,-0.7,1,-1,1,0,197,4628,0,36,0,28.8
0,0.6,-0.8,-0.5,-1,1,0,0,123,0,570,0,23,6.5
9,0.6,-0.8,-0.7,1,-1,1,0,187,4342,0,32,0,20.2
2,0.6,-0.8,-0.5,1,-1,1,0,153,5200,0,36,0,13.2
1,0.6,-0.8,-0.5,-1,1,0,0,152,0,1732,0,32,14.4
7,0.6,-0.8,-0.7,1,-1,1,0,219,3205,0,36,0,34.8
3,0.6,-0.8,-0.5,1,-1,1,0,217,2722,0,24,0,17.3
4,0.6,-0.8,-0.5,-1,1,0,0,177,0,789,0,28,9.8
5,0.6,-0.8,-0.5,-1,1,0,0,189,0,681,0,20,11.3
7,0.6,-0.8,-0.5,1,-1,1,0,145,2921,0,28,0,8.5
6,0.6,-0.8,-0.5,-1,1,0,0,248,0,851,0,24,16.0
8,0.6,-0.8,-0.5,-1,1,0,0,106,0,528,0,26,10.5
1,0.6,-0.8,-0.3,-1,1,0,0,125,0,565,0,24,6.3
0,0.6,-0.8,-0.3,-1,1,0,0,145,0,1326,0,28,10.0
9,0.6,-0.8,-0.5,-1,1,0,0,145,0,613,0,30,16.0
5,0.6,-0.8,-0.3,-1,1,0,0,136,0,711,0,24,7.7
2,0.6,-0.8,-0.3,1,-1,1,0,185,6718,0,36,0,20.1
7,0.6,-0.8,-0.3,-1,1,0,0,156,0,625,0,30,13.4
6,0.6,-0.8,-0.3,-1,1,0,0,251,0,545,0,24,18.5
8,0.6,-0.8,-0.3,-1,1,0,0,151,0,724,0,28,12.3
3,0.6,-0.8,-0.3,1,-1,1,0,231,5874,0,40,0,36.1
4,0.6,-0.8,-0.3,-1,1,0,0,268,0,790,0,35,34.0
9,0.6,-0.8,-0.3,-1,1,0,0,152,0,631,0,28,12.6
0,0.6,-0.8,0.0,-1,1,0,0,142,0,1049,0,32,14.0
2,0.6,-0.8,0.0,-1,1,0,0,145,0,1511,0,24,10.6
3,0.6,-0.8,0.0,1,-1,1,0,223,3998,0,24,0,11.6
5,0.6,-0.8,0.0,1,-1,1,0,178,3426,0,34,0,13.6
7,0.6,-0.8,0.0,-1,1,0,0,140,0,499,0,23,9.2
4,0.6,-0.8,0.0,-1,1,0,0,220,0,2432,0,28,20.6
6,0.6,-0.8,0.0,1,-1,1,0,191,2776,0,28,0,15.9
0,0.6,-0.8,1.0,1,-1,1,0,100,1595,0,38,0,6.2
1,0.6,-0.8,0.0,1,-1,1,0,237,5464,0,36,0,34.7
9,0.6,-0.8,0.0,-1,1,0,0,131,0,721,0,25,10.3
8,0.6,-0.8,0.0,1,-1,1,0,148,4042,0,36,0,16.7
5,0.6,-0.8,1.0,1,-1,1,0,162,3237,0,32,0,10.3
2,0.6,-0.8,1.0,1,-1,1,0,206,8388,0,28,0,16.2
3,0.6,-0.8,1.0,1,-1,1,0,188,4079,0,40,0,15.8
7,0.6,-0.8,1.0,1,-1,1,0,164,5257,0,32,0,10.9
8,0.6,-0.8,1.0,1,-1,1,0,148,5497,0,40,0,13.0
6,0.6,-0.8,1.0,1,-1,1,0,145,3734,0,32,0,15.0
1,0.6,-0.8,1.0,-1,1,0,0,324,0,2373,0,32,36.6
4,0.6,-0.8,1.0,1,-1,1,0,280,6915,0,36,0,30.7
3,0.6,-0.6,-0.9,-1,1,0,0,116,0,516,0,29,9.6
0,0.6,-0.6,-0.9,-1,1,0,0,137,0,909,0,32,17.1
9,0.6,-0.8,1.0,-1,1,0,0,216,0,1678,0,32,26.4
2,0.6,-0.6,-0.9,1,-1,1,0,237,3616,0,32,0,28.6
1,0.6,-0.6,-0.9,1,-1,1,0,221,2476,0,36,0,33.1
4,0.6,-0.6,-0.9,1,-1,1,0,240,4316,0,28,0,21.0
5,0.6,-0.6,-0.9,1,-1,1,0,228,2900,0,36,0,22.9
9,0.6,-0.6,-0.9,-1,1,0,0,144,0,642,0,24,8.1
7,0.6,-0.6,-0.9,-1,1,0,0,165,0,3048,0,28,12.1
6,0.6,-0.6,-0.9,-1,1,0,0,180,0,3251,0,44,25.9
2,0.6,-0.6,-0.7,1,-1,1,0,107,2221,0,32,0,7.5
1,0.6,-0.6,-0.7,-1,1,0,0,142,0,1169,0,28,11.1
8,0.6,-0.6,-0.9,1,-1,1,0,266,2311,0,36,0,25.0
5,0.6,-0.6,-0.7,-1,1,0,0,116,0,402,0,20,6.0
0,0.6,-0.6,-0.7,-1,1,0,0,234,0,611,0,28,21.8
4,0.6,-0.6,-0.7,-1,1,0,0,138,0,1587,0,36,10.3
8,0.6,-0.6,-0.7,-1,1,0,0,182,0,1058,0,24,11.1
9,0.6,-0.6,-0.7,-1,1,0,0,146,0,2216,0,28,11.7
3,0.6,-0.6,-0.7,-1,1,0,0,217,0,2493,0,36,26.9
7,0.6,-0.6,-0.7,-1,1,0,0,179,0,1057,0,28,16.8
1,0.6,-0.6,-0.5,1,-1,1,0,151,4553,0,24,0,6.6
3,0.6,-0.6,-0.5,1,-1,1,0,113,2290,0,32,0,4.6
6,0.6,-0.6,-0.7,1,-1,1,0,335,3068,0,20,0,23.6
0,0.6,-0.6,-0.5,1,-1,1,0,172,2655,0,30,0,11.4
5,0.6,-0.6,-0.5,1,-1,1,0,154,3805,0,20,0,6.4
4,0.6,-0.6,-0.5,-1,1,0,0,165,0,2264,0,24,8.7
2,0.6,-0.6,-0.5,-1,1,0,0,232,0,1606,0,20,13.7
8,0.6,-0.6,-0.5,1,-1,1,0,133,4078,0,36,0,8.5
0,0.6,-0.6,-0.3,1,-1,1,0,199,2433,0,24,0,12.4
9,0.6,-0.6,-0.5,-1,1,0,0,241,0,964,0,20,15.2
6,0.6,-0.6,-0.5,1,-1,1,0,216,3671,0,32,0,23.9
2,0.6,-0.6,-0.3,1,-1,1,0,150,4278,0,32,0,10.9
7,0.6,-0.6,-0.5,1,-1,1,0,256,4017,0,36,0,33.4
5,0.6,-0.6,-0.3,-1,1,0,0,117,0,2160,0,28,9.0
1,0.6,-0.6,-0.3,1,-1,1,0,217,3365,0,36,0,31.6
7,0.6,-0.6,-0.3,1,-1,1,0,191,5015,0,24,0,10.2
6,0.6,-0.6,-0.3,1,-1,1,0,218,3206,0,28,0,15.4
4,0.6,-0.6,-0.3,-1,1,0,0,209,0,647,0,32,28.2
8,0.6,-0.6,-0.3,1,-1,1,0,149,3419,0,32,0,9.5
3,0.6,-0.6,-0.3,1,-1,1,0,267,4085,0,34,0,33.3
0,0.6,-0.6,0.0,-1,1,0,0,134,0,509,0,28,11.0
1,0.6,-0.6,0.0,-1,1,0,0,147,0,2897,0,32,11.9
2,0.6,-0.6,0.0,1,-1,1,0,141,2914,0,32,0,10.0
9,0.6,-0.6,-0.3,-1,1,0,0,245,0,894,0,20,15.8
3,0.6,-0.6,0.0,-1,1,0,0,161,0,712,0,36,16.6
4,0.6,-0.6,0.0,1,-1,1,0,159,4887,0,34,0,10.7
6,0.6,-0.6,0.0,1,-1,1,0,122,2978,0,28,0,8.7
5,0.6,-0.6,0.0,-1,1,0,0,142,0,482,0,26,11.7
1,0.6,-0.6,1.0,1,-1,1,0,119,2190,0,28,0,5.3
0,0.6,-0.6,1.0,-1,1,0,0,149,0,546,0,30,12.3
2,0.6,-0.6,1.0,-1,1,0,0,108,0,1621,0,20,5.7
9,0.6,-0.6,0.0,1,-1,1,0,150,4849,0,36,0,15.7
7,0.6,-0.6,0.0,-1,1,0,0,261,0,506,0,27,24.3
5,0.6,-0.6,1.0,1,-1,1,0,143,2810,0,24,0,6.5
8,0.6,-0.6,0.0,-1,1,0,0,226,0,902,0,28,23.3
3,0.6,-0.6,1.0,-1,1,0,0,148,0,536,0,27,10.0
4,0.6,-0.6,1.0,-1,1,0,0,164,0,668,0,28,13.6
8,0.6,-0.6,1.0,-1,1,0,0,135,0,376,0,24,6.9
7,0.6,-0.6,1.0,-1,1,0,0,245,0,538,0,20,9.5
6,0.6,-0.6,1.0,1,-1,1,0,222,4156,0,32,0,16.9
0,0.6,-0.4,-0.9,1,-1,1,0,184,2361,0,25,0,8.9
3,0.6,-0.4,-0.9,1,-1,1,0,154,2450,0,28,0,5.9
4,0.6,-0.4,-0.9,-1,1,0,0,184,0,2960,0,28,10.6
1,0.6,-0.4,-0.9,-1,1,0,0,166,0,2142,0,40,17.8
2,0.6,-0.4,-0.9,-1,1,0,0,151,0,1992,0,32,16.4
6,0.6,-0.4,-0.9,-1,1,0,0,119,0,771,0,32,10.4
5,0.6,-0.4,-0.9,-1,1,0,0,192,0,2055,0,32,21.4
7,0.6,-0.4,-0.9,-1,1,0,0,174,0,2651,0,36,15.4
9,0.6,-0.6,1.0,1,-1,1,0,324,5258,0,36,0,43.4
0,0.6,-0.4,-0.7,-1,1,0,0,158,0,396,0,21,7.4
8,0.6,-0.4,-0.9,1,-1,1,0,190,4582,0,40,0,20.8
2,0.6,-0.4,-0.7,-1,1,0,0,152,0,358,0,20,8.1
1,0.6,-0.4,-0.7,1,-1,1,0,152,4338,0,40,0,15.1
3,0.6,-0.4,-0.7,1,-1,1,0,187,3560,0,24,0,9.4
9,0.6,-0.4,-0.9,-1,1,0,0,166,0,706,0,38,21.0
4,0.6,-0.4,-0.7,1,-1,1,0,205,3014,0,28,0,13.7
5,0.6,-0.4,-0.7,-1,1,0,0,125,0,1413,0,32,10.1
7,0.6,-0.4,-0.7,1,-1,1,0,174,4280,0,32,0,13.1
0,0.6,-0.4,-0.5,-1,1,0,0,169,0,983,0,28,10.6
8,0.6,-0.4,-0.7,1,-1,1,0,196,2849,0,32,0,23.2
1,0.6,-0.4,-0.5,1,-1,1,0,190,3722,0,28,0,13.9
6,0.6,-0.4,-0.7,-1,1,0,0,193,0,972,0,32,28.6
2,0.6,-0.4,-0.5,1,-1,1,0,151,3510,0,28,0,12.1
4,0.6,-0.4,-0.5,-1,1,0,0,135,0,3985,0,28,9.3
9,0.6,-0.4,-0.7,1,-1,1,0,259,3150,0,38,0,32.3
5,0.6,-0.4,-0.5,-1,1,0,0,224,0,710,0,20,8.4
3,0.6,-0.4,-0.5,1,-1,1,0,214,4230,0,24,0,15.7
6,0.6,-0.4,-0.5,1,-1,1,0,202,3995,0,28,0,12.5
9,0.6,-0.4,-0.5,-1,1,0,0,158,0,1020,0,26,11.3
0,0.6,-0.4,-0.3,-1,1,0,0,208,0,1097,0,24,9.1
8,0.6,-0.4,-0.5,1,-1,1,0,150,2853,0,32,0,13.6
3,0.6,-0.4,-0.3,1,-1,1,0,151,3229,0,32,0,10.5
4,0.6,-0.4,-0.3,-1,1,0,0,131,0,2716,0,32,10.8
1,0.6,-0.4,-0.3,1,-1,1,0,201,3643,0,32,0,19.8
2,0.6,-0.4,-0.3,1,-1,1,0,175,3758,0,28,0,14.9
7,0.6,-0.4,-0.5,-1,1,0,0,230,0,3966,0,36,35.0
7,0.6,-0.4,-0.3,-1,1,0,0,147,0,2267,0,28,10.6
6,0.6,-0.4,-0.3,-1,1,0,0,136,0,808,0,28,11.3
5,0.6,-0.4,-0.3,1,-1,1,0,158,4173,0,34,0,15.3
8,0.6,-0.4,-0.3,-1,1,0,0,158,0,1036,0,32,13.0
2,0.6,-0.4,0.0,-1,1,0,0,119,0,2584,0,28,6.8
9,0.6,-0.4,-0.3,1,-1,1,0,163,3838,0,32,0,15.1
0,0.6,-0.4,0.0,-1,1,0,0,149,0,2284,0,32,17.5
3,0.6,-0.4,0.0,1,-1,1,0,202,3848,0,28,0,17.1
1,0.6,-0.4,0.0,-1,1,0,0,194,0,568,0,32,22.1
5,0.6,-0.4,0.0,-1,1,0,0,122,0,1015,0,24,9.7
4,0.6,-0.4,0.0,-1,1,0,0,147,0,3209,0,36,16.7
9,0.6,-0.4,0.0,1,-1,1,0,175,2684,0,26,0,9.1
6,0.6,-0.4,0.0,-1,1,0,0,178,0,2597,0,36,19.7
0,0.6,-0.4,1.0,-1,1,0,0,125,0,939,0,32,12.3
8,0.6,-0.4,0.0,1,-1,1,0,213,2971,0,32,0,20.9
3,0.6,-0.4,1.0,-1,1,0,0,109,0,460,0,28,7.0
7,0.6,-0.4,0.0,1,-1,1,0,196,3309,0,40,0,26.0
2,0.6,-0.4,1.0,-1,1,0,0,161,0,1234,0,28,10.2
4,0.6,-0.4,1.0,1,-1,1,0,167,2483,0,24,0,7.9
1,0.6,-0.4,1.0,1,-1,1,0,163,4165,0,39,0,19.7
8,0.6,-0.4,1.0,-1,1,0,0,122,0,776,0,24,6.8
7,0.6,-0.4,1.0,-1,1,0,0,169,0,1387,0,32,13.2
6,0.6,-0.4,1.0,1,-1,1,0,145,3186,0,28,0,13.9
9,0.6,-0.4,1.0,-1,1,0,0,172,0,1906,0,32,14.1
5,0.6,-0.4,1.0,-1,1,0,0,225,0,1618,0,24,22.6
1,0.6,-0.2,-0.9,1,-1,1,0,178,4887,0,40,0,12.6
2,0.6,-0.2,-0.9,1,-1,1,0,162,3804,0,40,0,16.2
3,0.6,-0.2,-0.9,-1,1,0,0,183,0,1710,0,24,10.6
5,0.6,-0.2,-0.9,1,-1,1,0,137,2626,0,27,0,7.0
4,0.6,-0.2,-0.9,1,-1,1,0,159,3754,0,30,0,15.3
7,0.6,-0.2,-0.9,1,-1,1,0,166,3371,0,30,0,7.1
6,0.6,-0.2,-0.9,-1,1,0,0,121,0,916,0,24,9.4
0,0.6,-0.2,-0.9,1,-1,1,0,241,3570,0,32,0,36.3
8,0.6,-0.2,-0.9,-1,1,0,0,180,0,2516,0,32,14.6
0,0.6,-0.2,-0.7,-1,1,0,0,159,0,5593,0,36,11.6
9,0.6,-0.2,-0.9,1,-1,1,0,249,3460,0,24,0,19.6
3,0.6,-0.2,-0.7,1,-1,1,0,158,3400,0,26,0,9.8
4,0.6,-0.2,-0.7,1,-1,1,0,189,3006,0,28,0,12.7
1,0.6,-0.2,-0.7,-1,1,0,0,173,0,1051,0,40,24.3
2,0.6,-0.2,-0.7,1,-1,1,0,195,3930,0,36,0,19.1
7,0.6,-0.2,-0.7,1,-1,1,0,135,2688,0,24,0,5.8
6,0.6,-0.2,-0.7,1,-1,1,0,151,4960,0,32,0,11.9
5,0.6,-0.2,-0.7,-1,1,0,0,135,0,1854,0,32,14.0
8,0.6,-0.2,-0.7,1,-1,1,0,155,5461,0,24,0,8.7
2,0.6,-0.2,-0.5,-1,1,0,0,160,0,1293,0,28,6.9
0,0.6,-0.2,-0.5,-1,1,0,0,228,0,1865,0,20,12.2
1,0.6,-0.2,-0.5,1,-1,1,0,145,3491,0,28,0,11.4
3,0.6,-0.2,-0.5,1,-1,1,0,173,2830,0,29,0,14.0
9,0.6,-0.2,-0.7,-1,1,0,0,200,0,3406,0,32,20.3
5,0.6,-0.2,-0.5,-1,1,0,0,124,0,2408,0,24,7.4
7,0.6,-0.2,-0.5,-1,1,0,0,109,0,629,0,24,6.5
6,0.6,-0.2,-0.5,-1,1,0,0,214,0,576,0,28,21.4
9,0.6,-0.2,-0.5,-1,1,0,0,182,0,1189,0,36,18.1
4,0.6,-0.2,-0.5,-1,1,0,0,225,0,906,0,35,29.4
8,0.6,-0.2,-0.5,1,-1,1,0,228,3806,0,36,0,24.1
0,0.6,-0.2,-0.3,1,-1,1,0,214,5595,0,28,0,18.2
1,0.6,-0.2,-0.3,-1,1,0,0,146,0,2727,0,32,11.2
2,0.6,-0.2,-0.3,-1,1,0,0,147,0,629,0,24,10.0
3,0.6,-0.2,-0.3,-1,1,0,0,130,0,2830,0,32,14.0
5,0.6,-0.2,-0.3,1,-1,1,0,183,2917,0,28,0,14.7
4,0.6,-0.2,-0.3,1,-1,1,0,235,2690,0,24,0,16.8
8,0.6,-0.2,-0.3,-1,1,0,0,204,0,1756,0,24,13.7
6,0.6,-0.2,-0.3,-1,1,0,0,181,0,2264,0,36,22.0
0,0.6,-0.2,0.0,-1,1,0,0,129,0,2603,0,24,8.3
7,0.6,-0.2,-0.3,-1,1,0,0,214,0,1232,0,32,27.9
9,0.6,-0.2,-0.3,-1,1,0,0,155,0,740,0,32,19.3
1,0.6,-0.2,0.0,-1,1,0,0,200,0,3316,0,24,13.6
3,0.6,-0.2,0.0,1,-1,1,0,184,3405,0,28,0,17.4
2,0.6,-0.2,0.0,-1,1,0,0,149,0,2863,0,40,18.8
6,0.6,-0.2,0.0,1,-1,1,0,188,5604,0,28,0,13.5
4,0.6,-0.2,0.0,-1,1,0,0,174,0,926,0,36,20.2
5,0.6,-0.2,0.0,1,-1,1,0,180,3333,0,34,0,19.3
9,0.6,-0.2,0.0,-1,1,0,0,160,0,627,0,23,8.4
7,0.6,-0.2,0.0,-1,1,0,0,151,0,1369,0,32,18.5
0,0.6,-0.2,1.0,-1,1,0,0,119,0,872,0,28,9.3
1,0.6,-0.2,1.0,-1,1,0,0,112,0,2647,0,32,9.8
2,0.6,-0.2,1.0,-1,1,0,0,146,0,399,0,23,6.9
5,0.6,-0.2,1.0,1,-1,1,0,167,4140,0,26,0,10.3
4,0.6,-0.2,1.0,-1,1,0,0,129,0,956,0,32,13.4
8,0.6,-0.2,0.0,1,-1,1,0,274,6878,0,37,0,32.5
6,0.6,-0.2,1.0,-1,1,0,0,147,0,641,0,31,14.0
8,0.6,-0.2,1.0,-1,1,0,0,112,0,437,0,20,5.2
3,0.6,-0.2,1.0,1,-1,1,0,217,4385,0,36,0,21.9
9,0.6,-0.2,1.0,1,-1,1,0,167,2431,0,34,0,13.1
7,0.6,-0.2,1.0,-1,1,0,0,176,0,1362,0,36,20.2
2,0.8,-0.8,-0.9,1,-1,1,0,145,3447,0,28,0,12.4
0,0.8,-0.8,-0.9,-1,1,0,0,159,0,4039,0,36,21.6
3,0.8,-0.8,-0.9,-1,1,0,0,143,0,1702,0,32,11.9
4,0.8,-0.8,-0.9,1,-1,1,0,164,3313,0,27,0,9.1
5,0.8,-0.8,-0.9,-1,1,0,0,210,0,391,0,24,13.1
1,0.8,-0.8,-0.9,1,-1,1,0,285,2873,0,32,0,31.8
8,0.8,-0.8,-0.9,1,-1,1,0,197,1679,0,20,0,11.8
7,0.8,-0.8,-0.9,-1,1,0,0,148,0,1173,0,28,15.3
6,0.8,-0.8,-0.9,1,-1,1,0,201,4205,0,28,0,16.3
9,0.8,-0.8,-0.9,-1,1,0,0,140,0,1546,0,32,13.4
0,0.8,-0.8,-0.7,-1,1,0,0,137,0,2224,0,24,11.2
3,0.8,-0.8,-0.7,1,-1,1,0,158,5363,0,32,0,12.3
2,0.8,-0.8,-0.7,1,-1,1,0,191,6982,0,32,0,16.8
1,0.8,-0.8,-0.7,1,-1,1,0,198,3836,0,32,0,22.1
6,0.8,-0.8,-0.7,-1,1,0,0,129,0,752,0,27,11.1
7,0.8,-0.8,-0.7,1,-1,1,0,190,3449,0,28,0,14.5
4,0.8,-0.8,-0.7,-1,1,0,0,239,0,3068,0,36,27.6
5,0.8,-0.8,-0.7,1,-1,1,0,238,2176,0,36,0,31.1
9,0.8,-0.8,-0.7,-1,1,0,0,160,0,734,0,36,15.8
0,0.8,-0.8,-0.5,1,-1,1,0,241,2238,0,20,0,11.6
1,0.8,-0.8,-0.5,-1,1,0,0,135,0,3230,0,28,11.4
8,0.8,-0.8,-0.7,-1,1,0,0,191,0,1526,0,32,24.2
4,0.8,-0.8,-0.5,-1,1,0,0,109,0,1176,0,24,7.7
2,0.8,-0.8,-0.5,-1,1,0,0,164,0,387,0,29,13.4
3,0.8,-0.8,-0.5,-1,1,0,0,140,0,1756,0,36,14.8
5,0.8,-0.8,-0.5,1,-1,1,0,130,2893,0,32,0,12.0
6,0.8,-0.8,-0.5,-1,1,0,0,206,0,528,0,27,14.1
9,0.8,-0.8,-0.5,-1,1,0,0,178,0,663,0,20,9.3
2,0.8,-0.8,-0.3,1,-1,1,0,152,2554,0,24,0,5.6
8,0.8,-0.8,-0.5,-1,1,0,0,182,0,3473,0,36,21.0
0,0.8,-0.8,-0.3,-1,1,0,0,183,0,1596,0,32,18.0
7,0.8,-0.8,-0.5,1,-1,1,0,205,4082,0,32,0,28.7
1,0.8,-0.8,-0.3,-1,1,0,0,243,0,2272,0,32,22.5
3,0.8,-0.8,-0.3,-1,1,0,0,197,0,1148,0,20,12.1
5,0.8,-0.8,-0.3,1,-1,1,0,154,3694,0,36,0,10.2
4,0.8,-0.8,-0.3,-1,1,0,0,209,0,923,0,28,15.4
6,0.8,-0.8,-0.3,-1,1,0,0,131,0,1374,0,28,12.4
7,0.8,-0.8,-0.3,-1,1,0,0,136,0,1014,0,28,11.3
8,0.8,-0.8,-0.3,-1,1,0,0,206,0,1560,0,24,14.6
0,0.8,-0.8,0.0,-1,1,0,0,128,0,1067,0,28,10.2
3,0.8,-0.8,0.0,1,-1,1,0,145,2239,0,24,0,8.4
9,0.8,-0.8,-0.3,-1,1,0,0,161,0,1641,0,36,21.1
1,0.8,-0.8,0.0,-1,1,0,0,182,0,654,0,28,16.3
5,0.8,-0.8,0.0,1,-1,1,0,209,1703,0,20,0,9.6
2,0.8,-0.8,0.0,-1,1,0,0,243,0,694,0,35,29.0
4,0.8,-0.8,0.0,-1,1,0,0,233,0,3982,0,28,26.0
6,0.8,-0.8,0.0,-1,1,0,0,210,0,1016,0,32,24.1
9,0.8,-0.8,0.0,-1,1,0,0,158,0,691,0,31,11.1
7,0.8,-0.8,0.0,1,-1,1,0,272,6153,0,30,0,26.7
8,0.8,-0.8,0.0,-1,1,0,0,189,0,691,0,32,20.7
0,0.8,-0.8,1.0,-1,1,0,0,137,0,3188,0,32,11.6
3,0.8,-0.8,1.0,1,-1,1,0,115,1683,0,20,0,4.4
2,0.8,-0.8,1.0,1,-1,1,0,149,4314,0,36,0,9.2
4,0.8,-0.8,1.0,1,-1,1,0,150,3761,0,28,0,9.8
5,0.8,-0.8,1.0,-1,1,0,0,171,0,1094,0,32,10.7
6,0.8,-0.8,1.0,-1,1,0,0,148,0,2121,0,28,11.3
8,0.8,-0.8,1.0,1,-1,1,0,186,4155,0,24,0,9.7
1,0.8,-0.8,1.0,1,-1,1,0,500,33502,1285,33,2,27.8
9,0.8,-0.8,1.0,1,-1,1,0,184,3669,0,24,0,12.1
7,0.8,-0.8,1.0,-1,1,0,0,141,0,600,0,29,17.3
1,0.8,-0.6,-0.9,1,-1,1,0,161,3392,0,32,0,12.5
0,0.8,-0.6,-0.9,1,-1,1,0,157,3309,0,34,0,18.2
3,0.8,-0.6,-0.9,-1,1,0,0,111,0,643,0,28,10.9
4,0.8,-0.6,-0.9,-1,1,0,0,206,0,849,0,20,12.4
2,0.8,-0.6,-0.9,-1,1,0,0,150,0,4770,0,36,18.8
6,0.8,-0.6,-0.9,-1,1,0,0,127,0,1379,0,28,10.7
7,0.8,-0.6,-0.9,1,-1,1,0,144,3109,0,36,0,13.3
8,0.8,-0.6,-0.9,-1,1,0,0,232,0,1904,0,24,11.8
5,0.8,-0.6,-0.9,1,-1,1,0,190,3677,0,36,0,22.5
0,0.8,-0.6,-0.7,-1,1,0,0,171,0,898,0,32,15.6
9,0.8,-0.6,-0.9,-1,1,0,0,299,0,1272,0,24,19.5
2,0.8,-0.6,-0.7,-1,1,0,0,154,0,1498,0,29,14.4
3,0.8,-0.6,-0.7,-1,1,0,0,157,0,666,0,29,13.1
4,0.8,-0.6,-0.7,-1,1,0,0,151,0,659,0,20,8.1
1,0.8,-0.6,-0.7,-1,1,0,0,191,0,1641,0,32,23.0
7,0.8,-0.6,-0.7,1,-1,1,0,133,3152,0,32,0,8.4
5,0.8,-0.6,-0.7,1,-1,1,0,195,3372,0,36,0,20.7
9,0.8,-0.6,-0.7,-1,1,0,0,119,0,665,0,36,10.8
6,0.8,-0.6,-0.7,1,-1,1,0,226,2726,0,28,0,22.6
2,0.8,-0.6,-0.5,1,-1,1,0,163,2378,0,27,0,10.8
3,0.8,-0.6,-0.5,1,-1,1,0,164,5294,0,32,0,8.2
1,0.8,-0.6,-0.5,-1,1,0,0,147,0,1566,0,32,13.5
4,0.8,-0.6,-0.5,1,-1,1,0,145,3664,0,20,0,8.4
0,0.8,-0.6,-0.5,1,-1,1,0,319,2389,0,28,0,27.4
6,0.8,-0.6,-0.5,1,-1,1,0,167,1524,0,24,0,8.7
8,0.8,-0.6,-0.5,-1,1,0,0,149,0,290,0,19,7.6
9,0.8,-0.6,-0.5,1,-1,1,0,131,2569,0,28,0,9.2
7,0.8,-0.6,-0.5,-1,1,0,0,141,0,2719,0,32,15.8
0,0.8,-0.6,-0.3,1,-1,1,0,170,4917,0,32,0,10.2
5,0.8,-0.6,-0.5,-1,1,0,0,242,0,2611,0,28,28.9
