number,value,datetime_start,datetime_complete,duration,params_ours_area_inv,params_ours_late_aggression,params_ours_mean_dist_all,params_ours_n_cross,params_ours_prod,params_ours_ships,params_ours_wnn_close_res,params_tgt_area_inv,params_tgt_late_aggression,params_tgt_mean_dist_all,params_tgt_n_cross,params_tgt_prod,params_tgt_ships,params_tgt_wnn_close_res,user_attrs_mean_rank,user_attrs_median_rank,user_attrs_top1,user_attrs_top10,user_attrs_top3,user_attrs_top5,user_attrs_total_attack,user_attrs_total_reinforce,state
0,0.2653061224489796,2026-05-20 21:51:56.773725,2026-05-20 21:51:58.554862,0 days 00:00:01.781137,-0.3763796434579125,-1.3257491634954017,0.6959818254342153,-1.0320164389913922,0.2959754525911098,-1.0319440786726903,1.3521429192297485,1.0985284373248057,-0.8629826679651715,0.6242177333881365,0.9973279224012652,-1.4382465171125927,1.409729556485983,0.3033450352296264,8.938775510204081,7.0,0.09183673469387756,0.6836734693877551,0.2653061224489796,0.37755102040816324,98,92,COMPLETE
1,0.1836734693877551,2026-05-20 21:51:58.555049,2026-05-20 21:52:00.329166,0 days 00:00:01.774117,-0.9545250983786981,0.3355586841671384,-0.5872732711213868,-0.6263125794058743,0.07426929489671352,-0.2041649440736527,-0.9497864704396985,-1.0815184180438746,0.042703315240834816,-0.4009144701189249,-0.9009786535249208,-0.13179004734889221,0.8555278841790408,-0.6235660543943455,11.36734693877551,9.0,0.07142857142857142,0.5408163265306123,0.1836734693877551,0.2857142857142857,98,92,COMPLETE
2,0.1326530612244898,2026-05-20 21:52:00.329325,2026-05-20 21:52:02.074108,0 days 00:00:01.744783,0.2772437065861274,1.396896099223678,0.3226345557043151,1.3466566117599998,-0.9884276289381254,-1.3048452210441615,-1.360648761840007,0.9251920443493834,-0.014469269666189444,-1.2069836579808484,-1.1338852954656635,0.5526990795364707,-0.1795425187811961,-0.5861586924798879,11.846938775510203,11.0,0.05102040816326531,0.45918367346938777,0.1326530612244898,0.19387755102040816,98,92,COMPLETE
3,0.2653061224489796,2026-05-20 21:52:02.074281,2026-05-20 21:52:03.817789,0 days 00:00:01.743508,-1.3968344366543448,0.14013083802983894,-0.7236600551999492,0.06020406353343244,0.4875668530619459,-0.5648667717317671,1.2279612062363463,-0.9454366334234189,1.2656227050693505,0.8253984700833437,0.2936999364332554,1.3184968246925672,1.1844820512829464,1.4087538832936757,8.357142857142858,6.0,0.12244897959183673,0.6530612244897959,0.2653061224489796,0.45918367346938777,98,92,COMPLETE
4,0.22448979591836735,2026-05-20 21:52:03.817949,2026-05-20 21:52:05.560102,0 days 00:00:01.742153,-1.2345224938442416,0.986212527455788,-1.3643181332683858,-0.6859529046783123,-0.524009007710207,-0.333968130931554,-0.9120514127425644,-0.42974001991923216,1.4606608098015519,0.1280882494747454,-1.2763480689606874,-1.077227325075712,0.906590942262119,-0.6571964709378577,11.020408163265307,9.0,0.061224489795918366,0.5714285714285714,0.22448979591836735,0.3469387755102041,98,92,COMPLETE
5,0.1836734693877551,2026-05-20 21:52:05.560257,2026-05-20 21:52:07.295886,0 days 00:00:01.735629,0.8167343078899723,0.8138110400578372,-1.4834336486291928,0.6870215041229619,0.9463842853645025,0.6205720315428513,-0.9038529553974828,-1.277866044797729,-1.3093249491419292,-1.1523928214246109,-0.5073059254420524,1.0893102776267805,0.36989438048267376,-0.42460281436718217,10.76530612244898,9.5,0.07142857142857142,0.5408163265306123,0.1836734693877551,0.29591836734693877,98,92,COMPLETE
6,0.3163265306122449,2026-05-20 21:52:07.296035,2026-05-20 21:52:09.028329,0 days 00:00:01.732294,-0.5670530348530134,-1.141217262185095,0.6888185350141922,-0.08335522451415212,0.41267241406563937,1.1616382277289796,-0.5244500339197589,0.639734361668985,-0.2173769449243511,0.1838315927084887,0.06819848814598217,0.812901539863683,-0.01861321090682777,0.7823551458506923,8.244897959183673,7.0,0.14285714285714285,0.6836734693877551,0.3163265306122449,0.4489795918367347,98,92,COMPLETE
7,0.23469387755102042,2026-05-20 21:52:09.028488,2026-05-20 21:52:10.770585,0 days 00:00:01.742097,-1.4237426197677143,1.222699421778279,-1.4057124429397971,0.025712073494108312,0.4092312337913412,-0.55693205677102,-1.1763257190200866,-0.7521233125533752,-1.0163361382379867,0.766653415629146,-0.6307456412586959,-0.8136055035251326,-1.269060270513621,-0.2688512308931108,9.806122448979592,8.0,0.10204081632653061,0.6122448979591837,0.23469387755102042,0.3469387755102041,98,92,COMPLETE
8,0.23469387755102042,2026-05-20 21:52:10.770741,2026-05-20 21:52:12.511088,0 days 00:00:01.740347,1.2890929570277192,1.1776769954699333,0.4002112695312704,-0.9402898233418925,1.1143817705631531,0.9110162306973434,0.9243611386932509,0.11802672574695217,-0.21867663412123106,1.1882738997704796,-0.816194512374175,-0.5459895750844084,-1.1698442264169697,0.9223204654921876,8.744897959183673,7.0,0.061224489795918366,0.673469387755102,0.23469387755102042,0.3877551020408163,98,92,COMPLETE
9,0.22448979591836735,2026-05-20 21:52:12.511233,2026-05-20 21:52:14.248706,0 days 00:00:01.737473,0.9540442977674793,-1.1404038979989517,-1.479143608406428,-0.8336765685878093,0.032241907732697195,-0.24776699055366302,1.0821917497690303,-0.48715448578911613,1.415346248162882,-0.5303912039377343,-0.40911119286211806,0.056371865230098295,0.6090568766855335,1.3287291117375575,9.795918367346939,9.5,0.07142857142857142,0.5612244897959183,0.22448979591836735,0.35714285714285715,98,92,COMPLETE
10,0.1836734693877551,2026-05-20 21:52:14.248880,2026-05-20 21:52:15.987778,0 days 00:00:01.738898,1.3873418848263337,0.32869300193969053,-0.008254482322843648,-1.3893391579364016,-0.597365070549691,-0.6454785168675972,-0.7446531125239075,0.008037069686584464,-0.031641719167310955,-0.6640606072901657,-1.0653153837263307,1.224797657899961,-0.7813143279990827,-1.3455637462500318,10.948979591836734,10.0,0.061224489795918366,0.5102040816326531,0.1836734693877551,0.25510204081632654,98,92,COMPLETE
11,0.11224489795918367,2026-05-20 21:52:15.987929,2026-05-20 21:52:17.722981,0 days 00:00:01.735052,1.456951362331802,-0.3966506018422403,0.5164066422176357,0.6846490458355787,0.7848588459861527,-0.787087368022801,-0.7738341854654988,0.39691749178073843,-0.9404444688004373,0.10732405222427543,-0.5376598050847925,-1.229130689836775,1.0059074867677138,0.4005891322826841,10.53061224489796,9.0,0.030612244897959183,0.5918367346938775,0.11224489795918367,0.2653061224489796,98,92,COMPLETE
12,0.2653061224489796,2026-05-20 21:52:17.723131,2026-05-20 21:52:19.460161,0 days 00:00:01.737030,-1.3776745753357083,0.4355183712283496,0.5326930855268472,-0.8205126744061861,-1.4502365132164314,0.036279174897842936,0.27267882956472544,-0.9769007129850257,-1.1595794362782328,-0.3397939610983878,-0.47680094684922447,1.3101899662102037,-1.0874371675620202,0.5728132143073978,9.63265306122449,8.5,0.08163265306122448,0.6122448979591837,0.2653061224489796,0.336734693877551,98,92,COMPLETE
13,0.24489795918367346,2026-05-20 21:52:19.460304,2026-05-20 21:52:21.204619,0 days 00:00:01.744315,1.2740808548356883,0.08895173506801946,-0.7261751168545332,0.165602434798387,0.4799521381025371,0.9516666006036475,1.132018060142943,-0.774443127298645,-0.45237127616201733,1.1916472738599801,-0.48291062685389796,1.2012541714899914,0.3993043718198038,-1.2206916965823025,9.63265306122449,9.0,0.12244897959183673,0.5816326530612245,0.24489795918367346,0.32653061224489793,98,92,COMPLETE
14,0.14285714285714285,2026-05-20 21:52:21.204772,2026-05-20 21:52:22.967090,0 days 00:00:01.762318,0.6778670366107181,-1.0151138577161587,1.161259272795352,-1.2475801050148534,0.8396266375728716,0.4260949384628633,1.1913307798577313,1.1956625655812378,-1.017575845747504,-1.472408845150111,-1.484815248461344,-1.1955853714019038,0.4905053073241674,0.3192871789787698,11.510204081632653,9.5,0.030612244897959183,0.5306122448979592,0.14285714285714285,0.25510204081632654,98,92,COMPLETE
15,0.2755102040816326,2026-05-20 21:52:22.967246,2026-05-20 21:52:24.704772,0 days 00:00:01.737526,0.14620136809975837,-0.5238009055221968,0.4558837785078016,-0.7882527375095998,-0.8271920716183206,0.6365376640426076,0.5756855930780798,0.7394742153540724,-0.39685259082169944,1.0476702314825337,-1.2189756965157226,0.4728386769010301,0.20492581000641485,0.448898697141644,8.86734693877551,8.0,0.09183673469387756,0.6326530612244898,0.2755102040816326,0.40816326530612246,98,92,COMPLETE
16,0.14285714285714285,2026-05-20 21:52:24.704918,2026-05-20 21:52:26.441587,0 days 00:00:01.736669,-0.7043928969548237,0.8844339106249453,1.4190316642573366,0.3934158779917887,-0.3207068259997188,1.1761396655313399,-0.7680310698627493,0.007911279315576336,-1.4270521007056385,-0.0224469185434083,-0.6576829126774326,-0.9142710366058665,0.667356345784516,0.23071165387907733,10.908163265306122,9.0,0.030612244897959183,0.5612244897959183,0.14285714285714285,0.2755102040816326,98,92,COMPLETE
17,0.2755102040816326,2026-05-20 21:52:26.441746,2026-05-20 21:52:28.179991,0 days 00:00:01.738245,0.43641688772150344,-1.4536301504133977,1.3213757530587429,-0.3895238992336668,1.3617857310077621,1.2445931706613456,-0.9686679617788532,1.2849556877631763,-0.3447068141942242,1.3999644571310088,-0.6166533237912429,1.3908599312677585,1.0590283664020803,-0.21544755504805702,8.459183673469388,8.0,0.12244897959183673,0.6632653061224489,0.2755102040816326,0.40816326530612246,98,92,COMPLETE
18,0.30612244897959184,2026-05-20 21:52:28.180136,2026-05-20 21:52:29.917009,0 days 00:00:01.736873,1.0534100145505707,0.2101835102680949,-0.9915217599417225,0.588089390024919,0.17040378737505046,1.308464322482343,-0.549233984531167,-1.2084705186876943,0.7223058532626133,1.4701615503127898,1.1321192157838662,-1.0797479542904278,0.05498895709121021,0.3450216800975092,7.8061224489795915,6.0,0.10204081632653061,0.7653061224489796,0.30612244897959184,0.4489795918367347,98,92,COMPLETE
19,0.2857142857142857,2026-05-20 21:52:29.917150,2026-05-20 21:52:31.647665,0 days 00:00:01.730515,0.5910472229858039,1.101216955740311,-0.4215265463407345,0.9303401840375423,-0.6192244672065199,0.9280834664355408,0.6074522519613278,1.239721657669414,0.8873780083083032,0.004548884061598812,0.60590063177311,0.8948855369003255,0.44989179233329546,0.03402719658281339,8.346938775510203,7.0,0.1326530612244898,0.673469387755102,0.2857142857142857,0.40816326530612246,98,92,COMPLETE
20,0.37755102040816324,2026-05-20 21:52:31.647807,2026-05-20 21:52:33.394808,0 days 00:00:01.747001,-0.18103705772788414,-0.3003724630773975,-0.007923077682974783,-0.3280587210096834,-0.18179700924508724,1.4507981233144753,-0.22011067052545313,0.4582579453784359,0.5795039959647207,0.4311382098714701,1.3619327399663246,-0.2133538119455467,-0.2783247900585089,0.8508888634470504,7.836734693877551,5.5,0.14285714285714285,0.673469387755102,0.37755102040816324,0.5,98,92,COMPLETE
21,0.3673469387755102,2026-05-20 21:52:33.394958,2026-05-20 21:52:35.139200,0 days 00:00:01.744242,-0.2441413245040862,-0.376080146770283,0.9046049708123373,-0.3372173878081174,-0.16991787928675342,1.4139373314970323,-0.29838643960955386,0.5686098033619266,0.5215924468215063,0.4580436006749428,1.429258357765176,-0.39649114894579385,-0.26140780206345643,0.8949392388295417,7.908163265306122,6.0,0.14285714285714285,0.6836734693877551,0.3673469387755102,0.47959183673469385,98,92,COMPLETE
22,0.3469387755102041,2026-05-20 21:52:35.139347,2026-05-20 21:52:36.888338,0 days 00:00:01.748991,-0.20999222407720985,-0.42759386049118586,0.8997676509051351,-0.2614428646986914,-0.24922617501749839,1.3847517107252714,-0.2799530811376804,0.5565138243868027,0.45368379312689755,0.3620466297680405,1.4986314216511094,-0.15396442146686526,-0.3185563530906583,1.1237987856673408,7.8979591836734695,6.0,0.11224489795918367,0.6836734693877551,0.3469387755102041,0.46938775510204084,98,92,COMPLETE
23,0.336734693877551,2026-05-20 21:52:36.888487,2026-05-20 21:52:38.637826,0 days 00:00:01.749339,-0.16465590054944068,-0.33518797629821,-0.016665640841505583,-0.3584964026376159,-0.23185734665527236,1.4963334220320166,-0.09383214164180884,0.423939795255838,0.41840539881263294,0.4710596731984172,1.4593563760740305,0.005268618894952393,-0.4042196777913778,1.0507542351410482,7.663265306122449,6.0,0.1326530612244898,0.7142857142857143,0.336734693877551,0.47959183673469385,98,92,COMPLETE
24,0.3673469387755102,2026-05-20 21:52:38.637984,2026-05-20 21:52:40.384600,0 days 00:00:01.746616,-0.12098615477039558,-0.7187275626110178,1.0216115751849357,-0.3153074653670817,-0.2081755768650195,1.4872024929895964,-0.1568871266088634,0.29892253325887264,0.4337608319421084,0.4072831697871845,1.4976666645243313,-0.366766826125243,-0.5448712675692936,1.1608134863439163,7.826530612244898,6.0,0.12244897959183673,0.6632653061224489,0.3673469387755102,0.47959183673469385,98,92,COMPLETE
25,0.37755102040816324,2026-05-20 21:52:40.384758,2026-05-20 21:52:42.134306,0 days 00:00:01.749548,-0.14691670222310127,-0.7657483981713453,0.9882295985484508,-0.42988809087578705,-1.0669198318604003,0.22861114179559022,0.12657963740665767,0.24018849713437326,0.3545518119397544,0.3490921832051967,1.1353062546614476,-0.498987048965789,-0.6526525875276932,0.7294252949719278,7.959183673469388,5.0,0.1326530612244898,0.6632653061224489,0.37755102040816324,0.5204081632653061,98,92,COMPLETE
26,0.3673469387755102,2026-05-20 21:52:42.134457,2026-05-20 21:52:43.882167,0 days 00:00:01.747710,0.1309179323992235,-0.12765828841018367,-0.2252294909549233,-0.4997997807729049,-1.404563997174047,0.3230973963372554,0.12121393012739509,-0.3045640346367491,0.7666735092583149,-0.22301211517965575,1.0982416776143749,-0.5381460020086439,-0.7739673967735244,0.6469386507523892,8.561224489795919,6.0,0.09183673469387756,0.6326530612244898,0.3673469387755102,0.47959183673469385,98,92,COMPLETE
27,0.3469387755102041,2026-05-20 21:52:43.882314,2026-05-20 21:52:45.634215,0 days 00:00:01.751901,-0.45892843858649623,-0.8381955197958791,0.2135109988329745,0.34307326873034905,-1.1341367975697976,0.1395446623568426,0.3895626929260778,-0.20027907720482152,1.0377230775725699,0.9071494176342049,0.7767590812840761,0.23524015025979278,-0.7082240687043974,0.8522598323200649,7.510204081632653,6.0,0.17346938775510204,0.7448979591836735,0.3469387755102041,0.47959183673469385,98,92,COMPLETE
28,0.3163265306122449,2026-05-20 21:52:45.634379,2026-05-20 21:52:47.385737,0 days 00:00:01.751358,-0.6795042979015884,-0.669844472962554,0.8614485489971878,-0.16685717261537833,-1.093634150190036,0.5819137261386159,-0.3719165543400756,0.8931472124298421,0.2274048592401511,0.5935460778930187,1.2209456264706602,-0.4015959771714348,-1.4741678109524903,1.4978804312513172,8.071428571428571,6.0,0.09183673469387756,0.6836734693877551,0.3163265306122449,0.4489795918367347,98,92,COMPLETE
29,0.32653061224489793,2026-05-20 21:52:47.385898,2026-05-20 21:52:49.139625,0 days 00:00:01.753727,-0.35191175258770113,-0.15257927389189108,1.1305440902794324,-1.1901482438186521,-0.8065738318935916,-1.1409984761960164,1.4982404822630557,1.4486768747007757,0.574766541075612,0.6976546956883399,0.8374653154327382,-1.4723427230107107,-0.9497387543461884,0.08114908959962414,9.061224489795919,8.0,0.09183673469387756,0.6224489795918368,0.32653061224489793,0.4489795918367347,98,92,COMPLETE
30,0.30612244897959184,2026-05-20 21:52:49.139788,2026-05-20 21:52:50.929489,0 days 00:00:01.789701,-1.0457805003773952,-0.1570043081584618,0.1409999757889235,-0.5323776710961391,-1.2574582224089665,0.8666887996131831,0.21332803209709778,0.13919465253923285,0.22224446596253233,0.29513844589397775,0.38443059425701287,-0.6250007247217617,-0.15962316831734652,0.6929995692820468,8.448979591836734,7.0,0.10204081632653061,0.673469387755102,0.30612244897959184,0.45918367346938777,98,92,COMPLETE
31,0.3469387755102041,2026-05-20 21:52:50.929660,2026-05-20 21:52:52.809601,0 days 00:00:01.879941,-0.11491462960242621,-0.740933872768373,0.9984527991923164,-0.2247687594618078,-0.11483624576055722,1.4804891515226106,-0.08853053290893767,0.3284804106224861,1.0361443532727825,0.44107718792298267,1.3023660977958893,-0.34152315850660225,-0.49873033002074985,1.2229281815936404,7.948979591836735,6.0,0.12244897959183673,0.673469387755102,0.3469387755102041,0.4387755102040816,98,92,COMPLETE
32,0.35714285714285715,2026-05-20 21:52:52.809855,2026-05-20 21:52:54.610543,0 days 00:00:01.800688,-0.0010988022548474835,-0.8811725185724437,0.7276298125364342,-0.4365947599608994,-0.48310828277867635,1.0616330477188334,-0.29925664131217417,0.3396593217705649,0.28385486221184986,0.5129249364557206,0.9269559186684102,-0.2558820551414077,-0.5241978364714365,1.0253960987369288,7.887755102040816,6.0,0.12244897959183673,0.6836734693877551,0.35714285714285715,0.4489795918367347,98,92,COMPLETE
33,0.3673469387755102,2026-05-20 21:52:54.610697,2026-05-20 21:52:56.448034,0 days 00:00:01.837337,-0.2900472022810376,-0.5025389779988565,1.2350760613290237,-0.620904643276688,0.15478184177573942,0.8099978134304071,0.012551238307749124,0.8219234617504607,0.5875825916732629,0.2714140514147566,1.2791666813927407,-0.7501031307499962,-0.6525012532721104,1.2589801183341611,8.418367346938776,6.0,0.08163265306122448,0.673469387755102,0.3673469387755102,0.4489795918367347,98,92,COMPLETE
34,0.3469387755102041,2026-05-20 21:52:56.448190,2026-05-20 21:52:58.218554,0 days 00:00:01.770364,0.3644227012512004,-0.28123643526799946,1.4769838503509773,-1.0462882660989075,-0.06807065362382364,-1.4298373920988912,-0.222451028344491,1.0377642071373108,-0.702770984724524,-0.0798725887801251,1.3464452311315496,0.22987252737325625,-0.27563621692557544,0.8987795383858165,8.33673469387755,7.0,0.12244897959183673,0.6632653061224489,0.3469387755102041,0.4387755102040816,98,92,COMPLETE
35,0.2857142857142857,2026-05-20 21:52:58.218704,2026-05-20 21:53:00.038957,0 days 00:00:01.820253,-0.8630256518668643,-0.6127807896991697,0.688015777348354,0.12994644718400344,-0.8359661101089373,1.3212344873978732,-0.4912732148052793,0.20672128036078238,0.10487680014465117,0.6556583155190334,0.5964328210407023,-0.17032219356065917,1.4758693960897444,0.5297901782128421,8.408163265306122,8.0,0.08163265306122448,0.6428571428571429,0.2857142857142857,0.42857142857142855,98,92,COMPLETE
36,0.336734693877551,2026-05-20 21:53:00.039116,2026-05-20 21:53:01.787045,0 days 00:00:01.747929,0.11531685199284647,0.6235392759022743,0.9987030775715302,-0.02937119060817972,-0.4002325145182457,1.0890465723528304,0.39160033378158926,0.5645839280951821,0.44881314883173423,-0.17245275825401046,1.0419183476559546,-0.46441541523344837,-0.1747847280429433,1.1407986582714627,8.73469387755102,6.5,0.12244897959183673,0.6428571428571429,0.336734693877551,0.45918367346938777,98,92,COMPLETE
37,0.336734693877551,2026-05-20 21:53:01.787188,2026-05-20 21:53:03.546402,0 days 00:00:01.759214,-0.4745008306381353,-0.9829518543361919,-0.24772505647972148,-0.6458950731818367,0.6582715738218654,1.4959227976778582,-0.030971713035800708,0.6451774020225418,1.0469114314445969,0.9522982187987872,1.4455621894391444,-0.6968052500000315,0.05242687907053911,1.392377465333596,7.908163265306122,6.0,0.12244897959183673,0.7040816326530612,0.336734693877551,0.45918367346938777,98,92,COMPLETE
38,0.336734693877551,2026-05-20 21:53:03.546555,2026-05-20 21:53:05.296034,0 days 00:00:01.749479,-0.025345095121202546,-1.2325974858043824,0.2494060467904633,0.2502520596785931,0.20003709017334764,0.7333615442036359,0.1105057818207636,-0.17629099874759419,-0.003181239173244088,0.2239712173371634,0.7084711164352953,0.16199267908101722,-0.9369142945492017,0.7470558652877732,7.6938775510204085,5.5,0.1326530612244898,0.7244897959183674,0.336734693877551,0.5,98,92,COMPLETE
39,0.32653061224489793,2026-05-20 21:53:05.296179,2026-05-20 21:53:07.046729,0 days 00:00:01.750550,0.2666701117214149,-0.041363536910857146,0.7510892563458391,-0.13041847403724402,-0.681525370147587,0.27326251256588563,0.7158382044348456,0.5013593458397811,0.7958167849488238,0.5664990672273054,-0.2148587322622233,0.4641818753853194,-0.5548076692230886,1.006436032852124,8.183673469387756,7.0,0.12244897959183673,0.6836734693877551,0.32653061224489793,0.4387755102040816,98,92,COMPLETE
40,0.30612244897959184,2026-05-20 21:53:07.046902,2026-05-20 21:53:08.809830,0 days 00:00:01.762928,-0.5981176669271446,-0.7921570569036391,-0.2044681327389566,1.3301385449566736,-0.16737771221557135,-0.12687769944421595,-0.4269510940763157,0.22555340557417242,0.6322298438186343,-0.7839557282582403,0.9864892795573694,-0.9014723915687164,0.20303789592271987,0.7952048808672325,9.306122448979592,8.0,0.07142857142857142,0.6122448979591837,0.30612244897959184,0.40816326530612246,98,92,COMPLETE
41,0.35714285714285715,2026-05-20 21:53:08.809973,2026-05-20 21:53:10.565804,0 days 00:00:01.755831,0.1173002871399218,-0.21221834290707486,-0.40742763860052333,-0.4725628837543947,-1.4733963324841537,0.35395178027280205,-0.15269220965268704,-0.18499579998020244,0.8851805125681513,-0.3899034820315768,1.098062777363078,-0.5068237930346765,-0.9115777768285809,0.6717450284555426,8.693877551020408,7.0,0.07142857142857142,0.6530612244897959,0.35714285714285715,0.45918367346938777,98,92,COMPLETE
42,0.35714285714285715,2026-05-20 21:53:10.565959,2026-05-20 21:53:12.346443,0 days 00:00:01.780484,-0.2948300691975847,-0.01817273977810341,0.03932654337133195,-0.2988182683861862,-1.1701111905651815,0.204549221097799,0.11695405028749456,-0.528768430658933,0.42368754082138904,0.7843947147008317,1.188446752625957,-0.3409294483940193,-0.7470609534423486,0.5767545392925912,7.530612244897959,6.0,0.14285714285714285,0.6938775510204082,0.35714285714285715,0.4897959183673469,98,92,COMPLETE
43,0.29591836734693877,2026-05-20 21:53:12.346598,2026-05-20 21:53:14.103187,0 days 00:00:01.756589,-0.042263530849650344,-0.5830691116763018,-0.8309558613909475,-0.5607280871643974,0.3419814783405669,-0.4622232400056122,-0.6254952578771286,-0.3388262818452086,1.3069056503449363,-0.2700993071385866,1.275530885905056,-0.054910506090362604,-0.39104246088329564,-0.862795497026743,9.63265306122449,7.5,0.08163265306122448,0.6326530612244898,0.29591836734693877,0.3877551020408163,98,92,COMPLETE
44,0.3673469387755102,2026-05-20 21:53:14.103350,2026-05-20 21:53:15.860132,0 days 00:00:01.756782,0.2219724335485182,-0.4138374302234024,-0.18605555356104492,-0.7283169647404086,-1.3130796783763057,-0.05516602579223745,0.3715450432300726,-0.040238762421903496,0.3095143508805426,0.08634247651716231,0.9329690448496876,-0.6059928749487677,-0.07942627605104452,0.9368391045984503,8.39795918367347,6.5,0.08163265306122448,0.6836734693877551,0.3673469387755102,0.46938775510204084,98,92,COMPLETE
45,0.19387755102040816,2026-05-20 21:53:15.860274,2026-05-20 21:53:17.608746,0 days 00:00:01.748472,0.4125586839753488,0.21287014136849097,0.6078223868022355,-0.04111177323381637,-0.9805611376808734,0.48194478276603425,0.06048093141480469,0.7084918681465672,0.11755052530517326,-0.5500204137950192,0.3703655894547757,-0.27717212703891453,-0.5838165194690355,0.14890269888490282,9.73469387755102,8.0,0.05102040816326531,0.6122448979591837,0.19387755102040816,0.41836734693877553,98,92,COMPLETE
46,0.37755102040816324,2026-05-20 21:53:17.608903,2026-05-20 21:53:19.360961,0 days 00:00:01.752058,-0.42228152615195186,-0.9625725560810104,-0.5022823590678925,-0.9721803422518827,0.024353923020244306,-0.8134492385767853,0.23166778472617866,0.278004449919713,0.6867024182645428,0.4227237007214237,1.380199192747216,-0.9160025638913181,-1.0626295800473953,1.2605733653572404,8.13265306122449,5.5,0.12244897959183673,0.6632653061224489,0.37755102040816324,0.5,98,92,COMPLETE
47,0.37755102040816324,2026-05-20 21:53:19.361116,2026-05-20 21:53:21.114289,0 days 00:00:01.753173,-0.8324739483137256,-1.0288102707373823,-1.1150705283114912,-0.895841841809675,0.02529828306281,-0.9057312112509475,0.2922960835084403,0.2688706728831006,-0.16108736344846342,0.39852897381121133,1.3705177650389135,-0.8604793567722271,-1.2027930844059063,1.257168477522559,8.13265306122449,5.0,0.12244897959183673,0.673469387755102,0.37755102040816324,0.5102040816326531,98,92,COMPLETE
48,0.32653061224489793,2026-05-20 21:53:21.114430,2026-05-20 21:53:22.880618,0 days 00:00:01.766188,-1.0613636452999253,-1.0958401115599279,-0.4435134722210564,-0.9825399622440357,0.5688231697474008,-0.9592965264907787,0.9522827377914319,0.9990911329493445,-0.08653231603363604,0.12247821766082728,1.3461255525402718,-1.326768868448734,-1.245080577741619,1.4871803016661553,8.693877551020408,6.5,0.07142857142857142,0.6632653061224489,0.32653061224489793,0.4489795918367347,98,92,COMPLETE
49,0.25510204081632654,2026-05-20 21:53:22.880779,2026-05-20 21:53:24.642543,0 days 00:00:01.761764,-0.8332548800329547,-1.3729567668295193,-1.1548548691237552,-1.4207974072149776,-0.0010060642506660757,-0.7887511984101021,0.5384995646136559,0.05074032428584252,-0.5554501077161395,0.3051005549728106,0.12850234322149645,-0.9598586076188378,-1.0714948842128065,1.3237586224422637,8.918367346938776,7.0,0.05102040816326531,0.6428571428571429,0.25510204081632654,0.37755102040816324,98,92,COMPLETE
50,0.30612244897959184,2026-05-20 21:53:24.642688,2026-05-20 21:53:26.396241,0 days 00:00:01.753553,-0.4221824119998352,-1.230098711344812,-1.3020889459975962,-1.1107198925279407,0.09829548139330295,-1.0611561370778986,0.25848871822192065,0.45764426742490993,-0.184385597556046,1.080797175607919,1.348580377216966,-1.0559469483585042,-1.3763921793644633,1.2714568529576904,8.13265306122449,6.0,0.14285714285714285,0.6938775510204082,0.30612244897959184,0.47959183673469385,98,92,COMPLETE
51,0.3877551020408163,2026-05-20 21:53:26.396383,2026-05-20 21:53:28.154830,0 days 00:00:01.758447,-0.5676304986084446,-0.8721972173818683,-0.5970193203446225,-0.9163044845687252,0.2809625268121567,-0.833529316582932,-0.1912738820911526,0.2686010165307742,0.5285354390816033,0.4470696455423129,1.4434268234698675,-0.8102580916155904,-1.0928959672163128,1.1628850692449095,8.10204081632653,5.5,0.10204081632653061,0.6428571428571429,0.3877551020408163,0.5,98,92,COMPLETE
52,0.32653061224489793,2026-05-20 21:53:28.154993,2026-05-20 21:53:29.934216,0 days 00:00:01.779223,-0.759553660679021,-0.9382820552686504,-0.9138579985426463,-0.9168305422785813,0.2672112819903594,-0.7821770076705642,-0.36416584229547594,0.20857301513018017,0.6609696476248941,0.7535623279060069,1.1578709752126768,-0.8075158519024117,-1.0644379283794736,1.0289604168661242,8.051020408163266,6.0,0.14285714285714285,0.6836734693877551,0.32653061224489793,0.47959183673469385,98,92,COMPLETE
53,0.336734693877551,2026-05-20 21:53:29.934365,2026-05-20 21:53:31.696896,0 days 00:00:01.762531,-0.5771210728209393,-1.0938111763604208,-0.6341224306434898,-0.8559416073289183,-0.031209910807336014,-1.1993289946340095,-0.6518627808363053,-1.4645526048236477,0.9145656824726174,0.5660818756837644,1.3904083172592059,-1.1428849644091537,-1.1937195094449513,1.3588302811937722,7.979591836734694,5.0,0.11224489795918367,0.6632653061224489,0.336734693877551,0.5102040816326531,98,92,COMPLETE
54,0.3979591836734694,2026-05-20 21:53:31.697039,2026-05-20 21:53:33.461485,0 days 00:00:01.764446,-1.2094043864407777,-0.8832515979235738,-1.1077915392369972,-1.3113757966719306,-0.37007876345322893,-0.2965796168148973,0.20479458025679628,0.10140997109219366,0.534157545094521,0.15987200839246252,1.1654241986188656,-0.7072448841457895,-0.9641915706919271,0.879744591629284,8.23469387755102,5.5,0.10204081632653061,0.6428571428571429,0.3979591836734694,0.5,98,92,COMPLETE
55,0.336734693877551,2026-05-20 21:53:33.461628,2026-05-20 21:53:35.233476,0 days 00:00:01.771848,-0.9251287284014611,1.4960624128947613,-1.0809308444753176,-1.3982616649546213,-0.39900261050111874,-0.43670124590799514,-1.4809691826220548,-0.025268325262492064,0.16034298850752404,0.2024947235155277,1.2229864311368068,-1.3152364298894188,-1.345411837635981,1.1444344135022761,8.653061224489797,6.0,0.08163265306122448,0.6632653061224489,0.336734693877551,0.46938775510204084,98,92,COMPLETE
56,0.3979591836734694,2026-05-20 21:53:35.233617,2026-05-20 21:53:36.983522,0 days 00:00:01.749905,-1.2531567845363831,-1.2513607504574382,-1.292170481307511,-1.2360151308998455,0.05411314172555158,-0.6327422534158682,0.7266945279760985,0.05286103721110355,0.3511161128990936,0.0025012131237312496,1.0833573290153957,-0.6826354449771452,-0.9104059768743828,0.7910808559667928,8.408163265306122,6.0,0.09183673469387756,0.6224489795918368,0.3979591836734694,0.46938775510204084,98,92,COMPLETE
57,0.3469387755102041,2026-05-20 21:53:36.983679,2026-05-20 21:53:38.740170,0 days 00:00:01.756491,-1.2357603501570127,-1.2326452831759178,-1.260571809042644,-1.256621054478582,0.38093102635364356,-0.32374984082484004,0.7286364234235821,0.09110986270983051,0.7290705087449334,-0.01028156572133023,0.8936959944848231,-0.690765458530147,-0.900795722149391,0.460204192989059,8.775510204081632,6.0,0.07142857142857142,0.6224489795918368,0.3469387755102041,0.46938775510204084,98,92,COMPLETE
58,0.3673469387755102,2026-05-20 21:53:38.740326,2026-05-20 21:53:40.499546,0 days 00:00:01.759220,-1.2899388927934545,-1.4992923126781146,-0.7322527662409731,-1.4892392122287443,-0.34573412833415085,-0.6513345681319309,0.49336579068996655,-0.10086437082084737,0.33576108962461476,-0.12377505220629306,1.0273332090830216,-0.9761519102610658,-1.0391768943207809,0.7914547239822572,8.86734693877551,6.5,0.07142857142857142,0.6326530612244898,0.3673469387755102,0.4387755102040816,98,92,COMPLETE
59,0.3163265306122449,2026-05-20 21:53:40.499703,2026-05-20 21:53:42.262072,0 days 00:00:01.762369,-1.4379361158423911,-1.3790746499791204,-0.5623994496246262,-1.1237452881415442,0.28261914002524713,-0.6201140353342844,0.9339279503975757,0.3699968335466868,0.4983397446898185,0.0667724591490088,0.6340118496435143,-0.7786366620732731,-0.8403693989209206,-0.27732178281712383,9.571428571428571,8.0,0.10204081632653061,0.6122448979591837,0.3163265306122449,0.3979591836734694,98,92,COMPLETE
60,0.3673469387755102,2026-05-20 21:53:42.262221,2026-05-20 21:53:44.036454,0 days 00:00:01.774233,-1.1234572923422206,-0.8821563710901742,-1.414813331782219,-1.2347945917147838,-0.5055476436763817,-0.48081419884784116,0.7666986869277014,0.12943871562561077,1.145314128334718,0.17360341295355589,1.0996688458961537,-0.6140814878886196,-1.486798944815167,0.9361095752328917,8.153061224489797,6.0,0.09183673469387756,0.6836734693877551,0.3673469387755102,0.46938775510204084,98,92,COMPLETE
61,0.35714285714285715,2026-05-20 21:53:44.036606,2026-05-20 21:53:45.795069,0 days 00:00:01.758463,-1.1156326690372542,-1.0401646100912472,-1.1551588792471421,-1.325972614580903,0.06334100909485571,-0.9596599901332401,0.22742320581845848,0.26367099644820735,-0.15147491535788107,0.33229669054883193,1.2139511611383402,-0.8547744269881573,-1.1900844939784854,1.0768179049065039,8.244897959183673,5.5,0.09183673469387756,0.673469387755102,0.35714285714285715,0.5,98,92,COMPLETE
62,0.32653061224489793,2026-05-20 21:53:45.795220,2026-05-20 21:53:47.557091,0 days 00:00:01.761871,-1.295940934041734,-1.1765260472029853,-0.9041879782838697,-1.0278258496350743,0.48340179622682966,-0.8196150858892085,0.3576632717800725,0.44321884056424365,0.051656320940920375,0.39922592105968974,1.3887165380287099,-1.0282980774919894,-1.3147367706551956,1.178755728273241,8.306122448979592,6.0,0.09183673469387756,0.673469387755102,0.32653061224489793,0.4897959183673469,98,92,COMPLETE
63,0.3673469387755102,2026-05-20 21:53:47.557240,2026-05-20 21:53:49.320338,0 days 00:00:01.763098,-1.0127939599080291,-0.957583420439424,-1.0382154142879407,-0.8551464161314468,-0.08885347364544254,-0.894610355174086,0.4713536788327438,0.15853206261028907,0.3410349055613406,0.6498672519067137,1.4942655206097972,-0.6954404326525191,-0.9996408407464563,0.9682287363673474,7.928571428571429,5.0,0.1326530612244898,0.673469387755102,0.3673469387755102,0.5204081632653061,98,92,COMPLETE
64,0.336734693877551,2026-05-20 21:53:49.320497,2026-05-20 21:53:51.091195,0 days 00:00:01.770698,-0.6918857178187436,-0.7778747622553381,-1.2407879399358905,-0.7450422442150717,0.048693049971164706,-0.6816168442096118,0.17090638585420992,-0.11835199891958953,-0.31345788442306666,0.5138426887611353,0.7912189498455587,-0.4833934432588807,-0.8317393390836972,0.8388549765176819,7.969387755102041,6.0,0.11224489795918367,0.7040816326530612,0.336734693877551,0.4897959183673469,98,92,COMPLETE
65,0.3469387755102041,2026-05-20 21:53:51.091352,2026-05-20 21:53:52.869351,0 days 00:00:01.777999,-0.5198239959941295,-1.3103440803711888,-1.47687146945252,-0.9263696109976731,0.22966847299933896,-0.2359335578566646,0.0011018040750986335,-0.2907397691386482,0.8254797213108722,0.896860676276178,0.9981924391521351,-0.8938233675639915,-1.1158811549034462,1.2576341663034294,7.908163265306122,6.0,0.11224489795918367,0.673469387755102,0.3469387755102041,0.46938775510204084,98,92,COMPLETE
66,0.3163265306122449,2026-05-20 21:53:52.869504,2026-05-20 21:53:54.644571,0 days 00:00:01.775067,-0.8023338362541701,-0.5174913292843314,-0.8180866002562242,-1.069459535517818,-0.2785879815793096,-1.2639257483440818,0.6375648599097037,0.3041548842749625,0.6794247636385572,0.36185734257727137,1.2626268259702345,-1.233546524764064,-1.1361559796898073,0.5497877091058703,8.846938775510203,7.0,0.11224489795918367,0.6326530612244898,0.3163265306122449,0.4489795918367347,98,92,COMPLETE
67,0.3979591836734694,2026-05-20 21:53:54.644727,2026-05-20 21:53:56.414042,0 days 00:00:01.769315,-1.4808754923171379,-0.6485620986066837,-0.5519273147780784,-1.166833990128662,0.11863748159575165,-0.3752707902071202,-0.19037919534404438,0.0512349793483929,0.5270279046577562,0.032590225548048524,1.1369329455799169,-0.589101201865297,-0.6433505730515896,0.7251128065944556,8.387755102040817,6.0,0.09183673469387756,0.6428571428571429,0.3979591836734694,0.47959183673469385,98,92,COMPLETE
68,0.3877551020408163,2026-05-20 21:53:56.414188,2026-05-20 21:53:58.227108,0 days 00:00:01.812920,-1.4877212962361295,-0.6801651410140779,-0.33512338291610694,-1.3400234447081767,0.6050871115846727,-0.37694143527485935,-0.16562385348319508,-0.6126698069650758,0.546446542999938,-0.05516978601709613,1.1417255505136055,-0.2530236242785297,-0.651889880347934,0.2099259817696426,8.285714285714286,6.0,0.10204081632653061,0.6428571428571429,0.3877551020408163,0.46938775510204084,98,92,COMPLETE
69,0.3163265306122449,2026-05-20 21:53:58.227281,2026-05-20 21:54:00.020667,0 days 00:00:01.793386,-1.4844369735447969,-0.6908679545774746,-0.3277700705148051,-1.3046376370610888,0.9765004497421974,-0.3471951404348109,-0.23709881992425486,-0.6218888148018265,0.5399819286370862,-0.039727140944114836,0.4930825212075377,-0.22304159830555403,-0.6574614441124049,0.25298209805186245,8.489795918367347,7.5,0.09183673469387756,0.6122448979591837,0.3163265306122449,0.45918367346938777,98,92,COMPLETE
70,0.336734693877551,2026-05-20 21:54:00.020820,2026-05-20 21:54:01.796494,0 days 00:00:01.775674,-1.3572672234637464,-0.2981908188855504,-0.32101710343268147,-1.1694149115445696,0.8097390913940564,-0.1706696197399131,-0.11822296910139388,-0.8368045996434745,0.20772188446678883,0.03407914529377623,0.8672412731773184,-0.07702254043259266,-0.41533748734005704,-0.05683260344305624,8.142857142857142,6.0,0.11224489795918367,0.6836734693877551,0.336734693877551,0.4489795918367347,98,92,COMPLETE
71,0.336734693877551,2026-05-20 21:54:01.796644,2026-05-20 21:54:03.633305,0 days 00:00:01.836661,-1.1999645430389008,-0.8523964651830707,-0.5801062208266824,-1.4807603589464442,0.6043277436162093,-0.0053287364470289145,-0.19608597506800982,0.07091867582374456,0.5681820642478941,0.21180015663908597,1.1469991041508503,-0.5660867809353456,-0.6922632233171455,0.640338439369522,8.214285714285714,5.0,0.09183673469387756,0.6530612244897959,0.336734693877551,0.5204081632653061,98,92,COMPLETE
72,0.37755102040816324,2026-05-20 21:54:03.633548,2026-05-20 21:54:05.409910,0 days 00:00:01.776362,-1.352613782903162,-0.6121188318559985,-0.13334456465465028,-1.3266265131263852,0.709506638014446,-0.5484768295293945,-0.058058400995517956,-0.04540144493322193,0.36366148573661233,-0.13460311010764658,1.0955480069877475,-0.43349237834404786,-0.8352649992004586,0.3958910333852734,8.448979591836734,5.5,0.07142857142857142,0.6530612244897959,0.37755102040816324,0.5,98,92,COMPLETE
73,0.3469387755102041,2026-05-20 21:54:05.410066,2026-05-20 21:54:07.191948,0 days 00:00:01.781882,-1.1709883972045592,-0.4761276283172197,-0.5007884424078558,-1.1843764191319182,0.43099394948768727,-0.3648798691025385,-0.35935341304650914,0.3963821469446097,0.9635554434887343,-0.2956787046172452,1.2804366890115388,-0.6705470374982263,-0.6008547416275332,0.4677563212725502,8.877551020408163,6.5,0.07142857142857142,0.6428571428571429,0.3469387755102041,0.46938775510204084,98,92,COMPLETE
74,0.35714285714285715,2026-05-20 21:54:07.192131,2026-05-20 21:54:09.056190,0 days 00:00:01.864059,-1.4905999544887483,-0.6376901916355854,-0.003702011593355481,-0.9821151061064548,0.10035972651320313,-0.7360894277858188,-0.472446037163039,0.5195511281732555,0.6425834281119899,0.11565227448187532,0.9561496634998894,-0.7577663691875931,-0.9828793022115891,0.7108765073331473,8.60204081632653,6.5,0.08163265306122448,0.6428571428571429,0.35714285714285715,0.45918367346938777,98,92,COMPLETE
75,0.29591836734693877,2026-05-20 21:54:09.056355,2026-05-20 21:54:10.916170,0 days 00:00:01.859815,-0.3634125738944951,-0.748223539620017,-0.07340576167689444,-1.3198476359635256,0.15296894280667017,-0.5502319955944303,0.05464655066157659,0.17115611727159047,0.48833080531041007,0.2623323021783383,-0.17347751957887336,0.04062713779327404,-0.42490898361338203,0.8429265221512738,8.081632653061224,7.0,0.08163265306122448,0.7244897959183674,0.29591836734693877,0.4489795918367347,98,92,COMPLETE
76,0.15306122448979592,2026-05-20 21:54:10.916338,2026-05-20 21:54:12.749412,0 days 00:00:01.833074,-0.19580761728288604,-0.9033472420681793,0.35947619518198026,-1.1386428668537265,0.5429897514342894,-0.292459651440146,1.3300672618065772,-0.3963918029140555,0.8170291961943534,-0.18233132308551322,-0.8466670060512211,-0.31675223179969747,-0.7788015255858163,-0.5190328800306379,11.346938775510203,9.5,0.061224489795918366,0.5408163265306123,0.15306122448979592,0.2653061224489796,98,92,COMPLETE
77,0.336734693877551,2026-05-20 21:54:12.749569,2026-05-20 21:54:14.555490,0 days 00:00:01.805921,-0.9402010770307225,-0.801156999191142,-0.6768336551186069,-0.7880637147251162,1.154644779192578,0.1044769110690465,-1.162768963269499,-1.001441181414231,0.38943989407504703,-0.06053148575443147,1.0469560555118238,-0.1664291536530404,-0.3354787759016489,1.0798621032058573,7.8979591836734695,6.5,0.1326530612244898,0.6836734693877551,0.336734693877551,0.41836734693877553,98,92,COMPLETE
78,0.35714285714285715,2026-05-20 21:54:14.555639,2026-05-20 21:54:16.337380,0 days 00:00:01.781741,-0.09403169665801869,-1.1468067634395553,-0.38025738936078235,-0.6290124698021505,-0.14816995431452962,-0.42547339413988683,-0.5859873866808936,-0.2397171808867954,0.2705856677588942,0.4924288346486534,1.4325663599648335,-0.476803903880628,-0.48796297468831984,-0.7866246968220758,8.816326530612244,7.0,0.1326530612244898,0.673469387755102,0.35714285714285715,0.3979591836734694,98,92,COMPLETE
79,0.336734693877551,2026-05-20 21:54:16.337530,2026-05-20 21:54:18.121312,0 days 00:00:01.783782,-1.3963922193445386,-1.0218914346389747,0.09698099724889908,-1.4127817489423038,-0.7042715444059119,-0.09889312139342343,-0.295484876722564,0.04002563616111143,0.7261997515551097,0.1651169877072169,0.7444696900514822,-0.5552465874467922,-0.8638511948218981,-0.044936566168455705,8.96938775510204,7.5,0.11224489795918367,0.6326530612244898,0.336734693877551,0.3877551020408163,98,92,COMPLETE
80,0.16326530612244897,2026-05-20 21:54:18.121469,2026-05-20 21:54:19.895900,0 days 00:00:01.774431,-1.2837289309208197,-0.582004674846295,-0.5147336917897345,-1.2603901359824288,0.32432156753062347,-0.2333606143088669,0.8341735932137762,0.7177645406735924,0.5715291923550295,-0.5219882718495452,-1.0456818163056592,-0.41095859563600035,-0.7335337260761856,0.736016971482972,10.704081632653061,10.0,0.07142857142857142,0.5510204081632653,0.16326530612244897,0.25510204081632654,98,92,COMPLETE
81,0.35714285714285715,2026-05-20 21:54:19.896045,2026-05-20 21:54:21.678182,0 days 00:00:01.782137,-0.39670516546800166,-1.0816640134903064,-0.7328566274658231,-1.0684835512238735,-0.04095665703709206,-0.8643798216334524,0.27661035769801834,0.2602990721948944,0.49218998620788823,0.4068702263689699,1.3346773181069154,-0.813722247097924,-0.9607994936394473,1.4391379609277015,8.214285714285714,6.0,0.09183673469387756,0.673469387755102,0.35714285714285715,0.4897959183673469,98,92,COMPLETE
82,0.336734693877551,2026-05-20 21:54:21.678330,2026-05-20 21:54:23.459009,0 days 00:00:01.780679,-0.26254764956897825,-0.9753674649741324,-0.9505460813792131,-0.9105988291556915,0.15455364052335874,-0.7191792889316666,0.16146179075078304,0.608295593562061,0.6289373499192789,0.306351946542488,1.2069086617559397,-0.9226519771988069,-1.2098682773598357,0.9027699336969527,8.479591836734693,6.0,0.09183673469387756,0.6428571428571429,0.336734693877551,0.46938775510204084,98,92,COMPLETE
83,0.3469387755102041,2026-05-20 21:54:23.459159,2026-05-20 21:54:25.234764,0 days 00:00:01.775605,-0.6054434819227578,-0.709184310450059,-0.8388724642466987,-0.6974972492412004,0.03478230909325393,-1.0664131344818002,0.31753663155317047,0.3457308328207299,0.040910569969180854,0.6952035328387856,1.4019729030791397,-0.6323076732880423,-1.385127024281132,0.6134736412031077,8.142857142857142,5.5,0.11224489795918367,0.6938775510204082,0.3469387755102041,0.5,98,92,COMPLETE
84,0.3469387755102041,2026-05-20 21:54:25.234930,2026-05-20 21:54:27.015175,0 days 00:00:01.780245,-0.5187039775982918,-0.8236863717182006,-1.3112059462350067,-1.0093903913627438,-0.2435220935854887,-0.9625973592434763,-0.059678451746575004,-0.11357413467870042,-0.05506879357855532,0.057476927706072045,1.1597082155399132,-1.1082635102854663,-0.6374424467242894,1.219667132311152,8.683673469387756,6.5,0.09183673469387756,0.6632653061224489,0.3469387755102041,0.45918367346938777,98,92,COMPLETE
85,0.336734693877551,2026-05-20 21:54:27.015341,2026-05-20 21:54:28.796741,0 days 00:00:01.781400,0.03265316803972293,-1.3085138915752417,-1.1513673518104064,-0.1857534763206732,-0.9847208965648832,-0.6106950391457779,-0.1543913477756344,0.12281624476190436,0.17597526577287398,0.6045876168909701,1.296130601609067,-0.844001239491126,-1.1370049727202702,1.3184544841958985,8.081632653061224,5.5,0.12244897959183673,0.673469387755102,0.336734693877551,0.5,98,92,COMPLETE
86,0.2653061224489796,2026-05-20 21:54:28.796883,2026-05-20 21:54:30.576715,0 days 00:00:01.779832,-0.9773347162454527,-0.9071742861263968,-0.3133409271721311,-0.43222951011209804,-0.09203891813559906,-0.5610331437659571,0.444399249884186,0.48212865660344545,-0.28111435685228503,-0.9147984070320139,1.443737382146164,-0.9962472055915671,1.2902576747014032,0.9834571857616718,9.448979591836734,8.5,0.08163265306122448,0.5612244897959183,0.2653061224489796,0.40816326530612246,98,92,COMPLETE
87,0.35714285714285715,2026-05-20 21:54:30.576865,2026-05-20 21:54:32.350181,0 days 00:00:01.773316,-1.0921859721863503,-0.44525710043915157,-0.09453873066145119,-0.5430649810828457,0.4027656432229088,-1.4495431496370066,0.07466302749045409,0.2402555600309295,0.26898465769567215,0.4502279679171236,1.060290865612399,-0.2293137385391681,-1.018864965753104,0.798927040279957,7.724489795918367,6.0,0.12244897959183673,0.6836734693877551,0.35714285714285715,0.4897959183673469,98,92,COMPLETE
88,0.32653061224489793,2026-05-20 21:54:32.350334,2026-05-20 21:54:34.134444,0 days 00:00:01.784110,-1.4248159831012632,-1.0461655222605912,0.24315599753460193,-1.3759328488832294,0.22268304925591056,-1.1256041673471766,0.021174748619802564,0.0372582531378636,0.39544964106361036,0.2469749156140542,1.356222541665418,-0.7625808875517273,-1.2642317348229055,-1.4710344407403264,9.53061224489796,8.0,0.08163265306122448,0.6428571428571429,0.32653061224489793,0.3673469387755102,98,92,COMPLETE
89,0.3673469387755102,2026-05-20 21:54:34.134598,2026-05-20 21:54:35.914834,0 days 00:00:01.780236,-0.9016049454376613,-1.157636226898292,-0.4784973447819787,-0.8071516899461842,-0.44371912604276537,-0.39704454225901537,0.17191215274882088,0.802095007549142,0.7596133501246028,0.5426037111977324,1.2477239461847205,-0.5772717828957559,-0.7816311208459682,1.1193077534210394,8.061224489795919,6.0,0.12244897959183673,0.6632653061224489,0.3673469387755102,0.47959183673469385,98,92,COMPLETE
90,0.336734693877551,2026-05-20 21:54:35.914973,2026-05-20 21:54:37.692319,0 days 00:00:01.777346,-0.6348003633190599,-0.5632747400009614,-1.0638200343144815,-1.208710835421569,-0.18745991294498662,-0.49807414916740045,-0.22221230807893322,0.3892178521821313,0.4394273532746481,0.36794387592473604,0.8363560094190817,-0.08723965291103108,-0.25851016989034103,1.0431572887574057,7.857142857142857,6.0,0.1326530612244898,0.7142857142857143,0.336734693877551,0.42857142857142855,98,92,COMPLETE
91,0.3469387755102041,2026-05-20 21:54:37.692469,2026-05-20 21:54:39.480846,0 days 00:00:01.788377,-1.350321511011429,-0.35180136799684303,-0.2588288137699122,-1.330704996632697,0.739574488435209,-0.7401668912237501,-0.051890153892577444,-0.06053770845336079,0.3754756415709365,-0.36894858212997617,1.1273799075134745,-0.40674017415478214,-0.8200843492840235,0.3101823217526838,8.857142857142858,7.0,0.061224489795918366,0.6530612244897959,0.3469387755102041,0.4387755102040816,98,92,COMPLETE
92,0.30612244897959184,2026-05-20 21:54:39.481000,2026-05-20 21:54:41.262027,0 days 00:00:01.781027,-1.3007741482581232,-0.685656513744186,-0.12536055543815275,0.056685488264276995,-0.5935209310305882,-0.514643457330795,-0.40611753137862566,-1.2268743495235617,0.6049462277066241,-0.17481162975293352,1.0734185315957123,0.10574879164137552,-0.9084191639718897,0.19246034276176155,8.60204081632653,6.0,0.11224489795918367,0.6632653061224489,0.30612244897959184,0.4489795918367347,98,92,COMPLETE
93,0.3163265306122449,2026-05-20 21:54:41.262191,2026-05-20 21:54:43.044854,0 days 00:00:01.782663,-1.2119270829535975,-0.21622832397576208,-0.6352770951949754,-1.457236863898648,0.963245852126783,-0.6072463342902921,-0.09462614882039092,-0.0220761878933146,0.6765598788437274,-0.455256272121794,0.9834057112278347,-0.716039176509697,0.17116461338575428,0.3900996192466553,9.377551020408163,8.0,0.08163265306122448,0.6122448979591837,0.3163265306122449,0.40816326530612246,98,92,COMPLETE
94,0.3673469387755102,2026-05-20 21:54:43.045015,2026-05-20 21:54:44.821638,0 days 00:00:01.776623,-0.3177676980337641,-0.6290806354719498,0.14014561334719178,-1.0979350015636649,-0.30511738032431285,-0.8778578260717713,-0.01695374458369267,-0.6108759009203124,0.517072865695859,-0.10757738132915579,1.1839811785500736,-0.43788742984556617,-0.697222440438116,0.5280223533702365,8.520408163265307,6.0,0.09183673469387756,0.6326530612244898,0.3673469387755102,0.4897959183673469,98,92,COMPLETE
95,0.336734693877551,2026-05-20 21:54:44.821790,2026-05-20 21:54:46.602255,0 days 00:00:01.780465,-1.3560922820502432,-0.7782954809982656,-0.18884054723765595,-1.2528221280767715,0.7043630924036225,-1.0111950108976142,1.0457090348804778,0.2943069266810885,0.10784154057929277,-0.2500908217150425,1.4923108224719033,-0.34592052530949474,-1.0769942148122535,0.07626792483322653,8.693877551020408,7.0,0.09183673469387756,0.6428571428571429,0.336734693877551,0.42857142857142855,98,92,COMPLETE
96,0.3979591836734694,2026-05-20 21:54:46.602410,2026-05-20 21:54:48.379624,0 days 00:00:01.777214,-1.4880179350996505,-0.9492307840339269,-0.3820565427532654,-0.9623462509686809,-0.009880384038573737,-0.1761474441823085,0.2982992530311712,0.20518548698871386,0.303237007473801,-0.002554151553589963,1.3183257316228825,-0.6631363073849835,-0.5169300994718955,0.43054713199288075,8.5,6.0,0.09183673469387756,0.6530612244897959,0.3979591836734694,0.4897959183673469,98,92,COMPLETE
97,0.3877551020408163,2026-05-20 21:54:48.379778,2026-05-20 21:54:50.156755,0 days 00:00:01.776977,-1.4994565048749813,-0.9809579041806161,-0.7867800083540439,-0.89047647745237,0.0006780523591315112,-0.1453240107696896,0.3210472731110326,0.18093944019622749,0.2707585459228128,0.1594933286253685,1.297199677805528,-0.5211920288160328,-0.47931326013657205,0.8780247827276462,8.224489795918368,5.0,0.08163265306122448,0.6632653061224489,0.3877551020408163,0.5102040816326531,98,92,COMPLETE
98,0.37755102040816324,2026-05-20 21:54:50.156905,2026-05-20 21:54:51.935912,0 days 00:00:01.779007,-1.493163541282614,-0.9423991849692974,-0.7775576557455033,-0.952462385016487,0.11316528496684342,-0.0304695178258228,0.630626290522216,0.20077397200215638,0.28795312752859964,0.009615551438103762,1.2824092683707615,-0.5225730521177763,-0.47569253711566556,0.6943529168694847,8.39795918367347,6.0,0.09183673469387756,0.6530612244897959,0.37755102040816324,0.4897959183673469,98,92,COMPLETE
99,0.3877551020408163,2026-05-20 21:54:51.936066,2026-05-20 21:54:53.720847,0 days 00:00:01.784781,-1.4225833752725405,0.06852082823703351,-0.38378805815912503,-1.0261691702657736,-0.07921298825800155,0.07388707301207242,0.41684867921501617,0.12676808005515527,0.46905505153142263,0.13828866769420978,1.4075706212338135,-0.654202971332466,-0.5755734501374141,0.8741896394758252,8.275510204081632,6.0,0.08163265306122448,0.6632653061224489,0.3877551020408163,0.4897959183673469,98,92,COMPLETE
100,0.19387755102040816,2026-05-20 21:54:53.721007,2026-05-20 21:54:55.501088,0 days 00:00:01.780081,-1.4172613272284365,0.4137829309398543,-0.40410556198589553,-1.040758829940498,-0.12415684210051194,0.0705809830496649,0.4105341210989712,0.16762247531596633,0.220175177415693,0.12674655427476303,-1.4941463778920252,-0.6412545617188692,-0.32463764923500693,0.8819510880253321,10.673469387755102,9.0,0.04081632653061224,0.5612244897959183,0.19387755102040816,0.3163265306122449,98,92,COMPLETE
101,0.40816326530612246,2026-05-20 21:54:55.501244,2026-05-20 21:54:57.276688,0 days 00:00:01.775444,-1.4375963955982802,0.02897711680328579,-0.5238374122376164,-1.1456140285026897,0.034634675333347006,0.179636715612423,0.5461249234069048,0.08834228563008512,0.4732600339184825,0.15233613649098968,1.4025475826479656,-0.2998776705844288,-0.5547992092686544,0.6344664728993983,7.86734693877551,5.0,0.12244897959183673,0.6530612244897959,0.40816326530612246,0.5204081632653061,98,92,COMPLETE
102,0.3877551020408163,2026-05-20 21:54:57.276854,2026-05-20 21:54:59.112358,0 days 00:00:01.835504,-1.1647216849900408,0.23925503658753094,-0.5754811578584962,-1.151885409496614,-0.013811926960087543,0.24646315146706244,0.5574335744249714,-0.15408757715483207,0.45153738849452957,0.18934162915503872,1.4253596087026388,-0.3026212381814888,-0.5627859563516111,0.6044496023180279,7.785714285714286,5.0,0.14285714285714285,0.6836734693877551,0.3877551020408163,0.5102040816326531,98,92,COMPLETE
103,0.37755102040816324,2026-05-20 21:54:59.112518,2026-05-20 21:55:00.890028,0 days 00:00:01.777510,-1.2503422766652719,0.10554546859873423,-0.6434347333344848,-1.1531531395503143,-0.03941274004977058,0.15137151468918836,0.6791458442958972,0.09400253895096879,0.42306653654811877,0.14867416207984985,1.305649998209447,-0.1954343681716651,-0.5544057246268237,0.492653739642649,7.8979591836734695,5.0,0.1326530612244898,0.6530612244897959,0.37755102040816324,0.5102040816326531,98,92,COMPLETE
104,0.37755102040816324,2026-05-20 21:55:00.890180,2026-05-20 21:55:02.666258,0 days 00:00:01.776078,-1.1641988739460527,0.25671774519722723,-0.569300316390346,-1.1197953039451,-0.3668181461290013,-0.1067539131829972,0.5011119309204333,-0.23240221239989434,0.4675685417206142,-0.06735670857052659,1.4127239272911623,-0.31114272359513234,-0.10297915817328035,0.780238680581157,8.081632653061224,6.0,0.12244897959183673,0.673469387755102,0.37755102040816324,0.46938775510204084,98,92,COMPLETE
105,0.3877551020408163,2026-05-20 21:55:02.666410,2026-05-20 21:55:04.446898,0 days 00:00:01.780488,-1.4944788725754885,0.03840630362022113,-0.5452899322506533,-1.2088195699115776,-0.2025477478283061,-0.17159300731076446,0.7886200252390454,-0.16323439266658935,0.5806946752932616,0.04893251733491255,1.2318017327804376,-0.2843161516302699,-0.24598304603568044,0.572630885002795,8.10204081632653,6.0,0.12244897959183673,0.673469387755102,0.3877551020408163,0.4897959183673469,98,92,COMPLETE
106,0.3673469387755102,2026-05-20 21:55:04.447057,2026-05-20 21:55:06.220878,0 days 00:00:01.773821,-1.4676599419207397,0.17549255680823228,-0.6988256918458243,-1.3547576193595883,0.24338048825510328,-0.16232070378081365,0.5058665328458485,-0.16251968780443515,0.3308525981775139,0.03203990371858988,1.2224401812971057,-0.12349154653733468,-0.5948899928500957,0.5926261393469127,7.8061224489795915,6.0,0.11224489795918367,0.7142857142857143,0.3673469387755102,0.4897959183673469,98,92,COMPLETE
107,0.3673469387755102,2026-05-20 21:55:06.221037,2026-05-20 21:55:07.994936,0 days 00:00:01.773899,-1.4072951266093168,0.03767515309746877,-0.3519278964862723,-1.2582256807001195,-0.007597405724044963,0.024707849019453054,0.8211629464254232,0.0285196541950542,0.518094288327001,0.07312147930620688,1.4835981538786005,-0.507457675348369,-0.4570956647813057,0.3775182525007181,8.459183673469388,6.0,0.11224489795918367,0.6530612244897959,0.3673469387755102,0.47959183673469385,98,92,COMPLETE
108,0.3979591836734694,2026-05-20 21:55:07.995089,2026-05-20 21:55:09.767438,0 days 00:00:01.772349,-1.3023904625034388,-0.09532807257312761,-0.44451809269823234,-1.1812649357126033,-0.20773814785026562,0.41298446610209455,0.8671622303642998,-0.4013166126893054,0.5504494749691539,-0.007785710553965403,1.42767931875736,-0.2725122094162695,-0.21997862173366983,0.6777000885070446,7.918367346938775,6.0,0.1326530612244898,0.7040816326530612,0.3979591836734694,0.45918367346938777,98,92,COMPLETE
109,0.3673469387755102,2026-05-20 21:55:09.767597,2026-05-20 21:55:11.534639,0 days 00:00:01.767042,-1.3291315769145626,0.2842934293392726,-0.4452727294731342,-1.024816186302184,0.17615110073728996,0.42552193655315645,0.5737096572225802,-0.5136869927560757,0.17448433484517212,0.2121869285960534,1.3116740682714207,-0.5848713009990254,-0.3711524185631127,0.6353450414356161,8.122448979591837,6.0,0.12244897959183673,0.673469387755102,0.3673469387755102,0.4897959183673469,98,92,COMPLETE
110,0.3673469387755102,2026-05-20 21:55:11.534795,2026-05-20 21:55:13.293688,0 days 00:00:01.758893,-1.1507147636510164,0.38018266742199147,-0.9902832390027454,-1.170667865774448,-0.08906494178721831,0.25017435357026185,1.0427871071953883,-0.6687222069155824,0.25065551910938244,-0.01697719506757293,1.4485175473037162,-0.34892353946511007,-0.5394128134674128,0.27418074898949774,8.561224489795919,6.0,0.09183673469387756,0.6326530612244898,0.3673469387755102,0.45918367346938777,98,92,COMPLETE
111,0.3469387755102041,2026-05-20 21:55:13.293845,2026-05-20 21:55:15.056558,0 days 00:00:01.762713,-1.2602735287882791,-0.1031866554552443,-0.282012667438317,-1.216505256591199,-0.21475163368557015,0.18513133436838394,0.874919393466495,-0.4445277096315787,0.5464908299273867,0.0946118310631164,1.2305098663264151,-0.2657457771622192,-0.21259173121419025,0.6758163654134152,7.6938775510204085,6.0,0.1326530612244898,0.7244897959183674,0.3469387755102041,0.47959183673469385,98,92,COMPLETE
112,0.37755102040816324,2026-05-20 21:55:15.056702,2026-05-20 21:55:16.814772,0 days 00:00:01.758070,-1.498950633995975,0.07626604466649003,-0.5657699630814447,-0.8532826530858709,-0.26875102207163903,-0.2867457909479141,0.5693508070192501,-0.35647289305320623,0.5988710787559898,-0.08706869457182284,1.3938917649369644,-0.03511994935281887,-0.20180346324538098,0.5834568168772877,7.8061224489795915,6.0,0.14285714285714285,0.6836734693877551,0.37755102040816324,0.46938775510204084,98,92,COMPLETE
113,0.37755102040816324,2026-05-20 21:55:16.814930,2026-05-20 21:55:18.581269,0 days 00:00:01.766339,-1.4148400876104934,0.728185721384982,-0.6181483273174239,-1.0878524213472425,0.08831434028242222,-0.19420517500782375,0.7796723100538848,-0.09600191424617799,0.43950415500867623,-0.21485437496720647,1.165414766128553,-0.2717270942737765,-0.0743675895806103,0.43721566524963495,8.418367346938776,6.0,0.11224489795918367,0.6530612244897959,0.37755102040816324,0.47959183673469385,98,92,COMPLETE
114,0.3469387755102041,2026-05-20 21:55:18.581426,2026-05-20 21:55:20.541800,0 days 00:00:01.960374,-1.2181532369915882,-0.053569261220050166,-0.5123070624132672,-1.2723598436596397,-0.3319116283370479,0.3305176861080031,0.6983627321943737,-0.2774539995858505,0.7046469659614106,-0.3153464824094928,1.3268061241697957,-0.7187997219815857,-0.6233058470195587,0.5287308847524291,8.96938775510204,7.0,0.09183673469387756,0.6020408163265306,0.3469387755102041,0.4489795918367347,98,92,COMPLETE
115,0.3469387755102041,2026-05-20 21:55:20.541977,2026-05-20 21:55:22.620665,0 days 00:00:02.078688,-1.3741997201330711,-0.014408119509061686,-0.4294654539140065,-1.4074055420872709,-0.13124239652046776,0.43586056073149243,0.3237474913927944,-0.7906230875381243,0.315531242781238,-0.0024021845451913937,1.2739463333910257,0.9830270725007766,-0.5091853082684165,0.773339214588193,7.714285714285714,6.0,0.17346938775510204,0.7448979591836735,0.3469387755102041,0.47959183673469385,98,92,COMPLETE
116,0.2755102040816326,2026-05-20 21:55:22.620824,2026-05-20 21:55:24.429792,0 days 00:00:01.808968,-1.3052356509790268,0.16833921503276855,-0.8630241232121518,-1.179380097583976,0.3075260806147746,0.5088028639246177,0.43625827007833623,0.10133409104995783,0.47468419623142655,0.18048643800456415,0.13636574857897754,-0.4616613651766451,-0.38801445963150466,0.9617874450783572,8.612244897959183,7.0,0.10204081632653061,0.6428571428571429,0.2755102040816326,0.42857142857142855,98,92,COMPLETE
117,0.3877551020408163,2026-05-20 21:55:24.429953,2026-05-20 21:55:26.198944,0 days 00:00:01.768991,-1.443250467146522,0.526842912375255,-0.5440207495279362,-0.9740328452666192,-0.012361881095604418,-0.05464630153025793,0.7741788599013921,-0.1563909731926868,0.391975839552316,0.25959524990771504,1.4235301484410159,-0.38041100110522974,-0.6979356061967245,0.8436427282251278,7.775510204081633,5.0,0.12244897959183673,0.6632653061224489,0.3877551020408163,0.5204081632653061,98,92,COMPLETE
118,0.35714285714285715,2026-05-20 21:55:26.199102,2026-05-20 21:55:27.954579,0 days 00:00:01.755477,-1.0677077572487763,0.31953050137483135,-0.7257600482994591,-1.0751653725612136,0.11106175835286396,0.08451813001851327,0.9799728551287111,-0.45160659155568483,0.8407965446207697,0.13273436001638222,1.370220506848282,-0.6485791498139355,-0.45084518788190553,0.32610672363784327,8.5,6.0,0.10204081632653061,0.6530612244897959,0.35714285714285715,0.46938775510204084,98,92,COMPLETE
119,0.35714285714285715,2026-05-20 21:55:27.954749,2026-05-20 21:55:29.720468,0 days 00:00:01.765719,-1.2459174115331384,0.02915083344899888,-0.7715753255388824,1.1313562133158688,-0.052679433588170094,0.27811145362607836,0.8848739173618916,-0.00955786465066738,0.6035921942006075,-0.12979246548368586,1.018983548171947,-0.578833971767509,-0.27500944672185823,0.7041800044533313,8.744897959183673,6.0,0.08163265306122448,0.6428571428571429,0.35714285714285715,0.4897959183673469,98,92,COMPLETE
120,0.3877551020408163,2026-05-20 21:55:29.720628,2026-05-20 21:55:31.474678,0 days 00:00:01.754050,-1.3442577888654854,0.472244638146176,-0.3780278002392789,-0.8942135479248966,-0.2000005724218074,-0.27729283590966,1.1553636826336402,-0.35893719595150625,0.5284987250951405,0.05042583463881137,1.1817683562719066,-0.13199333736729177,-0.761756038164197,0.6423651664620993,7.724489795918367,5.5,0.11224489795918367,0.673469387755102,0.3877551020408163,0.5,98,92,COMPLETE
121,0.40816326530612246,2026-05-20 21:55:31.474840,2026-05-20 21:55:33.248074,0 days 00:00:01.773234,-1.44135701586944,0.5735949444028832,-0.5448683529459643,-1.009500245805942,0.004084813513929964,-0.040904516205553576,0.58522881408651,-0.1408579967975052,0.39414195558431775,0.2797630354330513,1.4279215926987114,-0.3850061170293361,-0.694130721788681,0.8011313125192892,7.775510204081633,5.0,0.12244897959183673,0.673469387755102,0.40816326530612246,0.5102040816326531,98,92,COMPLETE
122,0.37755102040816324,2026-05-20 21:55:33.248233,2026-05-20 21:55:35.006086,0 days 00:00:01.757853,-1.4473557192308353,-0.11972689975527584,-0.46023186559996815,-1.1341141635634124,-0.1628579701827784,-0.1373300720574633,0.6500154091650927,-0.07279274896385349,0.3734501492040892,0.3181753895216887,1.4858728499185507,-0.2913782840584543,0.0055895783611142336,0.753487440688815,7.591836734693878,5.5,0.12244897959183673,0.7346938775510204,0.37755102040816324,0.5,98,92,COMPLETE
123,0.3979591836734694,2026-05-20 21:55:35.006235,2026-05-20 21:55:36.769918,0 days 00:00:01.763683,-1.4987482678826474,1.0409688623791427,-0.6633731982136739,-1.2840914051408052,0.047232206690695985,0.011459896346120907,0.5185156200397184,0.14611150735526185,0.4656471313166896,0.20346359384695345,1.2430683145453274,-0.50370230042366,-0.5712528399174371,0.8259208169547244,8.112244897959183,5.5,0.10204081632653061,0.6428571428571429,0.3979591836734694,0.5,98,92,COMPLETE
124,0.3979591836734694,2026-05-20 21:55:36.770071,2026-05-20 21:55:38.524240,0 days 00:00:01.754169,-1.3912178952280165,1.0931359662025517,-0.6694395942727165,-1.2974696219120587,0.06540138482034766,0.041672434807295405,0.5381123232707536,0.1716128178286862,0.3075611939946996,0.20090693628147804,1.3522841468360094,-0.5232476960586594,-0.6560682594856048,0.9147338468139105,8.13265306122449,5.5,0.09183673469387756,0.6530612244897959,0.3979591836734694,0.5,98,92,COMPLETE
125,0.3979591836734694,2026-05-20 21:55:38.524391,2026-05-20 21:55:40.282910,0 days 00:00:01.758519,-1.365435355509134,1.3534075267075694,-0.6615507259218456,0.5822564420586164,0.0641094017976081,0.03185173145583013,0.3757860299451398,0.17574787356280597,0.14100167068931396,0.2957578043544763,1.335745416436065,-0.5149824396893161,-0.663001232033739,0.9015148676758783,8.061224489795919,5.0,0.09183673469387756,0.6530612244897959,0.3979591836734694,0.5102040816326531,98,92,COMPLETE
126,0.3979591836734694,2026-05-20 21:55:40.283058,2026-05-20 21:55:42.044630,0 days 00:00:01.761572,-1.388538887733685,1.1771333301180815,-0.6650847390604355,0.6199612644930516,0.06746644893568793,0.019061587831658344,0.22568195815725803,0.18378408860089904,0.05814161319760111,0.29549524125627613,1.1516607796920169,-0.4650238460255182,-0.6452061916395384,0.992870878191392,8.020408163265307,5.0,0.08163265306122448,0.6632653061224489,0.3979591836734694,0.5204081632653061,98,92,COMPLETE
127,0.37755102040816324,2026-05-20 21:55:42.044770,2026-05-20 21:55:43.798001,0 days 00:00:01.753231,-1.3073510841099896,1.1688208845546004,-0.6630205210805276,0.5191556692280594,0.1768164902219095,-0.03815388651269608,0.37151261609439096,0.05261792749462195,0.14242011584888975,0.2773285569811894,1.1154712279244479,-0.4309688198718238,-0.6826806817693571,1.005260544638396,7.969387755102041,5.0,0.08163265306122448,0.6632653061224489,0.37755102040816324,0.5102040816326531,98,92,COMPLETE
128,0.32653061224489793,2026-05-20 21:55:43.798151,2026-05-20 21:55:45.558733,0 days 00:00:01.760582,-1.3740039881675028,1.3386157388022257,-0.8692195902051797,0.37203703657783693,0.118137013740533,0.15027121858778958,0.23513714083565448,0.3333237883395633,-0.08714001414467076,0.3379539482009638,0.9180432862873258,-0.7781035703515219,-0.8784586669927006,0.9320552353010423,8.326530612244898,6.0,0.11224489795918367,0.6836734693877551,0.32653061224489793,0.45918367346938777,98,92,COMPLETE
129,0.3877551020408163,2026-05-20 21:55:45.558878,2026-05-20 21:55:47.313350,0 days 00:00:01.754472,-1.259865805162134,0.9686565945931501,-1.2280470458699577,0.8125232283989346,0.05653270916584954,-0.08130253073576588,0.6100456291726857,0.2391881228724924,0.11540437503547368,0.2628713561372571,1.3504170378944884,-0.5444901433286086,-0.7304455921308771,0.8012770311387138,8.112244897959183,5.0,0.11224489795918367,0.6530612244897959,0.3877551020408163,0.5102040816326531,98,92,COMPLETE
130,0.37755102040816324,2026-05-20 21:55:47.313505,2026-05-20 21:55:49.092824,0 days 00:00:01.779319,-1.4063024834507372,1.2535613618665524,-1.3650296472735586,0.646773197599259,0.2654281874386952,0.04180519301304694,0.5122461820561497,-0.004652051818221675,0.054891743300087725,-0.04022116219658878,1.129084868680552,1.4764932384857792,-0.6399451353287294,1.0537608987690799,8.13265306122449,6.0,0.15306122448979592,0.6938775510204082,0.37755102040816324,0.4897959183673469,98,92,COMPLETE
131,0.3979591836734694,2026-05-20 21:55:49.092978,2026-05-20 21:55:50.856564,0 days 00:00:01.763586,-1.3296325876159207,1.0739588664283497,-0.7780609970619914,0.6119121407556114,0.04935476276826002,-0.0024521278944590885,0.3112270138198086,0.17262268651554222,0.2189970830520806,0.21654577393164198,1.253477473810578,-0.4768968793392242,-0.8025403007996791,0.9427022710623637,8.071428571428571,5.0,0.09183673469387756,0.6530612244897959,0.3979591836734694,0.5102040816326531,98,92,COMPLETE
132,0.3979591836734694,2026-05-20 21:55:50.856723,2026-05-20 21:55:52.615401,0 days 00:00:01.758678,-1.366330998177011,0.9944387346161679,-0.7025042653617255,0.4804890407220207,0.20592304063157596,0.021743573053162466,0.1767338538593004,0.15908046509943202,0.011112702517697914,0.21663837752516746,1.2291465997694369,-0.4690453056317679,-0.8049428196023278,0.9238469800942652,8.10204081632653,5.0,0.09183673469387756,0.6530612244897959,0.3979591836734694,0.5102040816326531,98,92,COMPLETE
133,0.3877551020408163,2026-05-20 21:55:52.615551,2026-05-20 21:55:54.382617,0 days 00:00:01.767066,-1.2013947917580585,1.0505565055912764,-0.6569326397175909,0.5835515295826176,0.3492292928490305,-0.004834175398440957,0.13509544232291082,0.1584677325347771,0.03978415690706033,0.22001639453179306,1.2420389168244443,-0.5983226821989798,-0.8008211487152427,0.9748405405320769,8.214285714285714,5.5,0.07142857142857142,0.6530612244897959,0.3877551020408163,0.5,98,92,COMPLETE
134,0.3673469387755102,2026-05-20 21:55:54.382777,2026-05-20 21:55:56.148303,0 days 00:00:01.765526,-1.332329213043709,0.8434193109947776,-0.7226989007151732,0.467141522484646,0.06163640460634778,0.11628978402451537,0.2671291349949302,0.09080322334331273,0.1873663255587576,0.48392628407928207,1.3286153194008015,-0.46937060532211744,-0.948821511826872,1.1894043174816495,7.836734693877551,6.0,0.10204081632653061,0.6836734693877551,0.3673469387755102,0.4897959183673469,98,92,COMPLETE
135,0.3673469387755102,2026-05-20 21:55:56.148458,2026-05-20 21:55:57.910257,0 days 00:00:01.761799,-1.0002974086312073,0.963091414715116,-0.915504224099887,0.7492005171018212,0.19768402941078722,0.6726302707536905,0.1932087392139277,0.30511357898127445,-0.04334842606975842,0.36927027203181684,1.0720012480630552,-0.3759328735815981,-0.8560356971471395,1.1101973412110242,8.020408163265307,6.0,0.12244897959183673,0.6632653061224489,0.3673469387755102,0.4489795918367347,98,92,COMPLETE
136,0.2857142857142857,2026-05-20 21:55:57.910404,2026-05-20 21:55:59.731459,0 days 00:00:01.821055,-1.1139904372152698,1.149412961847197,-0.7915944511347192,0.917508069933917,0.13193823185016493,0.19317705814521613,0.3473765754157514,0.21503788605660096,0.2304161437553584,0.09177407277209819,1.2067482614322986,-0.7184970323932492,0.775650881227989,0.8442532377579014,8.622448979591837,7.0,0.11224489795918367,0.6632653061224489,0.2857142857142857,0.4387755102040816,98,92,COMPLETE
137,0.40816326530612246,2026-05-20 21:55:59.731609,2026-05-20 21:56:01.538558,0 days 00:00:01.806949,0.9027764490316863,1.28900315763486,-0.6049059433270868,0.306333722983716,0.20719291528174544,0.0327971102842507,0.4373999362137086,0.3816087847027281,0.07734744398265314,0.31150092280748526,1.4996153036245767,-0.5085152393124288,-0.7515575948294091,0.9294258385346581,8.020408163265307,5.0,0.09183673469387756,0.6836734693877551,0.40816326530612246,0.5204081632653061,98,92,COMPLETE
138,0.21428571428571427,2026-05-20 21:56:01.538722,2026-05-20 21:56:03.301343,0 days 00:00:01.762621,1.0384385708394575,1.31442998582135,-0.6836550676857431,0.3022100707808896,0.20715178158059483,0.025680527713580585,0.4410880258204732,0.39008900161148163,0.06464397588459567,0.3218363688798744,-1.3441568171097018,-0.5001846906983307,-0.745762538478913,0.9254646219567283,9.918367346938776,9.0,0.061224489795918366,0.6122448979591837,0.21428571428571427,0.3469387755102041,98,92,COMPLETE
139,0.40816326530612246,2026-05-20 21:56:03.301500,2026-05-20 21:56:05.064998,0 days 00:00:01.763498,-1.3872288210968808,1.4590093761836527,-0.9773891652573931,0.45384821488108607,0.052533384499027516,-0.23158839392465488,0.37741911549043244,0.04549189951281699,-0.013694904539252928,0.23307772511194808,1.365810276731698,-0.39192874340963507,-0.916091967583523,0.7435748378206377,7.8979591836734695,5.0,0.09183673469387756,0.6632653061224489,0.40816326530612246,0.5204081632653061,98,92,COMPLETE
140,0.40816326530612246,2026-05-20 21:56:05.065156,2026-05-20 21:56:06.822178,0 days 00:00:01.757022,1.2193982468207514,1.4670412355601252,-1.0221095217945628,0.21454246983752678,0.043715512308869366,-0.20434754593369975,0.5338744861561068,0.01667675427989566,-0.11453969126484495,0.23124860354000712,1.3613566036708458,-0.3987525682533665,-0.9202417519367271,0.7305876334941265,7.918367346938775,5.0,0.09183673469387756,0.6530612244897959,0.40816326530612246,0.5204081632653061,98,92,COMPLETE
141,0.3979591836734694,2026-05-20 21:56:06.822316,2026-05-20 21:56:08.572254,0 days 00:00:01.749938,1.4138496824911488,1.47645366524867,-0.934881283957738,0.23464750738091772,0.05041930403869507,-0.21183329045445823,0.4866977440687196,0.022908912029263165,-0.09177138881172836,0.28621301327241355,1.3513333621459613,-0.38651395832518165,-0.9149850122947115,0.7450137867161497,7.857142857142857,5.0,0.11224489795918367,0.6632653061224489,0.3979591836734694,0.5204081632653061,98,92,COMPLETE
142,0.3979591836734694,2026-05-20 21:56:08.572407,2026-05-20 21:56:10.327318,0 days 00:00:01.754911,1.3009720662468394,1.4119156872950358,-1.0629488095186779,0.15219814102081552,0.034992743424322154,-0.09848931839073034,0.7253205130087869,0.06905692146023262,0.11762606910083845,0.1842178065639558,1.4846975872531363,-0.5374247617929273,-0.7155576646105866,0.8339706170295608,8.081632653061224,5.0,0.08163265306122448,0.6632653061224489,0.3979591836734694,0.5102040816326531,98,92,COMPLETE
143,0.40816326530612246,2026-05-20 21:56:10.327477,2026-05-20 21:56:12.089500,0 days 00:00:01.762023,0.5900941858637541,1.2931509021361884,-0.9608619614872178,0.4126188091800198,-0.06198931693318205,-0.33828809410677046,0.5593800351177811,-0.05693697189424868,-0.1936893012728344,0.10637161623212879,1.2724689790548207,-0.6757211178365332,-0.9619632092481752,0.6985290005410684,8.224489795918368,5.0,0.08163265306122448,0.6530612244897959,0.40816326530612246,0.5204081632653061,98,92,COMPLETE
144,0.40816326530612246,2026-05-20 21:56:12.089653,2026-05-20 21:56:13.847635,0 days 00:00:01.757982,0.898270053902158,1.242969493812555,-1.165317800039952,0.43010120063846485,-0.07144110372346807,-0.3191009125939424,0.5864592298516196,-0.0342479441013709,-0.43383197283188774,0.10316378090712777,1.392845617375286,-0.6614002931344949,-1.0170833337475282,0.7022180478405005,8.275510204081632,5.5,0.07142857142857142,0.6632653061224489,0.40816326530612246,0.5,98,92,COMPLETE
145,0.3979591836734694,2026-05-20 21:56:13.847793,2026-05-20 21:56:15.598773,0 days 00:00:01.750980,0.7853634358474,1.2936994878472834,-0.9959633970831764,0.450504413343028,-0.11341578495811597,-0.3225633570152867,0.593770930818368,-0.08413064145036642,-0.1957383630134726,0.1259233373520491,1.4987843224705664,-0.6369480238944353,-0.9983807079278196,0.7069970939974553,8.275510204081632,5.0,0.08163265306122448,0.6530612244897959,0.3979591836734694,0.5102040816326531,98,92,COMPLETE
146,0.40816326530612246,2026-05-20 21:56:15.598920,2026-05-20 21:56:17.352636,0 days 00:00:01.753716,1.186416645798953,1.3981515193032892,-1.1595584110871322,0.3077961684367654,-0.06058308743162735,-0.24036958332662464,0.5431667879678327,-0.0270924274005023,-0.47831947512618284,0.01654936694268458,1.3807715470921822,-0.6821481096196421,-0.957349249061615,0.6699102436809237,8.39795918367347,6.0,0.07142857142857142,0.6836734693877551,0.40816326530612246,0.4897959183673469,98,92,COMPLETE
147,0.40816326530612246,2026-05-20 21:56:17.352791,2026-05-20 21:56:19.108968,0 days 00:00:01.756177,1.2150643264364451,1.3977340468472337,-1.1865128720029705,0.21277775264314266,-0.051054059933970844,-0.25613105576745226,0.5481433600507222,-0.040174483523476814,-0.6680876387509904,0.025747449561579774,1.3912502951150474,-0.6794926151549513,-0.9554958712602506,0.6686605558176429,8.438775510204081,6.0,0.07142857142857142,0.673469387755102,0.40816326530612246,0.4897959183673469,98,92,COMPLETE
148,0.3979591836734694,2026-05-20 21:56:19.109117,2026-05-20 21:56:20.862952,0 days 00:00:01.753835,1.1992006564107682,1.4413443219053197,-1.2203852707380178,0.26918186451574005,-0.06693477103281334,-0.42467666364312406,0.6598014965638554,-0.22476645002722928,-0.5206178389875328,-0.024203435247244116,1.4108674361376208,-0.7252573656347316,-1.0285923648127522,0.6846776577346527,8.448979591836734,5.5,0.07142857142857142,0.6632653061224489,0.3979591836734694,0.5,98,92,COMPLETE
149,0.3979591836734694,2026-05-20 21:56:20.863118,2026-05-20 21:56:22.647777,0 days 00:00:01.784659,1.1134773000389178,1.3842886267289798,-1.160310802291708,0.09847982222218421,-0.04444010227817972,-0.2710939826866819,0.7103618811998174,-0.014760928965310782,-0.7092462128606806,0.02416965664399142,1.4036408184287066,-0.8238189180077853,-0.9188969947783094,0.7477881674696959,8.418367346938776,6.0,0.07142857142857142,0.673469387755102,0.3979591836734694,0.4897959183673469,98,92,COMPLETE
