episode_id,omega,n_planets,n_orbital,orbital_share,size_bucket,mean_orbital_dist_from_sun,max_orbital_dist_from_sun,prod_total,prod_mean,prod_std,n_neutral_start,neutral_prod_share,mean_inter_dist,min_inter_dist,max_inter_dist,std_inter_dist,sun_blockage_share,home_to_nearest_neutral_median,home_to_home_median,n_home
75571862,0.04148625460858506,24,8,0.3333,small,32.484,35.167,60.0,2.5,1.2583057392117916,20,0.9333,63.261,12.098,124.338,27.482,0.1159,17.184,74.021,4
75608555,0.04820903900766483,28,12,0.4286,medium,33.624,37.865,72.0,2.5714285714285716,1.2936264483053452,26,0.9722,58.717,10.945,104.071,25.841,0.1323,10.945,98.785,2
75610004,0.03631903700418773,28,16,0.5714,medium,34.226,38.919,72.0,2.5714285714285716,1.5907898179514348,24,0.7222,57.476,12.772,117.861,24.815,0.1005,12.772,53.998,4
75614274,0.044862019701439784,28,12,0.4286,medium,34.416,36.691,72.0,2.5714285714285716,1.4982983545287878,26,0.8611,60.808,11.064,117.579,26.683,0.1323,11.354,61.294,2
75618884,0.035290841711871315,24,8,0.3333,small,31.571,35.16,84.0,3.5,0.7637626158259734,20,0.8095,61.438,12.027,113.996,26.141,0.1159,15.521,80.607,4
75624437,0.028458102552898823,36,12,0.3333,large,30.51,36.891,100.0,2.7777777777777777,1.314684396244359,32,0.92,60.858,10.405,119.566,27.433,0.1556,10.922,80.281,4
75632972,0.030659272960921136,24,8,0.3333,small,33.484,37.893,64.0,2.6666666666666665,1.3743685418725535,20,0.6875,63.537,12.317,121.79,27.696,0.1594,12.677,70.862,4
75641715,0.036377260391397624,28,8,0.2857,medium,32.323,34.133,68.0,2.4285714285714284,1.2936264483053455,24,0.9412,61.949,12.437,115.194,26.546,0.1005,14.358,69.48,4
75641802,0.03748732286925172,24,8,0.3333,small,32.125,35.558,68.0,2.8333333333333335,1.863389981249825,20,0.9412,60.876,11.641,113.433,26.087,0.1304,11.641,40.576,4
75642437,0.04739483014687529,32,16,0.5,medium,34.49,39.901,76.0,2.375,1.5761900266148114,28,0.9474,59.147,9.858,122.09,26.891,0.1774,10.663,45.134,4
75645971,0.02938311008381521,36,16,0.4444,large,32.674,39.764,64.0,1.7777777777777777,1.227262335243029,32,0.9375,59.066,9.433,122.199,26.314,0.1302,10.522,71.121,4
75648312,0.045361198736600536,36,16,0.4444,large,31.033,36.56,96.0,2.6666666666666665,1.4907119849998596,32,0.7917,56.65,9.571,116.634,25.286,0.1556,12.804,71.2,4
75648785,0.026959082907943892,24,8,0.3333,small,34.509,36.954,52.0,2.1666666666666665,1.4624940645653537,20,0.9231,60.775,13.197,103.75,26.281,0.1014,14.019,52.261,4
75649223,0.04250775208147123,36,16,0.4444,large,32.835,36.857,88.0,2.4444444444444446,1.3425606637327303,32,0.9545,58.219,10.742,119.641,25.812,0.1429,11.681,71.65,4
75649677,0.033138065626944734,32,16,0.5,medium,34.837,39.011,64.0,2.0,1.224744871391589,28,0.9375,58.491,10.32,115.434,26.232,0.1613,19.387,69.49,4
75653592,0.03047027238686587,36,16,0.4444,large,31.683,36.809,88.0,2.4444444444444446,1.4989708403591155,32,0.9545,56.88,9.988,110.366,25.248,0.1429,10.636,52.055,4
75653796,0.02590581757469073,32,12,0.375,medium,34.35,37.541,76.0,2.375,1.1110243021644486,30,0.9211,62.032,10.816,131.275,27.684,0.121,14.999,98.376,2
75665474,0.04706772041484721,32,16,0.5,medium,34.244,38.291,56.0,1.75,1.3919410907075054,30,0.9643,60.002,9.293,134.126,27.265,0.1613,9.293,76.582,2
75665680,0.029182802635203578,20,8,0.4,small,32.714,36.962,52.0,2.6,0.8,16,0.8462,60.319,12.838,108.381,25.514,0.1368,14.206,76.637,4
75672648,0.04299472792792057,20,8,0.4,small,34.428,38.798,52.0,2.6,1.6248076809271923,18,0.8462,60.462,14.007,106.311,24.984,0.1158,16.06,101.452,2
75674654,0.031155510722372166,32,16,0.5,medium,31.327,38.863,88.0,2.75,1.5612494995995996,30,0.8864,56.447,10.496,114.162,25.088,0.1613,13.361,99.975,2
75678738,0.03667047491394862,24,8,0.3333,small,30.764,32.104,60.0,2.5,1.3844373104863459,22,0.9,60.794,11.667,112.555,26.12,0.1449,11.938,97.639,2
75678884,0.04033589142641858,32,12,0.375,medium,33.703,38.175,64.0,2.0,1.118033988749895,28,0.9375,61.032,9.292,118.503,27.393,0.1694,9.292,69.563,4
75681966,0.028368014294364988,32,16,0.5,medium,33.37,36.521,80.0,2.5,0.5,28,0.85,55.895,10.429,104.893,24.375,0.129,11.771,50.727,4
75682275,0.04758961146033421,24,8,0.3333,small,28.876,34.759,76.0,3.1666666666666665,1.2133516482134197,20,0.8947,62.488,10.872,127.061,26.956,0.1304,10.872,89.846,4
75682823,0.04843164126224701,24,8,0.3333,small,28.679,34.478,60.0,2.5,0.7637626158259734,22,0.9333,59.961,11.178,108.261,25.438,0.1304,11.178,97.406,2
75684015,0.03519141137238322,28,8,0.2857,medium,31.811,34.047,88.0,3.142857142857143,1.245399698154478,26,0.8864,60.776,11.872,112.045,26.333,0.1005,15.868,94.882,2
75692201,0.040567115289369224,32,12,0.375,medium,33.125,35.758,80.0,2.5,1.0,28,0.9,59.433,11.158,110.399,25.854,0.1048,13.484,72.302,4
75693268,0.039178237873561506,28,12,0.4286,medium,31.566,36.72,88.0,3.142857142857143,1.124858267715973,24,0.8636,58.525,11.314,119.585,25.611,0.1534,16.036,69.398,4
75693368,0.03539146008284657,32,12,0.375,medium,35.398,37.244,80.0,2.5,1.118033988749895,28,0.95,60.064,9.702,114.819,27.031,0.129,9.702,81.189,4
75696094,0.029634152107785403,24,12,0.5,small,33.239,38.258,64.0,2.6666666666666665,1.247219128924647,22,0.9688,57.777,11.363,111.316,25.354,0.1449,14.015,100.246,2
75696709,0.049841863838995006,32,12,0.375,medium,29.629,33.823,104.0,3.25,1.6393596310755,28,0.9231,59.684,10.477,117.729,26.301,0.1371,10.477,70.476,4
75697081,0.04335353291263158,32,16,0.5,medium,37.588,40.325,60.0,1.875,0.7806247497997998,30,0.9,60.892,10.2,114.28,26.841,0.121,13.24,78.112,2
75697366,0.026385002108654302,36,20,0.5556,large,32.92,37.433,88.0,2.4444444444444446,1.4989708403591155,32,0.9091,55.485,9.458,110.351,24.858,0.1619,10.127,50.719,4
75697432,0.02774379161062322,28,12,0.4286,medium,33.722,38.618,56.0,2.0,1.0690449676496976,26,0.8929,61.297,9.96,113.692,27.157,0.164,12.97,51.336,2
75698121,0.0287476287431732,32,16,0.5,medium,37.1,41.645,76.0,2.375,1.3169567191065923,30,0.9211,60.472,10.171,116.92,27.274,0.1532,10.171,116.92,2
75699482,0.048857182723925294,32,16,0.5,medium,32.078,36.958,64.0,2.0,1.224744871391589,28,0.75,56.058,10.229,106.365,24.716,0.1613,12.519,51.778,4
75699913,0.033933580957747844,28,12,0.4286,medium,28.757,33.572,92.0,3.2857142857142856,1.2777531299998799,26,0.9348,58.012,10.969,115.263,25.226,0.1429,11.393,104.818,2
75700277,0.04138391347506898,28,12,0.4286,medium,32.984,36.785,100.0,3.5714285714285716,1.178030178747903,24,0.84,58.037,10.931,110.524,25.607,0.164,12.402,52.022,4
75701419,0.03599196158409437,36,12,0.3333,large,34.61,37.052,84.0,2.3333333333333335,1.2472191289246473,34,0.9286,61.539,10.758,124.534,27.572,0.1365,11.601,60.401,2
75701856,0.04068153375614626,28,12,0.4286,medium,35.646,37.862,76.0,2.7142857142857144,1.2777531299998797,26,0.9211,60.149,10.381,109.587,26.446,0.1323,10.381,104.344,2
75706370,0.03314566366823474,28,8,0.2857,medium,34.331,35.063,88.0,3.142857142857143,1.884415136896131,26,0.9773,62.703,10.107,110.86,27.401,0.1111,10.107,99.676,2
75709643,0.02869264049485453,28,12,0.4286,medium,31.966,35.872,92.0,3.2857142857142856,1.27775312999988,24,0.7826,58.656,12.071,111.31,25.579,0.1323,15.428,67.432,4
75710307,0.03118788593750567,24,8,0.3333,small,33.687,34.661,100.0,4.166666666666667,0.6871842709362769,20,0.84,60.301,13.417,103.458,25.664,0.087,16.892,72.766,4
75714286,0.029573335414895513,28,12,0.4286,medium,34.656,38.006,40.0,1.4285714285714286,0.7284313590846836,24,0.8,60.193,10.628,113.524,25.722,0.0899,13.786,72.958,4
75716279,0.031115728057189276,28,12,0.4286,medium,34.413,38.2,64.0,2.2857142857142856,0.880630571852711,24,0.9375,61.46,10.214,124.763,27.044,0.1323,10.214,40.817,4
75717722,0.04685500644338959,28,12,0.4286,medium,29.024,33.907,60.0,2.142857142857143,1.4568627181693672,24,0.9333,59.14,9.464,115.01,25.983,0.1429,12.783,81.324,4
75731565,0.028448840920823615,24,12,0.5,small,34.106,37.839,52.0,2.1666666666666665,0.8975274678557507,20,0.9231,59.482,11.819,114.909,25.779,0.1449,11.819,37.735,4
75733699,0.03498127887470211,36,12,0.3333,large,31.72,37.244,92.0,2.5555555555555554,1.2570787221094177,34,0.8913,59.929,10.141,120.536,26.584,0.1175,13.502,98.593,2
75736695,0.04613598687776126,24,8,0.3333,small,28.69,33.386,72.0,3.0,1.4142135623730951,22,0.8889,58.281,10.388,102.026,24.731,0.1159,17.524,100.996,2
75738228,0.040955909051658954,36,16,0.4444,large,34.986,40.059,72.0,2.0,1.0540925533894598,32,0.9444,60.364,10.563,118.998,27.007,0.1302,11.811,70.689,4
75743036,0.030107797803914028,24,8,0.3333,small,34.139,35.215,60.0,2.5,1.8027756377319946,22,0.9667,62.896,12.807,119.426,27.018,0.1014,20.867,107.606,2
75749145,0.04701078526006406,28,12,0.4286,medium,33.427,38.412,88.0,3.142857142857143,0.63887656499994,24,0.8182,60.631,11.907,121.417,27.416,0.1852,11.907,85.855,4
75755341,0.04815383632351436,28,12,0.4286,medium,32.69,38.715,72.0,2.5714285714285716,1.3997084244475304,26,0.9722,60.944,10.378,119.937,27.322,0.1746,10.378,77.43,2
75760975,0.033484704317697005,28,12,0.4286,medium,30.414,35.565,84.0,3.0,1.0690449676496976,26,0.9048,59.808,11.714,114.955,26.058,0.1323,17.006,104.269,2
75761040,0.037481223161429225,32,12,0.375,medium,32.292,35.236,88.0,2.75,1.479019945774904,30,0.9545,60.092,10.298,114.523,26.465,0.1371,14.858,97.283,2
75773401,0.049015716919716144,28,12,0.4286,medium,33.016,37.589,80.0,2.857142857142857,1.5518257844571735,24,0.75,60.238,10.316,123.576,26.66,0.1429,19.034,73.541,4
75776178,0.0321177331927059,32,12,0.375,medium,33.265,35.908,96.0,3.0,1.5811388300841898,28,0.9583,61.01,10.548,118.198,27.23,0.1452,10.548,71.532,4
75776353,0.029285205268248505,28,12,0.4286,medium,32.793,36.103,60.0,2.142857142857143,1.5518257844571737,26,0.9667,59.861,10.216,120.354,26.423,0.1534,10.971,72.205,2
75777084,0.0388924465525815,36,16,0.4444,large,31.136,34.491,96.0,2.6666666666666665,1.4907119849998598,32,0.8333,56.651,9.051,109.118,25.092,0.1492,12.08,77.158,4
75777398,0.03483495802175515,36,16,0.4444,large,33.143,38.715,76.0,2.111111111111111,1.286204100310025,34,0.9737,58.251,10.174,111.19,25.987,0.1492,10.174,98.386,2
75778169,0.027720276828952336,32,12,0.375,medium,30.831,35.422,100.0,3.125,1.6153559979150107,30,0.9,58.94,11.819,120.592,25.971,0.1452,23.294,95.608,2
75778542,0.025726643963518425,24,12,0.5,small,30.284,34.484,44.0,1.8333333333333333,1.462494064565354,22,0.7727,55.824,11.973,104.011,23.626,0.1304,18.03,101.712,2
75778962,0.039613486633469995,32,12,0.375,medium,30.923,36.623,68.0,2.125,0.9270248108869579,30,0.9706,59.23,10.566,113.114,26.325,0.1613,11.951,110.111,2
75781174,0.03715184058340033,24,4,0.1667,small,23.341,23.341,76.0,3.1666666666666665,0.6871842709362768,22,0.8947,65.659,11.817,125.582,28.189,0.1304,12.649,125.582,2
75781277,0.03648109680060512,24,8,0.3333,small,32.052,34.389,68.0,2.8333333333333335,1.5723301886761005,22,0.9706,59.765,11.478,104.649,25.574,0.1304,11.478,104.649,2
75783574,0.049948744415489944,32,12,0.375,medium,34.301,37.832,80.0,2.5,1.5811388300841898,28,0.95,61.562,10.749,122.92,27.019,0.121,10.749,86.918,4
75783641,0.027979229525256867,36,16,0.4444,large,32.456,35.723,116.0,3.2222222222222223,0.7856742013183862,32,0.8966,57.006,10.979,108.869,25.237,0.1302,11.837,33.448,4
75784201,0.029422670887480233,32,16,0.5,medium,35.635,40.083,84.0,2.625,1.653594569415369,28,0.9524,59.576,11.152,115.936,26.463,0.129,11.152,72.299,4
75785726,0.03786581396352842,28,12,0.4286,medium,36.027,38.289,60.0,2.142857142857143,1.124858267715973,26,0.9,59.939,10.248,114.006,26.318,0.1217,10.248,68.288,2
75787078,0.047074540868422124,36,16,0.4444,large,35.616,39.005,76.0,2.111111111111111,1.1967032904743342,34,0.9737,60.11,10.434,113.17,26.769,0.1302,10.571,113.17,2
75789044,0.03784095281273994,36,16,0.4444,large,34.169,39.317,84.0,2.3333333333333335,1.1547005383792515,32,0.8095,59.679,9.105,120.642,26.882,0.1429,11.446,72.357,4
75791936,0.028259271408812934,24,8,0.3333,small,32.025,34.914,60.0,2.5,1.2583057392117916,20,0.8667,59.295,12.164,102.379,25.27,0.1304,13.081,41.205,4
75792704,0.028552149559059208,28,12,0.4286,medium,32.277,36.35,104.0,3.7142857142857144,1.749635530559413,24,0.8077,57.215,12.653,104.733,24.528,0.1111,12.856,68.331,4
75794847,0.04262995165251435,28,12,0.4286,medium,30.407,35.322,76.0,2.7142857142857144,1.385051387833237,24,0.7895,56.747,10.142,106.727,25.016,0.164,10.403,44.937,4
75796408,0.03369405415886499,36,16,0.4444,large,33.35,37.099,100.0,2.7777777777777777,1.617802197617893,34,0.92,58.515,9.712,118.54,25.737,0.1111,16.223,96.827,2
75797343,0.04379213087137318,20,4,0.2,small,30.391,30.391,56.0,2.8,0.9797958971132711,18,0.8571,64.202,14.343,111.504,26.863,0.0947,14.343,101.989,2
75798580,0.03024549610271502,32,16,0.5,medium,32.432,36.947,76.0,2.375,1.4086784586980805,30,0.9474,56.689,9.272,111.985,25.468,0.1774,9.873,67.418,2
75798980,0.02700542118411609,28,8,0.2857,medium,33.204,35.075,76.0,2.7142857142857144,1.749635530559413,24,0.9474,63.71,9.208,117.987,29.268,0.164,9.208,77.828,4
75800164,0.030625796256508683,24,12,0.5,small,33.732,39.378,60.0,2.5,0.7637626158259734,20,0.8667,59.264,12.758,109.09,25.396,0.1449,12.758,77.139,4
75811302,0.04465028531830667,20,8,0.4,small,28.226,34.197,56.0,2.8,1.16619037896906,16,0.9286,58.306,12.28,111.568,24.338,0.1579,12.28,48.362,4
75811319,0.03168976150442061,28,12,0.4286,medium,30.243,33.642,84.0,3.0,1.3093073414159542,24,0.8095,60.67,10.57,133.178,27.043,0.164,13.617,75.786,4
75811544,0.040686614173725016,28,12,0.4286,medium,32.789,37.184,68.0,2.4285714285714284,1.178030178747903,24,0.8824,61.296,11.118,127.151,27.235,0.164,11.118,52.587,4
75811657,0.039306596806075164,36,16,0.4444,large,34.445,37.831,88.0,2.4444444444444446,1.3425606637327303,32,0.9545,58.351,10.672,113.286,26.029,0.1302,10.956,80.105,4
75811794,0.045107149103882194,20,8,0.4,small,32.918,35.005,52.0,2.6,1.019803902718557,16,0.7692,58.146,11.528,100.217,24.494,0.1368,13.377,70.864,4
75812685,0.02790107439179455,32,16,0.5,medium,32.416,37.049,68.0,2.125,1.4523687548277813,30,0.9706,56.773,9.227,110.748,25.019,0.1452,9.227,74.098,2
75813131,0.03608744517311867,28,12,0.4286,medium,30.1,33.727,80.0,2.857142857142857,1.4568627181693672,24,0.8,56.974,10.858,114.378,25.091,0.1746,10.858,47.698,4
75813241,0.04897345367904239,28,8,0.2857,medium,27.823,32.793,80.0,2.857142857142857,1.456862718169367,26,0.95,60.871,10.56,112.947,26.22,0.1323,12.053,112.947,2
75815070,0.03235707219241457,36,16,0.4444,large,31.829,38.045,84.0,2.3333333333333335,1.6329931618554518,34,0.9286,58.343,9.09,115.775,25.913,0.1429,17.375,97.532,2
75815433,0.03989448919934983,20,8,0.4,small,32.142,36.419,52.0,2.6,1.9595917942265426,18,0.8077,61.971,12.286,121.916,27.053,0.1789,15.267,55.729,2
75815465,0.030650281688028684,20,8,0.4,small,32.705,37.976,48.0,2.4,1.4966629547095767,18,0.875,60.74,10.572,110.282,25.583,0.1579,10.572,75.952,2
75816344,0.02982662595549747,32,16,0.5,medium,30.63,36.597,76.0,2.375,1.4086784586980805,28,0.9474,55.165,9.518,104.747,24.07,0.1371,13.353,70.46,4
75816639,0.03363541228707714,24,12,0.5,small,34.005,39.514,68.0,2.8333333333333335,1.0671873729054748,22,0.8824,60.075,12.139,117.873,26.564,0.1739,12.342,104.771,2
75818582,0.040155704271136836,24,12,0.5,small,34.697,38.007,56.0,2.3333333333333335,0.7453559924999298,22,0.9286,58.53,11.415,113.279,25.668,0.1594,11.706,97.662,2
75820022,0.04917423531965796,36,16,0.4444,large,32.399,36.719,100.0,2.7777777777777777,1.0304020550550783,32,0.88,57.936,9.952,116.102,25.622,0.1302,12.418,51.928,4
75820420,0.03841877791892859,28,8,0.2857,medium,35.1,38.693,68.0,2.4285714285714284,1.4982983545287878,24,0.9412,64.244,10.296,132.004,28.54,0.1429,11.121,54.72,4
75822007,0.03446597557318572,28,12,0.4286,medium,34.062,36.581,88.0,3.142857142857143,0.9897433186107869,24,0.8182,60.078,11.531,123.897,26.658,0.1429,13.683,69.105,4
75822068,0.036495656286682235,32,16,0.5,medium,33.977,37.668,80.0,2.5,1.118033988749895,28,0.85,58.914,10.141,117.691,26.234,0.1371,11.993,83.22,4
75823093,0.04142340881958374,36,16,0.4444,large,32.722,38.242,92.0,2.5555555555555554,1.6405358955814886,34,0.9565,58.672,10.277,111.852,25.954,0.1365,13.435,97.465,2
75825240,0.04411022613027422,28,12,0.4286,medium,31.275,36.84,100.0,3.5714285714285716,1.498298354528788,26,0.96,58.782,12.409,115.993,25.466,0.1323,18.939,96.791,2
75825491,0.04271931260735117,32,12,0.375,medium,33.141,36.728,88.0,2.75,1.3919410907075054,30,0.9091,60.887,9.806,114.503,27.075,0.1371,11.941,114.503,2
75826365,0.03783081813302727,32,16,0.5,medium,33.516,38.316,88.0,2.75,1.7853571071357126,28,0.9545,57.377,9.681,112.978,25.494,0.1532,9.681,37.631,4
75826720,0.04497952801788033,32,12,0.375,medium,30.483,34.704,96.0,3.0,1.4142135623730951,30,0.9167,58.391,10.948,114.195,25.585,0.129,11.646,65.127,2
75827029,0.04692254909150934,20,8,0.4,small,37.803,37.893,44.0,2.2,1.16619037896906,18,0.8182,63.32,14.271,118.563,26.33,0.0947,22.254,118.563,2
75827649,0.0322070920798445,32,16,0.5,medium,32.403,37.09,76.0,2.375,1.5761900266148114,28,0.9474,57.26,10.306,117.577,25.593,0.1694,10.306,52.453,4
75828924,0.025797706676432546,28,8,0.2857,medium,31.963,33.976,112.0,4.0,1.3093073414159542,26,0.9643,60.926,11.134,117.251,26.917,0.1534,11.292,117.251,2
75829171,0.04411430880279475,28,12,0.4286,medium,31.191,36.95,68.0,2.4285714285714284,1.049781318335648,24,0.7647,58.381,12.197,108.949,24.988,0.1217,12.197,69.36,4
75835292,0.030678613492584206,32,12,0.375,medium,32.652,36.146,76.0,2.375,1.653594569415369,30,0.8684,58.733,9.191,115.169,26.027,0.1371,17.869,94.962,2
75836803,0.034113256472949646,32,16,0.5,medium,31.897,36.243,64.0,2.0,0.8660254037844386,30,0.9375,55.701,9.784,115.319,24.988,0.1694,16.527,96.859,2
75837587,0.028987751057410575,28,16,0.5714,medium,31.406,35.389,76.0,2.7142857142857144,1.4846149779161804,26,0.8947,54.577,10.602,110.438,23.799,0.164,10.602,65.717,2
75837588,0.045377734778192826,32,16,0.5,medium,33.883,39.176,84.0,2.625,1.3169567191065923,30,0.9048,57.382,9.817,107.841,25.523,0.1532,13.249,103.309,2
75838010,0.02543593813113978,24,8,0.3333,small,31.893,36.497,72.0,3.0,1.7320508075688772,20,0.7222,59.423,11.69,102.611,25.307,0.1304,15.057,68.516,4
75840329,0.04899032291817226,24,8,0.3333,small,32.621,34.14,60.0,2.5,1.2583057392117916,22,0.9667,61.927,11.467,118.204,26.585,0.1449,12.389,104.332,2
75840368,0.03734285775421496,28,8,0.2857,medium,33.555,34.049,72.0,2.5714285714285716,1.840585532389304,26,0.8611,63.695,11.392,121.817,27.91,0.1005,14.352,101.601,2
75843788,0.04964819661719561,32,12,0.375,medium,33.481,35.871,108.0,3.375,1.4947825928876748,28,0.9259,60.194,10.783,117.603,26.792,0.129,11.951,78.108,4
75843963,0.049903614797582825,36,12,0.3333,large,31.07,35.1,120.0,3.3333333333333335,1.7638342073763937,32,0.9,60.755,10.781,128.287,27.085,0.1492,11.744,34.029,4
75845040,0.026919205056746266,24,8,0.3333,small,35.349,36.968,56.0,2.3333333333333335,1.3743685418725535,22,0.9643,65.686,11.504,131.146,28.269,0.1304,14.168,67.461,2
75845161,0.030385043750260434,32,12,0.375,medium,31.987,37.293,88.0,2.75,1.1989578808281798,30,0.9545,62.487,10.575,125.136,27.817,0.1371,12.351,69.486,2
75845337,0.027477294499009843,32,16,0.5,medium,34.561,39.288,68.0,2.125,1.2686114456365274,28,0.9412,58.726,10.597,116.115,25.994,0.1452,13.488,70.921,4
75845704,0.03725462383905353,36,16,0.4444,large,34.634,39.93,64.0,1.7777777777777777,1.030402055055078,32,0.8125,60.281,9.838,120.075,26.865,0.1302,10.529,71.127,4
75847145,0.03386676898361264,36,20,0.5556,large,33.854,39.27,96.0,2.6666666666666665,1.414213562373095,32,0.9583,56.846,9.546,113.341,25.679,0.1556,9.546,42.339,4
75848499,0.03681109196027027,28,12,0.4286,medium,33.575,37.43,64.0,2.2857142857142856,1.2777531299998797,26,0.875,59.556,11.387,116.451,26.029,0.1323,11.571,73.76,2
75850159,0.02937319146103754,24,8,0.3333,small,33.797,35.205,72.0,3.0,1.2909944487358056,22,0.9722,62.271,10.324,117.028,27.468,0.1159,10.324,98.001,2
75850258,0.03169286962395433,36,16,0.4444,large,34.77,38.8,72.0,2.0,1.247219128924647,34,0.9167,59.445,9.936,113.956,26.426,0.1302,13.85,50.079,2
75850508,0.03308447876401456,24,8,0.3333,small,31.566,35.162,92.0,3.8333333333333335,0.8975274678557507,20,0.8261,59.356,12.272,101.994,25.209,0.1159,12.272,49.726,4
75851051,0.03076913051039511,28,12,0.4286,medium,35.942,38.133,68.0,2.4285714285714284,1.2936264483053452,26,0.9706,61.214,9.703,117.731,26.64,0.1217,9.703,64.218,2
75851214,0.025156718025911157,24,8,0.3333,small,38.111,38.519,44.0,1.8333333333333333,0.6871842709362769,22,0.9545,63.55,11.252,114.074,27.258,0.1014,18.724,98.478,2
75851849,0.04476510989066895,32,12,0.375,medium,33.288,36.564,108.0,3.375,1.2183492931011204,30,0.9074,60.935,11.494,129.342,27.188,0.129,13.838,72.888,2
75852143,0.03690131875160282,28,12,0.4286,medium,30.387,36.222,92.0,3.2857142857142856,1.5779087167410373,26,0.8913,56.552,12.913,108.702,24.546,0.1323,13.553,97.272,2
75852471,0.04419827199486033,24,8,0.3333,small,31.219,32.824,80.0,3.3333333333333335,1.4907119849998598,20,0.95,60.686,11.367,118.459,26.318,0.1159,11.367,83.763,4
75853717,0.047234159404702936,28,12,0.4286,medium,33.324,37.484,76.0,2.7142857142857144,1.2777531299998797,24,0.8421,60.321,11.564,120.756,26.739,0.1534,11.918,73.896,4
75853843,0.04919319694591413,28,12,0.4286,medium,30.65,34.154,80.0,2.857142857142857,1.2453996981544784,24,0.85,57.63,11.089,106.151,24.914,0.1323,11.089,34.424,4
75854043,0.030343031623155308,28,12,0.4286,medium,32.488,36.257,92.0,3.2857142857142856,1.7496355305594131,26,0.9783,59.408,9.909,110.166,26.271,0.164,9.909,105.08,2
75854436,0.0458050750946945,20,8,0.4,small,29.886,33.029,64.0,3.2,0.7483314773547882,16,0.75,58.124,11.771,107.544,24.055,0.1158,15.769,76.045,4
75854766,0.03552221302982737,32,12,0.375,medium,33.726,37.448,88.0,2.75,1.0897247358851685,28,0.9545,61.15,10.592,126.014,27.2,0.1048,11.375,73.386,4
75854976,0.0264428053112726,28,16,0.5714,medium,32.22,38.466,60.0,2.142857142857143,0.9897433186107872,26,0.9667,55.423,10.832,108.332,24.574,0.1746,11.86,76.933,2
75855112,0.03964665549736697,20,8,0.4,small,27.736,31.613,44.0,2.2,0.7483314773547883,18,0.8636,58.819,11.668,108.095,24.569,0.1579,11.668,63.226,2
75855494,0.046125811039834305,36,16,0.4444,large,33.088,39.338,104.0,2.888888888888889,1.5234788000891208,34,0.9808,59.76,10.418,121.925,27.148,0.1746,10.418,78.675,2
75856083,0.033134679040868184,32,12,0.375,medium,35.22,39.656,68.0,2.125,0.9270248108869579,30,0.8824,61.687,9.801,120.284,27.897,0.1371,12.764,60.423,2
75856289,0.038943258041356975,36,16,0.4444,large,34.709,37.863,84.0,2.3333333333333335,1.1547005383792515,34,0.9286,58.706,10.83,119.442,26.196,0.1111,11.81,96.551,2
75856880,0.04342091857440494,32,16,0.5,medium,33.428,37.725,60.0,1.875,0.9270248108869579,30,0.9,58.162,11.45,113.442,25.773,0.1452,12.948,95.89,2
75858039,0.03435691244905543,32,8,0.25,medium,32.131,35.856,60.0,1.875,1.2686114456365274,30,0.9333,61.729,9.707,118.19,27.245,0.129,12.383,56.813,2
75859612,0.03672900341023345,20,4,0.2,small,31.506,31.506,56.0,2.8,1.16619037896906,16,0.8571,64.132,14.79,111.462,26.377,0.0737,14.79,68.747,4
75862353,0.040844219730407375,24,8,0.3333,small,33.951,36.932,68.0,2.8333333333333335,1.3437096247164249,20,0.7647,61.488,11.17,114.052,26.726,0.1304,14.336,43.799,4
75862477,0.026935090662785016,28,12,0.4286,medium,32.502,39.659,52.0,1.8571428571428572,0.989743318610787,26,0.9615,58.73,10.075,109.854,26.007,0.164,11.634,79.318,2
75862678,0.0423989903238068,28,8,0.2857,medium,32.965,35.568,96.0,3.4285714285714284,1.3997084244475304,26,0.9167,61.526,12.519,112.785,26.567,0.1111,12.685,99.702,2
75863121,0.04813789498004327,32,12,0.375,medium,30.692,34.63,100.0,3.125,1.5360257159305635,28,0.84,58.607,11.997,112.144,25.588,0.129,12.358,79.298,4
75863142,0.025650545346577496,20,8,0.4,small,36.334,36.463,64.0,3.2,1.3266499161421599,16,0.8125,62.589,11.289,114.303,26.382,0.1368,11.289,51.567,4
75864159,0.0459690020069399,36,16,0.4444,large,32.175,36.932,76.0,2.111111111111111,1.594744454934147,34,0.9737,60.822,9.999,130.048,27.571,0.1619,9.999,130.048,2
75864891,0.03250464920879255,24,8,0.3333,small,31.031,32.782,76.0,3.1666666666666665,1.3437096247164249,20,0.9474,61.3,10.53,111.481,26.439,0.1159,10.53,78.829,4
75864911,0.03473681141210711,24,4,0.1667,small,28.238,28.238,60.0,2.5,1.5,20,0.9333,63.975,12.83,121.249,27.27,0.1159,12.83,85.736,4
75865456,0.03387118634978206,32,12,0.375,medium,28.941,34.331,68.0,2.125,1.2686114456365274,28,0.9412,59.12,9.771,119.36,26.501,0.1694,10.513,30.557,4
75866275,0.03526745899207557,36,20,0.5556,large,34.956,38.58,68.0,1.8888888888888888,1.2862041003100253,34,0.9706,57.807,9.14,122.102,26.189,0.1429,9.14,76.127,2
75867151,0.026863254879359526,24,8,0.3333,small,32.65,33.768,68.0,2.8333333333333335,1.3437096247164249,22,0.8824,58.282,13.151,98.525,24.738,0.1014,13.151,96.488,2
75870117,0.026743974579422725,20,8,0.4,small,34.769,36.144,52.0,2.6,1.3564659966250538,18,0.8462,59.532,11.078,104.179,26.066,0.1789,11.99,95.746,2
75872623,0.02509422236864832,32,12,0.375,medium,30.81,35.392,100.0,3.125,1.5360257159305635,30,0.96,59.521,12.245,119.8,26.078,0.129,17.454,98.852,2
75874543,0.03491464294376518,36,16,0.4444,large,34.155,38.119,100.0,2.7777777777777777,1.0304020550550783,34,0.94,59.846,10.581,122.243,27.146,0.1492,12.239,75.998,2
75875734,0.0440549954172591,36,12,0.3333,large,30.661,36.832,76.0,2.111111111111111,1.4487116456005888,34,0.8947,62.421,9.028,123.099,28.306,0.1683,20.959,96.57,2
75877534,0.03965122157694662,24,8,0.3333,small,34.862,37.495,84.0,3.5,1.5,22,0.9524,59.897,11.872,102.836,25.538,0.1159,16.123,102.836,2
75878390,0.025930962540619343,28,12,0.4286,medium,34.556,38.664,88.0,3.142857142857143,1.355261854357877,26,0.9091,59.503,11.216,113.832,26.237,0.1429,12.229,113.832,2
75880085,0.025257043308269236,32,12,0.375,medium,31.073,35.496,104.0,3.25,1.5612494995995996,30,0.9423,60.852,11.867,124.756,27.038,0.1452,11.977,46.798,2
75882192,0.04724125283752278,28,12,0.4286,medium,30.427,34.384,80.0,2.857142857142857,1.6413036132965795,24,0.75,58.31,10.205,115.78,26.076,0.1852,11.649,46.446,4
75886361,0.02797235762330462,24,8,0.3333,small,32.319,33.602,104.0,4.333333333333333,1.4907119849998596,20,0.8077,60.032,12.36,113.808,25.825,0.1304,12.36,67.482,4
75888085,0.04494191068571296,32,12,0.375,medium,33.988,37.665,80.0,2.5,1.224744871391589,30,0.975,61.119,10.217,121.418,27.293,0.1371,10.62,121.418,2
75888091,0.026674425585040688,28,12,0.4286,medium,32.615,37.475,76.0,2.7142857142857144,1.4846149779161804,26,0.9737,58.842,10.704,114.778,25.303,0.1217,17.993,99.154,2
75888282,0.03009388318895309,32,16,0.5,medium,33.849,38.036,84.0,2.625,1.4947825928876748,30,0.9524,57.909,9.343,112.717,25.844,0.1532,11.551,112.717,2
75890927,0.03941398770121322,24,12,0.5,small,34.981,38.833,52.0,2.1666666666666665,1.4624940645653537,22,0.8077,57.924,11.336,104.364,25.313,0.1594,12.178,102.012,2
75890977,0.04162230801212046,28,12,0.4286,medium,31.07,36.211,68.0,2.4285714285714284,1.0497813183356477,26,0.9706,58.439,9.9,119.886,26.124,0.1746,12.37,119.886,2
75890978,0.028238616810213814,24,8,0.3333,small,34.662,35.158,56.0,2.3333333333333335,1.4907119849998598,22,0.8929,61.829,10.685,111.653,27.043,0.1304,13.874,98.852,2
75891081,0.028615663175445026,24,8,0.3333,small,33.483,36.171,76.0,3.1666666666666665,1.674979270186815,22,0.9737,60.242,10.104,108.468,26.15,0.1304,10.104,108.468,2
75891671,0.0402358168123233,20,8,0.4,small,28.934,34.94,56.0,2.8,1.6,18,0.9643,62.234,14.706,120.982,26.174,0.1368,14.706,110.68,2
75891694,0.029179873214748367,24,8,0.3333,small,33.952,34.016,68.0,2.8333333333333335,1.5723301886761005,22,0.8824,60.771,11.667,109.362,25.747,0.1159,16.33,98.339,2
75892238,0.027016233418530895,32,12,0.375,medium,32.549,37.197,80.0,2.5,1.0,30,0.975,59.987,9.595,117.88,27.087,0.1532,9.595,100.642,2
75892635,0.03586607647999947,36,16,0.4444,large,36.612,39.899,76.0,2.111111111111111,1.3698697784375504,34,0.9737,61.434,9.669,121.856,28.096,0.1429,9.669,78.881,2
75895003,0.04411096372691727,32,20,0.625,medium,36.905,41.983,64.0,2.0,1.0,28,0.875,58.983,9.799,121.552,26.553,0.1452,11.741,85.95,4
75896280,0.02989744821082844,36,16,0.4444,large,36.045,39.517,88.0,2.4444444444444446,1.5713484026367721,34,0.9773,62.338,10.068,122.225,28.331,0.1492,10.068,122.225,2
75896918,0.04097315007562388,20,4,0.2,small,33.603,33.603,60.0,3.0,1.2649110640673518,18,0.8333,66.294,12.898,118.195,28.116,0.1158,12.898,118.195,2
75897382,0.04587664653731775,20,4,0.2,small,29.363,29.363,56.0,2.8,1.3266499161421599,18,0.8929,66.338,13.843,121.887,27.827,0.1158,22.447,58.726,2
75898362,0.03718128362954233,32,12,0.375,medium,32.111,35.97,76.0,2.375,1.3169567191065923,30,0.9474,59.243,10.635,116.624,26.358,0.1452,10.635,51.152,2
75898624,0.0373953669533781,32,16,0.5,medium,35.705,40.749,88.0,2.75,1.6393596310755,30,0.9773,58.965,9.283,110.459,26.74,0.1613,12.448,81.499,2
75899584,0.030621127253529543,20,4,0.2,small,31.368,31.368,40.0,2.0,1.5491933384829668,16,0.9,62.537,11.239,101.221,26.128,0.1158,11.239,69.945,4
75899927,0.030555809066962866,36,20,0.5556,large,36.036,41.019,76.0,2.111111111111111,1.286204100310025,34,0.9737,57.665,9.383,106.238,25.989,0.1492,9.383,75.602,2
75900177,0.04044580957446872,32,12,0.375,medium,34.104,37.3,100.0,3.125,1.6153559979150107,30,0.96,60.542,10.427,123.193,27.193,0.1452,10.427,58.204,2
75900368,0.040647303362043974,32,12,0.375,medium,33.305,36.298,80.0,2.5,1.4142135623730951,30,0.975,59.611,9.827,118.977,26.325,0.121,9.827,72.596,2
75902356,0.029730410570320002,24,8,0.3333,small,31.791,34.328,60.0,2.5,1.118033988749895,20,0.8,62.907,10.393,120.1,27.285,0.1449,10.393,72.471,4
75902962,0.03263152064268449,24,8,0.3333,small,33.647,34.614,84.0,3.5,1.3844373104863459,22,0.9048,64.737,11.713,119.567,29.11,0.1594,11.906,109.399,2
75904310,0.025571808686488437,32,12,0.375,medium,35.389,39.211,56.0,1.75,1.299038105676658,28,0.9286,61.837,10.205,121.467,27.352,0.129,10.205,55.453,4
75905571,0.044161695139489476,20,8,0.4,small,32.824,32.946,52.0,2.6,1.6248076809271923,16,0.6923,60.52,17.564,113.673,24.917,0.0947,17.564,46.246,4
75905839,0.03807846244541783,36,16,0.4444,large,34.45,39.808,68.0,1.8888888888888888,1.1967032904743342,34,0.9706,61.727,9.089,123.343,28.485,0.1746,9.893,103.626,2
75907512,0.048611611446190355,24,12,0.5,small,34.758,37.104,64.0,2.6666666666666665,1.3743685418725535,22,0.875,60.307,11.471,124.223,26.721,0.1594,14.767,103.44,2
75908481,0.04191295044834625,28,12,0.4286,medium,33.187,36.921,76.0,2.7142857142857144,1.749635530559413,24,0.9474,59.061,10.909,117.143,25.497,0.1111,10.909,52.214,4
75908621,0.02637985933541679,24,8,0.3333,small,32.286,33.2,60.0,2.5,1.5,22,0.9667,61.857,11.592,116.812,26.689,0.1304,11.592,116.812,2
75909283,0.043153155687848554,32,12,0.375,medium,32.765,36.643,80.0,2.5,1.6583123951777,30,0.925,61.48,9.503,126.103,27.367,0.1371,15.878,96.126,2
75909571,0.026562133550974754,36,12,0.3333,large,34.062,36.767,104.0,2.888888888888889,1.1967032904743342,32,0.9615,59.765,10.524,112.468,26.345,0.1175,10.624,51.997,4
75909889,0.043640824303436236,32,12,0.375,medium,33.431,35.996,72.0,2.25,1.6393596310755,30,0.8611,60.61,9.289,120.368,26.794,0.129,14.426,102.365,2
75910069,0.03986701153551506,20,8,0.4,small,36.838,38.057,60.0,3.0,1.4142135623730951,16,0.9333,63.899,11.677,112.996,26.919,0.1368,11.677,79.9,4
75910097,0.04107244930955115,24,8,0.3333,small,34.854,37.601,56.0,2.3333333333333335,1.1055415967851334,20,0.8571,62.912,11.281,118.333,27.138,0.1159,13.684,45.406,4
75910559,0.04715096157152386,28,12,0.4286,medium,35.05,37.796,104.0,3.7142857142857144,1.577908716741037,26,0.9423,62.037,11.63,119.828,27.207,0.1323,13.405,70.904,2
75911154,0.0448980362280005,32,12,0.375,medium,29.437,33.741,112.0,3.5,1.5811388300841898,28,0.8214,60.573,10.625,127.928,27.151,0.1613,14.599,67.425,4
75911542,0.03300977973542514,28,12,0.4286,medium,32.308,37.435,56.0,2.0,1.0690449676496976,24,0.7143,59.724,11.121,119.739,26.407,0.1429,13.136,70.043,4
75911938,0.04614247220547165,24,12,0.5,small,33.851,35.771,64.0,2.6666666666666665,1.3743685418725535,22,0.9688,58.895,11.571,110.441,25.168,0.1304,11.571,60.157,2
75912766,0.03226174687937583,20,4,0.2,small,31.939,31.939,48.0,2.4,0.48989794855663565,18,0.9167,65.708,11.06,115.23,27.668,0.1368,22.707,96.979,2
75914931,0.048739838084619874,24,8,0.3333,small,34.448,36.23,68.0,2.8333333333333335,1.4624940645653537,22,0.8824,61.722,12.621,113.144,26.213,0.1014,16.629,96.873,2
75915235,0.038925194078245184,24,12,0.5,small,31.318,35.269,56.0,2.3333333333333335,1.3743685418725535,22,0.8571,56.996,10.452,109.42,24.676,0.1739,10.452,49.775,2
75918336,0.028852179308455853,24,8,0.3333,small,34.355,36.964,52.0,2.1666666666666665,1.0671873729054748,22,0.8462,63.367,9.781,114.049,27.714,0.1739,11.729,73.927,2
75920012,0.03904511964569306,24,8,0.3333,small,33.37,35.332,72.0,3.0,1.0,22,0.8889,60.056,11.992,104.807,25.396,0.1159,11.992,101.416,2
75920471,0.04052813989956363,32,12,0.375,medium,32.466,35.7,72.0,2.25,1.299038105676658,28,0.8333,60.178,11.457,119.958,26.856,0.1532,11.765,37.153,4
75921008,0.03328953904054564,24,8,0.3333,small,31.724,36.627,88.0,3.6666666666666665,1.247219128924647,20,0.7727,60.07,11.884,107.828,25.455,0.1304,14.199,71.552,4
75921657,0.034010112419649664,36,16,0.4444,large,32.539,38.948,64.0,1.7777777777777777,0.9162456945817022,34,0.9375,57.645,9.822,105.473,25.564,0.1492,10.14,65.58,2
75921661,0.04007317142166052,36,20,0.5556,large,34.713,40.227,72.0,2.0,1.4142135623730951,34,0.9722,58.251,10.526,126.297,26.542,0.1429,10.772,80.372,2
75921861,0.03356716879937378,32,12,0.375,medium,29.889,35.237,92.0,2.875,1.3635890143294642,28,0.8696,58.557,9.905,116.698,25.793,0.1452,13.722,72.672,4
75923421,0.027733749072104647,32,16,0.5,medium,33.972,38.449,72.0,2.25,1.479019945774904,28,0.9444,58.21,9.808,115.172,26.151,0.1452,12.411,81.439,4
75923998,0.02782129180781867,28,12,0.4286,medium,33.225,37.367,68.0,2.4285714285714284,1.1780301787479028,24,0.8824,59.785,12.031,116.02,25.999,0.1323,13.947,82.039,4
75924157,0.035676846286851444,24,8,0.3333,small,32.427,34.28,60.0,2.5,1.3844373104863459,20,0.9333,63.521,10.21,118.373,27.821,0.1449,10.21,83.703,4
75924167,0.03998934315700714,24,12,0.5,small,35.183,37.963,60.0,2.5,1.6072751268321592,20,0.9333,58.523,11.257,112.695,25.687,0.1304,14.759,50.111,4
75924823,0.03686703504589299,28,12,0.4286,medium,30.016,35.989,96.0,3.4285714285714284,1.3997084244475304,24,0.8333,56.66,11.109,107.007,24.428,0.1323,18.329,67.596,4
75925168,0.038890439086905246,28,12,0.4286,medium,35.001,38.91,64.0,2.2857142857142856,1.577908716741037,24,0.8125,59.655,11.279,105.38,26.199,0.1217,11.279,72.222,4
75926154,0.03556136430969975,32,12,0.375,medium,34.213,36.852,100.0,3.125,1.6153559979150107,28,0.8,62.632,10.189,127.719,28.321,0.1613,11.95,41.825,4
75927019,0.042313910850711525,20,8,0.4,small,32.583,38.684,76.0,3.8,1.1661903789690602,18,0.9474,62.797,13.137,116.84,26.516,0.1579,25.485,104.717,2
75927245,0.04041608177922537,24,4,0.1667,small,29.964,29.964,64.0,2.6666666666666665,1.699673171197595,20,0.9375,65.417,9.049,117.68,28.716,0.1304,9.049,80.417,4
75927335,0.0344577105617076,40,16,0.4,large,32.406,37.916,108.0,2.7,1.3453624047073711,36,0.963,60.172,10.597,130.629,27.143,0.1538,10.716,53.621,4
75927373,0.026828427178163625,28,12,0.4286,medium,29.424,33.819,84.0,3.0,1.5118578920369088,24,0.8095,58.158,10.791,112.766,25.901,0.1746,12.225,47.827,4
75927389,0.034075891638701505,28,8,0.2857,medium,30.912,36.159,68.0,2.4285714285714284,1.178030178747903,24,0.8235,60.421,10.994,105.146,26.043,0.1323,10.994,74.35,4
75927660,0.03711306694986121,28,12,0.4286,medium,34.225,36.491,64.0,2.2857142857142856,1.0301575072754257,26,0.9062,58.331,12.489,109.511,25.284,0.1111,12.489,96.855,2
75927875,0.042156446434406504,28,8,0.2857,medium,32.006,32.736,92.0,3.2857142857142856,1.9794866372215745,26,0.8913,62.037,11.37,120.585,27.241,0.1429,11.37,65.472,2
75928348,0.039047632474345735,40,12,0.3,large,35.173,36.859,88.0,2.2,1.5362291495737217,36,0.8182,62.767,9.8,128.033,28.152,0.1077,10.819,69.159,4
75928517,0.0413753828459514,32,16,0.5,medium,33.188,36.854,76.0,2.375,1.4086784586980805,30,0.9474,56.176,10.592,107.229,24.559,0.121,15.109,97.047,2
75928760,0.02700702228944477,32,12,0.375,medium,33.201,36.895,72.0,2.25,1.3919410907075054,28,0.8333,61.383,10.318,121.137,27.239,0.121,10.702,85.657,4
75929958,0.03729785449827661,36,16,0.4444,large,35.308,38.053,60.0,1.6666666666666667,0.6666666666666666,34,0.9667,60.476,10.045,116.311,26.942,0.1302,17.2,99.017,2
75930440,0.0437720098281646,24,8,0.3333,small,33.717,35.734,76.0,3.1666666666666665,1.4624940645653537,22,0.9474,63.616,11.557,125.02,28.103,0.1594,13.989,97.718,2
75930516,0.03282398140274337,28,8,0.2857,medium,31.533,38.897,68.0,2.4285714285714284,1.4982983545287878,26,0.9412,64.127,10.109,126.523,28.157,0.1217,17.784,48.336,2
75930627,0.035384220489943684,20,4,0.2,small,39.05,39.05,40.0,2.0,1.0954451150103321,18,0.8,66.027,10.596,112.058,29.208,0.1789,13.354,78.1,2
75930684,0.042443553489184174,32,12,0.375,medium,30.683,37.21,76.0,2.375,0.9921567416492215,30,0.8947,57.937,11.075,104.913,25.045,0.1129,13.44,74.42,2
75934343,0.03856737932170316,36,16,0.4444,large,34.7,39.43,56.0,1.5555555555555556,0.9558139185602919,32,0.9286,60.583,9.1,120.042,27.717,0.1746,9.1,84.883,4
75935643,0.025478625252043544,20,4,0.2,small,35.273,35.273,52.0,2.6,1.624807680927192,16,0.6923,63.437,14.745,103.624,26.399,0.0947,16.215,73.273,4
75936669,0.028800605478274642,28,12,0.4286,medium,33.175,37.298,60.0,2.142857142857143,1.124858267715973,26,0.9,58.462,9.44,108.527,25.767,0.1323,13.029,100.64,2
75937328,0.02654332233186085,32,12,0.375,medium,32.784,35.551,116.0,3.625,1.5761900266148114,28,0.8621,58.446,11.448,109.045,25.372,0.121,17.339,67.765,4
75937738,0.039002517419092865,36,16,0.4444,large,32.532,36.361,96.0,2.6666666666666665,1.05409255338946,34,0.9583,59.372,10.4,119.11,26.923,0.1556,10.4,71.571,2
75938056,0.04547592255737496,32,12,0.375,medium,32.712,36.439,92.0,2.875,1.3635890143294642,30,0.8913,60.042,10.897,115.849,26.994,0.1613,14.102,95.751,2
75938189,0.04190025585231312,32,8,0.25,medium,31.53,32.914,92.0,2.875,1.6153559979150107,30,0.9348,62.741,9.462,120.136,27.868,0.1371,15.916,95.916,2
75939046,0.028039983596447347,36,20,0.5556,large,32.732,39.773,60.0,1.6666666666666667,1.247219128924647,34,0.9667,55.051,9.215,104.263,24.365,0.1365,9.215,56.622,2
75940913,0.027370359237166367,28,12,0.4286,medium,32.561,36.994,68.0,2.4285714285714284,1.4982983545287878,26,0.9706,59.728,10.693,113.714,26.218,0.1323,10.735,110.26,2
75941101,0.025596522869543142,28,8,0.2857,medium,31.762,34.45,68.0,2.4285714285714284,1.0497813183356477,24,0.8235,63.877,9.864,121.545,27.79,0.1217,16.802,68.888,4
75941873,0.037563201092535026,24,12,0.5,small,34.45,37.914,68.0,2.8333333333333335,1.4624940645653537,22,0.9706,60.444,10.087,115.488,26.199,0.1449,10.087,108.2,2
75942176,0.035002274866796246,28,16,0.5714,medium,33.697,37.609,64.0,2.2857142857142856,1.4846149779161806,26,0.875,55.835,11.032,108.525,24.503,0.1429,11.853,50.872,2
75942366,0.029940478247614588,20,8,0.4,small,33.311,33.409,48.0,2.4,1.3564659966250538,18,0.9583,62.535,13.23,121.826,26.24,0.1158,13.23,66.819,2
75943024,0.04727675183650369,32,16,0.5,medium,31.6,34.611,96.0,3.0,1.7320508075688772,28,0.875,56.299,9.346,117.167,25.123,0.1694,11.515,47.952,4
75943167,0.029874440390200093,20,4,0.2,small,31.506,31.506,68.0,3.4,1.019803902718557,18,0.8824,67.819,11.44,128.942,28.728,0.1158,21.853,97.378,2
75943919,0.04690851275065079,24,8,0.3333,small,35.705,35.911,84.0,3.5,1.118033988749895,22,0.9048,62.5,12.628,114.749,26.725,0.1014,12.628,96.831,2
75947221,0.027178966581725944,24,8,0.3333,small,34.749,37.437,72.0,3.0,1.7320508075688772,20,0.8889,63.593,10.673,115.785,28.077,0.1594,14.369,69.389,4
75947997,0.039656280706727304,24,12,0.5,small,35.121,38.482,44.0,1.8333333333333333,0.8975274678557508,20,0.9091,60.478,9.397,114.269,26.1,0.1304,9.397,54.421,4
75951597,0.03208866672888566,36,16,0.4444,large,34.732,37.693,68.0,1.8888888888888888,0.7370277311900888,32,0.8235,58.611,10.619,112.914,25.792,0.1175,12.614,70.393,4
75952877,0.04720172979059388,24,8,0.3333,small,35.239,35.66,56.0,2.3333333333333335,1.5986105077709065,20,0.9286,62.642,10.426,118.162,27.235,0.1449,12.79,73.612,4
75953448,0.04668505711601513,20,4,0.2,small,35.051,35.051,36.0,1.8,0.7483314773547883,16,0.7778,63.767,10.488,107.057,27.508,0.1368,11.194,71.276,4
75953848,0.026604719187830115,32,16,0.5,medium,34.01,38.2,76.0,2.375,1.1110243021644486,28,0.7895,56.584,11.165,103.378,25.075,0.129,11.42,46.84,4
75955697,0.030197706188415087,20,8,0.4,small,35.207,35.899,44.0,2.2,1.5999999999999999,18,0.9545,60.519,15.985,106.832,24.985,0.0737,15.985,71.799,2
75955828,0.04067907502534035,32,16,0.5,medium,34.579,38.634,68.0,2.125,1.2686114456365274,28,0.8235,57.154,9.314,109.337,25.455,0.1371,11.775,77.313,4
75956569,0.04622728605141772,32,12,0.375,medium,31.337,36.982,88.0,2.75,1.1989578808281798,30,0.9318,61.479,10.912,121.629,27.479,0.1613,12.266,47.55,2
75957576,0.03838695460250892,24,8,0.3333,small,33.376,34.743,68.0,2.8333333333333335,0.6871842709362768,20,0.8824,61.119,11.438,113.785,26.093,0.1304,15.58,80.458,4
75957597,0.04715058746155065,24,8,0.3333,small,31.49,33.656,68.0,2.8333333333333335,1.0671873729054748,20,0.8824,60.475,12.039,108.06,26.157,0.1159,12.77,73.561,4
75957995,0.03734039058419254,24,8,0.3333,small,34.841,38.931,52.0,2.1666666666666665,0.8975274678557507,22,0.9615,61.502,9.633,106.265,26.685,0.1594,9.633,99.253,2
75958272,0.03292768540479049,24,8,0.3333,small,33.093,35.222,52.0,2.1666666666666665,0.3726779962499649,20,0.8462,61.931,10.583,112.226,27.117,0.1449,10.583,69.348,4
75959127,0.04721579145825337,28,8,0.2857,medium,32.22,36.211,68.0,2.4285714285714284,1.4982983545287878,26,0.8824,62.152,9.559,110.775,26.861,0.1111,14.376,56.457,2
75959329,0.04001546740253144,36,16,0.4444,large,31.84,35.874,100.0,2.7777777777777777,1.4740554623801778,32,0.96,57.651,10.538,112.234,25.608,0.1556,18.228,69.439,4
75959429,0.025579754673342496,28,8,0.2857,medium,31.503,37.062,84.0,3.0,1.0690449676496976,24,0.7619,62.998,11.671,119.99,27.379,0.1323,14.816,69.792,4
75963673,0.049659981330451144,32,12,0.375,medium,30.699,35.405,92.0,2.875,1.5360257159305635,28,0.7826,57.634,10.796,106.486,25.188,0.1371,11.044,50.07,4
75963835,0.039959629631150684,32,12,0.375,medium,32.081,36.645,64.0,2.0,1.0,28,0.9375,59.506,11.434,116.929,26.016,0.1371,13.091,82.682,4
75963839,0.02559026465694858,28,12,0.4286,medium,30.839,34.857,72.0,2.5714285714285716,1.3997084244475302,24,0.8333,55.888,13.302,99.677,23.864,0.1111,13.302,32.636,4
75963975,0.04421391513302709,20,8,0.4,small,31.905,34.813,52.0,2.6,1.2000000000000002,18,0.8462,62.385,13.577,127.227,26.421,0.1368,16.006,57.995,2
75964397,0.049769634432964616,32,12,0.375,medium,32.385,35.869,96.0,3.0,1.3228756555322954,28,0.9583,60.174,10.646,115.822,26.263,0.121,12.334,49.328,4
75964594,0.042622764885175204,32,12,0.375,medium,30.707,36.031,84.0,2.625,1.3169567191065923,28,0.8571,59.838,9.722,112.628,26.558,0.1532,10.325,44.126,4
75964932,0.02532434026048685,20,8,0.4,small,33.075,34.195,48.0,2.4,1.3564659966250538,18,0.9583,60.064,11.012,109.358,25.182,0.1158,11.012,109.358,2
75967247,0.03703968816168045,32,12,0.375,medium,31.024,34.635,100.0,3.125,1.5360257159305635,28,0.92,61.389,10.61,123.026,26.991,0.1371,11.757,33.872,4
75969960,0.028313181023832363,36,16,0.4444,large,33.225,36.391,84.0,2.3333333333333335,1.49071198499986,34,0.9762,58.245,10.483,118.487,25.879,0.1302,10.483,69.974,2
75970255,0.040470390267116144,36,16,0.4444,large,35.526,38.995,76.0,2.111111111111111,1.2862041003100253,34,0.9737,61.756,10.257,120.523,27.562,0.1302,12.463,99.495,2
75970330,0.027004379437040617,24,12,0.5,small,34.922,38.597,76.0,3.1666666666666665,1.3437096247164249,22,0.9474,60.312,11.8,114.634,26.777,0.1739,11.8,55.776,2
75970563,0.03295677999301888,40,16,0.4,large,30.481,36.628,92.0,2.3,1.3453624047073711,36,0.913,58.406,9.205,117.789,26.105,0.1487,10.814,83.289,4
75972657,0.04209196062732794,28,8,0.2857,medium,31.153,31.941,72.0,2.5714285714285716,1.178030178747903,26,0.9444,61.481,10.177,109.768,26.614,0.1217,10.874,109.768,2
75972841,0.025402570981038427,28,12,0.4286,medium,30.517,36.646,80.0,2.857142857142857,1.355261854357877,26,0.975,58.763,11.331,118.65,26.081,0.1852,13.316,102.787,2
75974716,0.03156019846560136,28,8,0.2857,medium,34.083,37.578,68.0,2.4285714285714284,1.498298354528788,24,0.7647,62.994,10.429,120.119,27.422,0.1323,10.974,84.937,4
75976337,0.04315113499889227,24,8,0.3333,small,33.935,34.652,76.0,3.1666666666666665,1.6749792701868151,22,0.8684,61.376,12.091,114.428,26.551,0.1304,14.367,96.33,2
75979513,0.04813624891785792,20,4,0.2,small,34.855,34.855,60.0,3.0,1.4142135623730951,18,0.9333,66.566,12.382,115.915,27.835,0.1158,19.218,99.836,2
75984949,0.033018789983529404,32,12,0.375,medium,33.455,37.054,108.0,3.375,1.4947825928876748,30,0.9074,61.077,11.348,122.203,26.946,0.129,11.348,54.644,2
75991087,0.044085986938317494,20,8,0.4,small,33.289,36.547,56.0,2.8,1.469693845669907,16,0.8571,60.868,13.309,112.039,25.383,0.1158,13.309,71.807,4
75994516,0.041257709443572044,32,12,0.375,medium,35.563,37.294,80.0,2.5,0.7071067811865476,28,0.9,60.907,11.335,117.383,26.619,0.121,11.342,52.742,4
75995072,0.03258769535721081,32,16,0.5,medium,37.333,41.014,80.0,2.5,1.4142135623730951,28,0.95,60.46,9.436,120.971,27.32,0.1532,9.436,58.003,4
75995342,0.04238680933892533,36,12,0.3333,large,33.465,36.901,104.0,2.888888888888889,1.6629588385661962,34,0.9423,62.475,10.597,131.837,27.79,0.1175,17.536,97.445,2
75995655,0.044458274734955956,28,12,0.4286,medium,35.376,36.575,100.0,3.5714285714285716,1.6781914463529615,24,0.8,59.469,11.973,115.078,26.108,0.1429,11.973,47.667,4
75996990,0.040536586478683564,24,8,0.3333,small,32.479,34.591,76.0,3.1666666666666665,1.3437096247164249,20,0.7895,59.434,12.053,100.947,25.096,0.1159,12.053,71.328,4
75997234,0.04225330755035417,28,8,0.2857,medium,31.281,32.169,92.0,3.2857142857142856,1.385051387833237,26,0.913,63.056,10.447,123.861,27.542,0.1217,23.069,95.79,2
75997519,0.04079349745071467,20,8,0.4,small,33.399,36.128,48.0,2.4,1.2000000000000002,16,0.9167,61.726,10.546,114.956,25.989,0.1368,18.132,81.286,4
75998277,0.04311176509889012,32,16,0.5,medium,30.911,36.744,64.0,2.0,1.224744871391589,30,0.9688,56.381,9.557,116.855,24.946,0.1532,9.557,44.198,2
75998641,0.04387609416008857,28,12,0.4286,medium,29.922,33.682,80.0,2.857142857142857,1.124858267715973,24,0.85,57.316,11.614,106.915,24.502,0.1111,18.395,75.4,4
75998767,0.04892230752605863,32,12,0.375,medium,31.324,37.496,80.0,2.5,1.3228756555322954,28,0.75,59.312,9.833,113.574,26.009,0.129,12.285,70.234,4
75999774,0.030998994360327423,28,12,0.4286,medium,32.676,38.299,88.0,3.142857142857143,1.4568627181693672,26,0.8864,58.834,10.472,111.311,25.667,0.1323,13.21,104.807,2
76003630,0.03941382096594348,28,12,0.4286,medium,35.289,38.307,96.0,3.4285714285714284,1.3997084244475304,24,0.7917,60.633,11.446,112.18,26.534,0.1323,13.153,54.174,4
76004820,0.038571576222667915,32,12,0.375,medium,28.092,31.221,64.0,2.0,0.8660254037844386,28,0.9375,58.01,10.853,113.624,25.148,0.129,17.571,69.436,4
76011170,0.03853801570096391,20,4,0.2,small,31.401,31.401,32.0,1.6,0.7999999999999999,16,0.875,66.46,10.598,117.164,28.842,0.1158,21.041,44.408,4
76012428,0.04034897255662923,32,16,0.5,medium,36.341,39.075,56.0,1.75,0.9682458365518543,30,0.9643,59.722,9.869,119.147,26.865,0.1532,9.869,77.633,2
76020372,0.046918098807804745,28,8,0.2857,medium,30.236,35.491,92.0,3.2857142857142856,1.385051387833237,26,0.9783,62.407,11.349,113.457,27.028,0.1217,11.541,49.96,2
76022872,0.03572057679450939,28,12,0.4286,medium,35.928,38.99,64.0,2.2857142857142856,0.6998542122237651,26,0.9375,59.839,10.251,112.842,26.429,0.1429,11.457,97.569,2
76023273,0.034066098701175065,32,12,0.375,medium,32.139,36.669,92.0,2.875,1.2686114456365274,30,0.9348,60.063,11.948,116.293,26.213,0.121,11.948,105.449,2
76032198,0.045707356400047035,24,8,0.3333,small,35.722,36.579,72.0,3.0,1.0,20,0.7778,61.743,12.959,109.796,26.313,0.1014,17.375,68.164,4
76032608,0.04466196319327077,28,12,0.4286,medium,29.971,33.583,88.0,3.142857142857143,1.5518257844571735,26,0.8864,60.545,10.698,125.897,27.16,0.1534,10.698,46.444,2
76039927,0.04018000180273139,28,12,0.4286,medium,32.962,36.241,96.0,3.4285714285714284,1.4982983545287878,24,0.7917,58.151,10.273,114.152,26.044,0.164,13.055,69.712,4
76041054,0.02967793379371205,28,12,0.4286,medium,33.187,38.545,100.0,3.5714285714285716,1.498298354528788,24,0.96,57.807,10.867,105.314,25.061,0.1111,10.867,54.511,4
76042700,0.02948340272156852,28,8,0.2857,medium,32.079,32.438,100.0,3.5714285714285716,1.293626448305345,26,0.9,63.875,10.983,124.238,28.172,0.1429,23.135,94.84,2
76042942,0.039302672150312024,24,8,0.3333,small,31.753,35.78,48.0,2.0,1.1547005383792515,22,0.9167,60.9,11.749,116.592,25.836,0.1304,14.216,97.415,2
76044105,0.04776169113124739,32,12,0.375,medium,35.473,39.94,76.0,2.375,1.653594569415369,28,0.9474,62.575,10.164,119.293,28.411,0.1532,10.518,79.085,4
76045205,0.04907199558337836,28,12,0.4286,medium,29.579,35.007,88.0,3.142857142857143,1.2453996981544782,26,0.9773,56.46,11.244,106.494,24.261,0.1217,11.244,44.9,2
76045306,0.04003841451284963,20,8,0.4,small,35.182,39.266,44.0,2.2,1.4696938456699067,18,0.9545,65.221,10.358,125.021,28.575,0.1789,10.358,110.807,2
76048458,0.03940310715214349,20,4,0.2,small,31.585,31.585,52.0,2.6,1.3564659966250538,16,0.6923,66.671,9.773,118.378,28.789,0.1579,18.491,44.668,4
76050389,0.03943151574091126,20,8,0.4,small,28.845,33.971,72.0,3.6,1.4966629547095767,18,0.8889,60.833,12.288,125.863,26.45,0.1789,16.85,97.569,2
76056672,0.030006894163500816,32,12,0.375,medium,33.873,37.657,84.0,2.625,0.9921567416492215,28,0.8571,59.885,9.829,109.523,26.076,0.1129,14.092,70.794,4
76056759,0.02875493249245667,20,8,0.4,small,32.175,34.538,68.0,3.4,1.2000000000000002,18,0.9412,59.874,12.817,114.564,25.346,0.1579,23.705,96.648,2
76057451,0.04214800304091923,28,12,0.4286,medium,34.129,37.132,88.0,3.142857142857143,1.5518257844571737,26,0.9091,61.066,10.457,126.61,27.267,0.1323,12.109,101.958,2
76057722,0.03232788787627171,36,12,0.3333,large,31.663,35.601,120.0,3.3333333333333335,1.4142135623730951,34,0.9333,60.164,11.272,119.925,26.469,0.1175,11.272,96.532,2
76059391,0.03804779203304519,28,16,0.5714,medium,34.413,40.076,80.0,2.857142857142857,1.7261494247992246,24,0.75,57.079,10.84,114.52,25.378,0.164,10.84,52.737,4
76063562,0.04708055120130824,36,16,0.4444,large,32.346,36.903,104.0,2.888888888888889,1.594744454934147,32,0.8846,59.579,10.76,125.412,26.706,0.1429,11.219,32.52,4
76063621,0.04814718632576139,28,8,0.2857,medium,33.767,34.877,88.0,3.142857142857143,1.2453996981544784,24,0.9545,60.619,12.887,109.768,26.071,0.0794,18.068,69.47,4
76064593,0.04543498898612224,20,4,0.2,small,34.9,34.9,68.0,3.4,1.9595917942265426,18,0.8529,65.837,11.824,115.329,27.591,0.1158,11.824,105.086,2
76066636,0.04104916162953811,36,16,0.4444,large,33.186,39.767,84.0,2.3333333333333335,1.563471919941143,32,0.7619,60.81,10.474,123.1,26.999,0.1302,13.53,54.348,4
76067195,0.03591842715072826,28,8,0.2857,medium,30.964,33.139,88.0,3.142857142857143,1.2453996981544782,24,0.7727,59.338,10.467,107.293,25.383,0.0899,14.641,67.593,4
76069664,0.04261157820413003,28,12,0.4286,medium,34.182,35.332,96.0,3.4285714285714284,1.590789817951435,24,0.9167,58.583,11.345,112.169,25.454,0.1217,11.345,45.274,4
76071073,0.025361997700392123,24,8,0.3333,small,30.873,36.566,72.0,3.0,1.1547005383792515,22,0.9444,58.391,11.496,101.936,24.994,0.1159,11.496,73.132,2
76071285,0.026007081146973577,28,12,0.4286,medium,33.948,37.086,72.0,2.5714285714285716,1.3997084244475304,24,0.8333,61.024,9.408,125.141,27.685,0.1534,11.245,52.448,4
76076198,0.035941925492194784,28,12,0.4286,medium,33.159,38.387,68.0,2.4285714285714284,1.498298354528788,24,0.9412,60.119,13.423,116.539,25.782,0.1111,15.461,49.337,4
76079057,0.030469011586542707,28,12,0.4286,medium,32.473,36.281,92.0,3.2857142857142856,1.4846149779161804,26,0.913,58.586,10.49,109.546,25.338,0.1111,10.49,52.568,2
76083186,0.0441265672888034,28,8,0.2857,medium,32.688,34.967,52.0,1.8571428571428572,0.832993127835043,24,0.8462,60.848,9.532,104.444,26.45,0.1217,14.256,68.772,4
76086202,0.04555130561965347,28,16,0.5714,medium,32.992,36.955,68.0,2.4285714285714284,1.0497813183356477,24,0.8235,55.35,10.195,106.33,24.111,0.1429,10.195,50.22,4
76089271,0.041285187311549246,24,12,0.5,small,32.433,38.652,56.0,2.3333333333333335,1.3743685418725535,22,0.9286,56.833,10.923,105.086,24.94,0.1884,10.923,105.086,2
76090421,0.026158486806076558,36,16,0.4444,large,31.42,37.703,76.0,2.111111111111111,1.4487116456005886,32,0.8421,56.79,9.127,108.142,25.179,0.1365,19.586,68.318,4
76093064,0.04122404789864862,32,16,0.5,medium,31.986,37.264,84.0,2.625,1.2183492931011204,30,0.9286,56.724,9.868,114.301,25.283,0.1532,11.394,99.352,2
76093236,0.027351757209072316,32,12,0.375,medium,32.971,37.961,76.0,2.375,1.3169567191065923,28,0.9474,59.848,9.941,117.326,26.524,0.1371,9.941,53.685,4
76094449,0.04552221755273385,24,8,0.3333,small,31.664,34.064,60.0,2.5,1.2583057392117916,20,0.7333,59.314,10.482,106.669,25.239,0.1159,12.779,68.782,4
76094900,0.03555266816491006,24,12,0.5,small,32.719,36.837,88.0,3.6666666666666665,1.1055415967851334,20,0.8182,57.808,13.067,109.612,24.699,0.1304,14.561,52.095,4
76096057,0.03911760509971084,36,12,0.3333,large,33.634,37.175,76.0,2.111111111111111,1.1967032904743342,32,0.9474,62.445,10.606,118.929,28.286,0.1365,10.606,70.063,4
76100053,0.048975604250770556,28,12,0.4286,medium,33.781,38.193,52.0,1.8571428571428572,0.8329931278350429,24,0.7692,60.407,11.449,121.286,26.563,0.1323,11.631,54.013,4
76100756,0.028954490222612792,24,8,0.3333,small,30.237,32.597,84.0,3.5,1.5,22,0.9048,58.822,11.367,110.045,25.434,0.1304,13.492,110.045,2
76101203,0.04470169041524467,24,8,0.3333,small,35.018,35.854,68.0,2.8333333333333335,1.2133516482134197,22,0.9118,62.932,11.738,118.469,27.337,0.1449,11.742,68.365,2
76101936,0.03217085809888216,28,8,0.2857,medium,34.886,36.158,80.0,2.857142857142857,1.6413036132965795,24,0.75,64.769,9.021,122.022,28.728,0.1217,10.92,76.597,4
76106874,0.03719127145719131,28,8,0.2857,medium,31.728,36.82,64.0,2.2857142857142856,1.27775312999988,26,0.9688,63.348,9.991,123.339,28.205,0.1429,11.966,123.339,2
76108868,0.04237917504192406,20,8,0.4,small,35.212,38.153,48.0,2.4,1.4966629547095767,16,0.9167,60.896,13.259,108.459,25.795,0.1368,13.259,53.956,4
76109496,0.045782217606412975,28,12,0.4286,medium,34.122,39.069,84.0,3.0,1.1952286093343936,26,0.9762,60.856,12.504,111.499,26.62,0.1217,15.596,99.386,2
76110823,0.03723166013027599,24,8,0.3333,small,32.127,38.034,64.0,2.6666666666666665,1.3743685418725535,20,0.875,63.757,12.62,129.867,27.463,0.1304,14.078,91.83,4
76114066,0.03759903155989254,28,12,0.4286,medium,31.609,37.107,56.0,2.0,0.9258200997725514,24,0.8571,60.07,12.677,109.029,26.173,0.1217,12.988,71.583,4
76115985,0.0467874881833687,20,8,0.4,small,36.228,38.655,64.0,3.2,1.8330302779823362,18,0.8438,61.081,12.099,104.148,26.001,0.1158,12.099,67.605,2
76116994,0.040174291379974324,32,16,0.5,medium,34.937,39.305,84.0,2.625,1.4947825928876748,28,0.9048,59.933,9.781,112.588,26.714,0.1371,9.781,45.273,4
76117280,0.04647363964172109,32,12,0.375,medium,30.382,34.928,100.0,3.125,1.4523687548277813,28,0.92,59.867,12.761,124.04,26.608,0.1532,14.773,87.71,4
76121210,0.02896213503310788,20,8,0.4,small,31.061,35.939,48.0,2.4,1.019803902718557,16,0.8333,63.756,14.027,118.025,26.845,0.1368,16.827,82.478,4
76123767,0.04510002322627211,32,16,0.5,medium,36.12,41.771,52.0,1.625,0.6959705453537527,28,0.9231,61.031,9.735,119.076,27.631,0.1694,11.837,53.992,4
76124992,0.04451303842044896,28,12,0.4286,medium,33.301,36.436,100.0,3.5714285714285716,1.761261143705422,24,0.8,58.771,10.715,108.489,25.586,0.1323,10.715,74.099,4
76126715,0.04422002667123402,28,12,0.4286,medium,35.756,38.556,52.0,1.8571428571428572,0.6388765649999399,24,0.8462,61.866,9.734,126.88,27.543,0.1323,11.707,68.859,4
76126728,0.03101857105024847,24,8,0.3333,small,33.497,38.829,52.0,2.1666666666666665,1.2133516482134197,20,0.9231,63.51,11.054,119.033,27.346,0.1014,14.409,84.169,4
76126831,0.026242905606209413,32,12,0.375,medium,34.178,37.323,84.0,2.625,1.2183492931011204,28,0.9524,61.118,9.532,121.287,26.965,0.121,9.532,85.763,4
76126973,0.03470618173095916,32,16,0.5,medium,32.463,36.804,80.0,2.5,1.118033988749895,30,0.975,58.088,9.961,111.985,25.974,0.1613,9.961,111.985,2
76126987,0.02929703741122515,20,8,0.4,small,33.903,36.22,56.0,2.8,1.6,18,0.9643,60.733,11.373,106.958,25.37,0.1158,11.373,63.171,2
76128697,0.043520320347352884,24,12,0.5,small,31.927,35.95,104.0,4.333333333333333,0.74535599249993,20,0.8462,56.558,12.925,104.901,24.522,0.1449,12.925,35.207,4
76132264,0.03822589903079497,28,8,0.2857,medium,32.304,33.931,76.0,2.7142857142857144,1.1605769149479945,24,0.8421,61.489,12.495,119.744,26.681,0.1005,13.762,47.985,4
76134185,0.03865424344937773,32,16,0.5,medium,34.381,38.796,132.0,4.125,1.0532687216470449,28,0.8485,59.265,12.32,112.758,26.014,0.121,13.945,74.752,4
76135954,0.045781366165845175,24,8,0.3333,small,29.465,30.279,68.0,2.8333333333333335,1.3437096247164249,22,0.9706,59.551,10.65,110.532,25.555,0.1304,15.178,98.834,2
76139036,0.03960931101301097,36,16,0.4444,large,32.397,38.344,76.0,2.111111111111111,1.0999438818457408,34,0.8947,60.678,9.444,121.986,27.624,0.1873,11.162,76.688,2
76140744,0.03248073350747072,32,12,0.375,medium,31.676,35.229,88.0,2.75,1.3919410907075054,28,0.9091,59.795,9.194,126.632,27.039,0.1613,10.654,71.544,4
76147844,0.047482742853697954,24,8,0.3333,small,32.921,33.999,76.0,3.1666666666666665,1.3437096247164249,20,0.8421,58.62,10.835,98.621,25.011,0.1159,23.164,67.947,4
76151155,0.04875739076657682,28,12,0.4286,medium,30.447,36.04,80.0,2.857142857142857,1.124858267715973,26,0.925,57.192,11.354,108.126,24.746,0.1323,11.354,50.017,2
76151331,0.02886221288151206,24,8,0.3333,small,29.467,34.898,68.0,2.8333333333333335,1.0671873729054748,20,0.8235,59.876,10.932,112.104,25.361,0.1159,17.661,68.182,4
76155798,0.03722631933356077,28,12,0.4286,medium,31.24,35.432,84.0,3.0,0.9258200997725514,26,0.9286,57.32,12.917,109.314,24.593,0.1217,14.825,109.314,2
76156832,0.043459286466624156,36,16,0.4444,large,34.403,37.826,100.0,2.7777777777777777,1.7497795275581802,32,0.96,60.971,9.43,129.604,27.718,0.1429,9.43,53.493,4
76157049,0.02928080418830485,24,4,0.1667,small,30.084,30.084,52.0,2.1666666666666665,0.6871842709362768,20,0.7692,64.861,9.739,115.752,27.891,0.1159,14.38,72.411,4
76161698,0.0410524532158236,20,8,0.4,small,29.164,35.277,48.0,2.4,1.7435595774162693,16,0.6667,58.458,12.361,108.83,24.3,0.1368,21.324,76.954,4
76162286,0.04575671520140849,32,12,0.375,medium,35.281,39.026,64.0,2.0,1.5,30,0.9688,61.657,10.593,114.757,27.106,0.1129,10.593,110.934,2
76164392,0.03941003212400003,32,20,0.625,medium,35.577,41.248,76.0,2.375,0.9921567416492215,28,0.8947,58.248,9.75,123.248,26.601,0.1774,9.75,43.072,4
76166997,0.04424683269866729,32,12,0.375,medium,31.574,35.215,64.0,2.0,1.0,30,0.9062,59.151,9.033,114.43,26.757,0.1694,13.864,70.429,2
76168171,0.04718920677525779,36,16,0.4444,large,31.961,36.931,80.0,2.2222222222222223,1.6178021976178927,34,0.975,57.974,10.979,123.889,25.863,0.1302,10.979,51.781,2
76169387,0.0382870627828177,32,16,0.5,medium,35.816,38.843,68.0,2.125,1.4523687548277813,30,0.8529,59.761,9.539,123.865,26.777,0.1371,15.38,123.865,2
76176665,0.046585319098365933,28,12,0.4286,medium,32.691,38.001,88.0,3.142857142857143,1.4568627181693672,26,0.9091,61.332,11.896,118.104,26.866,0.1429,11.896,108.431,2
76177556,0.04833121424941686,36,16,0.4444,large,32.75,39.252,68.0,1.8888888888888888,0.8748897637790901,32,0.8824,60.027,10.201,131.824,27.439,0.1683,10.792,36.111,4
76177692,0.03584517479780221,28,12,0.4286,medium,32.901,38.147,88.0,3.142857142857143,1.7261494247992242,24,0.8636,60.578,11.337,112.347,26.369,0.1217,11.337,53.948,4
76185100,0.04119189377433398,32,16,0.5,medium,31.994,38.34,80.0,2.5,1.4142135623730951,28,0.85,56.695,10.457,108.041,24.918,0.1371,12.841,76.396,4
76193676,0.026775399285453503,32,16,0.5,medium,33.675,37.826,60.0,1.875,1.165922381636102,28,0.7333,58.818,10.628,116.862,26.311,0.1452,10.628,53.494,4
76194670,0.034053074445982504,28,12,0.4286,medium,33.638,37.183,56.0,2.0,0.5345224838248488,24,0.8571,60.597,10.902,117.273,26.74,0.1323,11.027,37.985,4
76195833,0.04209965646055098,24,8,0.3333,small,31.521,34.898,92.0,3.8333333333333335,1.3437096247164249,20,0.8261,61.534,11.408,118.18,26.622,0.1449,16.969,69.435,4
76198561,0.027693782966981554,32,8,0.25,medium,31.605,35.463,88.0,2.75,1.6393596310755,28,0.8182,61.208,9.737,108.39,26.674,0.1129,10.467,68.182,4
76198576,0.042906112100465105,20,4,0.2,small,29.761,29.761,40.0,2.0,1.5491933384829668,16,0.9,67.018,11.541,115.543,28.278,0.1158,16.175,73.348,4
76201225,0.028592825753828575,28,12,0.4286,medium,31.975,35.649,80.0,2.857142857142857,1.6413036132965795,26,0.875,58.884,11.369,111.267,25.574,0.1323,11.369,95.753,2
76202954,0.04393394903897101,32,12,0.375,medium,32.065,37.622,88.0,2.75,1.3919410907075054,30,0.9091,59.291,10.01,106.655,25.889,0.1452,14.93,45.2,2
76205493,0.03208249149868881,28,8,0.2857,medium,31.249,33.447,80.0,2.857142857142857,1.2453996981544784,24,0.95,63.771,9.249,122.798,28.009,0.1323,9.249,73.996,4
76207317,0.04170497125321063,24,8,0.3333,small,32.578,35.778,56.0,2.3333333333333335,1.247219128924647,20,0.9286,61.053,14.592,107.753,25.812,0.1014,16.207,50.598,4
76216031,0.035261847424685425,24,4,0.1667,small,25.924,25.924,76.0,3.1666666666666665,1.5723301886761005,20,0.7895,63.585,9.664,112.666,27.244,0.1014,13.25,71.784,4
76216437,0.04342043517047808,20,4,0.2,small,29.766,29.766,64.0,3.2,1.3266499161421599,18,0.875,63.802,14.461,107.982,26.367,0.0737,16.008,105.881,2
76224773,0.0464980816324402,32,16,0.5,medium,32.106,36.422,52.0,1.625,0.9921567416492215,28,0.6923,55.611,9.054,107.444,25.047,0.1774,10.737,67.437,4
76227451,0.03466674823548416,36,16,0.4444,large,32.919,37.337,100.0,2.7777777777777777,1.617802197617893,34,0.98,57.736,10.028,114.167,25.592,0.1175,10.884,74.621,2
76227620,0.02682945980235386,28,12,0.4286,medium,32.124,35.745,92.0,3.2857142857142856,1.2777531299998799,24,0.7826,58.852,12.251,120.324,25.944,0.1534,12.984,67.862,4
76229337,0.026165860602649946,20,8,0.4,small,35.129,35.619,64.0,3.2,1.3266499161421599,16,0.8125,62.766,16.328,113.671,26.416,0.1158,18.14,76.021,4
76232310,0.04468681666844502,24,12,0.5,small,33.236,37.662,48.0,2.0,1.4142135623730951,20,0.9167,58.093,12.298,107.399,25.51,0.1594,12.298,53.262,4
76238738,0.037011285596975224,32,12,0.375,medium,33.614,37.049,96.0,3.0,1.6583123951777,28,0.9583,60.224,11.039,117.133,26.471,0.1129,12.363,52.395,4
76240663,0.041076954731786186,24,8,0.3333,small,33.198,36.498,60.0,2.5,1.5,20,0.8667,62.683,10.773,123.557,27.693,0.1739,14.499,42.281,4
76240675,0.02566091850806367,36,16,0.4444,large,33.267,36.737,88.0,2.4444444444444446,1.1653431646335015,32,0.9545,57.505,10.676,114.582,25.273,0.1175,11.912,33.731,4
76241304,0.03813211357647768,40,16,0.4,large,32.967,37.517,80.0,2.0,1.0954451150103321,36,0.95,59.862,9.786,119.285,26.84,0.1385,9.786,84.347,4
76242405,0.040949628000720405,32,12,0.375,medium,32.003,35.118,88.0,2.75,1.6393596310755,30,0.8864,60.847,10.471,120.147,27.001,0.1452,12.172,101.745,2
76243092,0.0464632430104181,32,16,0.5,medium,33.846,38.278,60.0,1.875,1.0532687216470449,30,0.9333,58.97,9.018,112.02,26.549,0.1694,12.918,51.016,2
76247232,0.028319803032702005,24,8,0.3333,small,30.184,36.58,76.0,3.1666666666666665,1.3437096247164249,20,0.8947,61.744,11.951,116.307,26.865,0.1739,20.237,69.979,4
76247605,0.032343419002798635,32,12,0.375,medium,30.54,34.078,72.0,2.25,0.82915619758885,28,0.9444,61.141,11.473,130.796,27.338,0.1452,11.473,33.28,4
76249460,0.037336042841898516,36,16,0.4444,large,32.474,38.441,88.0,2.4444444444444446,1.2570787221094177,34,0.9773,59.118,10.589,117.272,26.439,0.1492,10.597,117.272,2
76255902,0.03335340710243176,36,12,0.3333,large,33.729,37.702,72.0,2.0,1.4142135623730951,34,0.9444,60.438,9.716,115.423,26.695,0.1111,10.522,97.001,2
76257210,0.027120903905211973,32,12,0.375,medium,33.026,37.609,88.0,2.75,1.0897247358851685,28,0.9091,60.957,10.491,119.81,27.313,0.1452,14.52,74.786,4
76257789,0.039295720968101834,20,4,0.2,small,33.062,33.062,60.0,3.0,1.4142135623730951,16,0.8,63.692,12.242,105.485,26.678,0.0947,16.34,68.238,4
76258762,0.037506128804535334,24,8,0.3333,small,33.911,38.348,56.0,2.3333333333333335,1.5986105077709065,22,0.9286,63.294,9.254,113.552,28.506,0.1884,11.326,76.696,2
76259847,0.04718560263779803,36,16,0.4444,large,34.085,39.742,64.0,1.7777777777777777,0.6285393610547089,34,0.9062,60.423,9.739,120.06,27.14,0.1619,11.245,103.267,2
76263558,0.049855976445944666,24,12,0.5,small,35.773,38.748,80.0,3.3333333333333335,1.4907119849998596,20,0.85,60.558,12.021,115.059,26.515,0.1594,12.053,54.799,4
76271980,0.02657168912758708,32,16,0.5,medium,34.618,40.047,76.0,2.375,1.2183492931011204,28,0.7895,59.802,10.471,120.382,26.856,0.129,14.792,46.687,4
76275892,0.03587433152352964,32,12,0.375,medium,34.371,36.832,88.0,2.75,1.5612494995995996,30,0.9091,60.801,11.224,119.662,26.75,0.121,11.224,59.69,2
76276130,0.030353677719969392,28,12,0.4286,medium,30.871,35.399,72.0,2.5714285714285716,1.498298354528788,24,0.8333,57.02,11.871,104.464,24.709,0.1429,19.627,68.514,4
76279421,0.04467476607274644,40,20,0.5,large,34.189,40.852,52.0,1.3,0.6403124237432849,36,0.8462,58.536,9.077,119.251,26.643,0.1487,11.34,76.037,4
76281340,0.0314628979473799,28,8,0.2857,medium,32.873,34.047,84.0,3.0,1.5118578920369088,24,0.9524,61.736,9.93,110.908,26.592,0.0794,9.93,69.436,4
76282382,0.04746587283568317,28,12,0.4286,medium,29.742,34.941,84.0,3.0,1.3093073414159542,24,0.9048,57.756,10.291,110.944,25.071,0.1429,16.416,74.41,4
76287943,0.03484623271269162,36,16,0.4444,large,33.697,37.848,80.0,2.2222222222222223,1.0304020550550783,32,0.9,58.408,9.46,117.328,25.816,0.1238,11.145,53.389,4
76292858,0.03218313723339549,28,12,0.4286,medium,34.226,38.641,76.0,2.7142857142857144,1.385051387833237,24,0.7368,61.297,10.995,121.072,27.168,0.1534,11.765,39.018,4
76293330,0.030871905827419027,24,8,0.3333,small,33.266,34.761,76.0,3.1666666666666665,1.4624940645653537,20,0.7368,61.641,10.977,114.334,26.416,0.1159,18.957,67.777,4
76296024,0.030271247413368032,28,16,0.5714,medium,33.585,37.506,80.0,2.857142857142857,1.6413036132965795,24,0.8,56.875,9.241,110.798,24.912,0.1429,16.742,76.798,4
76301352,0.032755778831948225,36,16,0.4444,large,32.193,38.997,80.0,2.2222222222222223,1.227262335243029,32,0.95,59.474,10.43,127.148,26.863,0.1619,12.861,32.002,4
76303822,0.036033324381861624,20,4,0.2,small,30.032,30.032,40.0,2.0,1.0954451150103321,16,0.9,62.959,12.724,107.026,25.885,0.0737,23.502,42.472,4
76312376,0.030320306219857457,32,12,0.375,medium,31.841,36.052,84.0,2.625,0.9921567416492215,30,0.9048,60.951,10.207,114.99,27.027,0.1371,11.733,53.33,2
76317443,0.031897899840986635,36,16,0.4444,large,32.341,35.102,84.0,2.3333333333333335,1.3333333333333333,32,0.9048,59.013,9.769,119.152,26.058,0.1302,10.818,78.533,4
76319914,0.02724730678557978,32,12,0.375,medium,30.005,34.917,100.0,3.125,1.6909686573085854,30,0.98,59.666,11.065,120.726,26.382,0.1371,11.065,120.726,2
76324744,0.04167648414169446,32,16,0.5,medium,36.183,40.297,72.0,2.25,1.479019945774904,28,0.9444,60.462,9.71,120.188,27.192,0.1452,9.71,56.989,4
76324976,0.03727925942764823,32,12,0.375,medium,33.996,36.584,80.0,2.5,1.0,30,0.95,59.888,11.835,119.672,26.331,0.0968,11.835,96.777,2
76334869,0.040801895821556855,20,4,0.2,small,35.182,35.182,60.0,3.0,1.2649110640673518,16,0.7333,66.594,13.378,119.639,28.605,0.1368,13.378,74.576,4
76336072,0.030068009649630686,28,12,0.4286,medium,30.946,36.207,72.0,2.5714285714285716,1.178030178747903,24,0.8889,58.982,11.382,117.071,26.133,0.1746,11.58,82.782,4
76338140,0.045406583703420524,20,8,0.4,small,35.485,37.366,64.0,3.2,1.3266499161421599,16,0.8125,59.854,13.719,101.677,25.768,0.1368,14.18,71.897,4
76338445,0.04431839445223899,28,8,0.2857,medium,32.963,35.824,88.0,3.142857142857143,1.2453996981544782,26,0.9773,64.127,10.587,120.687,29.188,0.1746,10.587,116.196,2
76341498,0.04274322424793703,20,4,0.2,small,32.049,32.049,60.0,3.0,1.2649110640673518,18,0.9,65.83,11.898,120.506,28.692,0.1579,11.898,107.824,2
76344335,0.03935997513043441,32,12,0.375,medium,34.497,38.033,80.0,2.5,1.224744871391589,30,0.95,61.823,10.461,119.332,27.586,0.1452,10.701,96.715,2
76345723,0.048298809076770644,32,16,0.5,medium,32.72,36.848,80.0,2.5,1.118033988749895,28,0.95,57.741,10.22,112.923,25.519,0.1371,14.044,74.683,4
76353192,0.04558472880381091,20,8,0.4,small,34.64,37.276,72.0,3.6,1.7435595774162693,18,0.8611,60.256,11.711,105.659,25.352,0.1368,11.711,64.01,2
76354266,0.039096584268217695,20,8,0.4,small,34.749,37.026,64.0,3.2,0.9797958971132711,18,0.9062,63.049,12.063,121.896,26.688,0.1368,18.227,121.896,2
76358451,0.03775697201934822,28,8,0.2857,medium,32.845,35.145,96.0,3.4285714285714284,1.178030178747903,24,0.8333,61.97,11.941,118.545,27.012,0.1217,11.941,43.196,4
76359751,0.04787797702718556,24,8,0.3333,small,35.013,39.923,52.0,2.1666666666666665,1.4624940645653537,20,0.6154,62.023,12.648,111.335,26.371,0.1014,17.286,42.573,4
76360514,0.027698266041982344,32,16,0.5,medium,32.725,37.812,80.0,2.5,1.224744871391589,30,0.975,57.798,10.154,113.397,25.704,0.1694,10.194,71.629,2
76364693,0.046799746057799026,20,8,0.4,small,34.986,35.172,52.0,2.6,1.9595917942265426,18,0.8077,60.745,14.544,105.768,25.811,0.1158,17.651,69.602,2
76369073,0.026634604387181647,36,16,0.4444,large,33.41,38.978,88.0,2.4444444444444446,1.0657403385139375,34,0.9318,59.626,9.723,119.146,26.793,0.1619,11.603,77.955,2
76369368,0.03381689486147672,24,8,0.3333,small,30.678,31.326,68.0,2.8333333333333335,1.0671873729054748,22,0.9706,59.713,10.879,105.378,25.736,0.1449,10.879,99.929,2
76379566,0.0324102306336703,20,4,0.2,small,29.567,29.567,32.0,1.6,0.7999999999999999,16,0.625,63.529,15.596,105.715,26.213,0.0947,15.596,73.407,4
76395944,0.0423176118205062,32,16,0.5,medium,33.937,37.362,100.0,3.125,1.5360257159305635,28,0.84,56.853,10.656,105.896,25.272,0.1532,12.704,74.879,4
76397269,0.04865321790262563,20,4,0.2,small,32.995,32.995,52.0,2.6,1.3564659966250538,18,0.8462,64.013,12.483,109.502,26.797,0.1158,15.055,96.675,2
76404318,0.033183731243959944,28,12,0.4286,medium,30.9,36.217,108.0,3.857142857142857,0.832993127835043,24,0.8519,57.32,11.807,111.962,24.592,0.1005,17.772,68.098,4
76404703,0.04195687571433039,32,12,0.375,medium,29.065,32.82,92.0,2.875,1.3635890143294642,28,0.8696,59.146,9.735,121.731,26.18,0.1452,12.369,71.677,4
76405377,0.040676926920070126,36,12,0.3333,large,33.057,35.247,96.0,2.6666666666666665,1.4142135623730951,32,0.7917,61.611,10.29,121.167,27.649,0.1238,12.787,67.44,4
76408494,0.039391835440594505,28,8,0.2857,medium,32.463,35.086,92.0,3.2857142857142856,1.385051387833237,26,0.9348,62.869,10.821,123.39,27.756,0.1323,10.821,123.39,2
76416544,0.04193177914902167,20,4,0.2,small,33.044,33.044,32.0,1.6,0.7999999999999999,16,0.625,64.831,10.818,110.342,27.369,0.1158,17.087,71.916,4
76417215,0.02940831861035323,32,16,0.5,medium,33.296,37.427,68.0,2.125,1.165922381636102,28,0.9412,57.696,9.329,119.609,25.803,0.1613,9.329,51.882,4
76421250,0.04202326487029935,28,12,0.4286,medium,29.196,35.308,108.0,3.857142857142857,1.2453996981544782,26,0.9259,57.824,10.431,111.645,25.062,0.1429,18.864,95.391,2
76432784,0.0338395606957803,28,8,0.2857,medium,32.321,32.817,64.0,2.2857142857142856,1.385051387833237,24,0.875,62.389,12.059,120.267,27.096,0.1111,22.11,69.211,4
76435455,0.047391706820889466,20,8,0.4,small,31.923,32.184,80.0,4.0,0.8944271909999159,16,0.75,60.363,12.758,107.583,25.561,0.1368,12.758,70.715,4
76443885,0.04537096251741263,32,12,0.375,medium,34.0,36.827,56.0,1.75,0.6614378277661477,28,0.7857,60.881,9.135,119.572,27.204,0.1452,10.355,68.263,4
76448561,0.049850906850297506,36,12,0.3333,large,34.929,37.642,88.0,2.4444444444444446,1.2570787221094175,34,0.9773,62.54,9.996,130.844,27.978,0.1175,10.756,75.285,2
76451682,0.03047945007430129,24,12,0.5,small,34.512,38.128,44.0,1.8333333333333333,0.3726779962499649,22,0.9091,59.403,10.283,114.534,26.004,0.1739,13.338,104.983,2
76453508,0.0391836820080294,36,12,0.3333,large,32.365,36.118,68.0,1.8888888888888888,1.3698697784375504,34,0.9706,60.367,10.424,117.071,26.54,0.1175,10.825,98.181,2
76475049,0.04353405630695546,20,8,0.4,small,34.218,39.591,40.0,2.0,1.5491933384829668,16,0.9,62.333,9.724,120.675,27.143,0.1368,9.724,69.554,4
76475658,0.030176389728007152,28,8,0.2857,medium,34.764,36.153,92.0,3.2857142857142856,1.1605769149479945,24,0.8696,62.014,11.787,117.973,26.989,0.0899,11.787,83.419,4
76476141,0.042061547202920574,28,12,0.4286,medium,31.33,36.988,84.0,3.0,1.7728105208558367,24,0.9524,59.657,10.164,119.198,27.064,0.164,12.848,34.142,4
76480194,0.03239715134423146,24,8,0.3333,small,32.006,32.381,84.0,3.5,1.2583057392117916,20,0.8095,58.18,10.627,97.871,24.59,0.1014,16.107,68.07,4
76480597,0.026084358431016516,20,4,0.2,small,28.894,28.894,72.0,3.6,1.3564659966250538,16,0.7222,65.142,12.655,119.452,27.396,0.1158,12.655,84.465,4
76481945,0.03614622972511816,28,12,0.4286,medium,34.848,37.162,92.0,3.2857142857142856,1.1605769149479943,26,0.9348,59.584,11.88,109.741,26.108,0.1534,11.912,74.324,2
76483783,0.03932179429170794,24,8,0.3333,small,33.723,35.414,68.0,2.8333333333333335,1.4624940645653537,20,0.9412,60.507,13.87,112.135,25.617,0.1014,13.87,50.083,4
76489368,0.0326658602299599,36,16,0.4444,large,32.744,38.288,84.0,2.3333333333333335,1.563471919941143,32,0.9524,59.734,9.921,121.342,26.599,0.1365,10.36,38.05,4
76501130,0.04017121632304293,32,16,0.5,medium,34.3,38.611,60.0,1.875,0.9270248108869579,28,0.9333,57.493,9.634,107.507,25.192,0.129,13.913,51.949,4
76501532,0.04012979074261154,36,16,0.4444,large,36.143,39.549,64.0,1.7777777777777777,0.6285393610547089,34,0.9375,62.677,9.892,130.688,28.248,0.1429,10.485,107.558,2
76509046,0.04390218888410944,20,4,0.2,small,34.711,34.711,52.0,2.6,1.3564659966250536,18,0.9615,70.073,10.444,129.676,31.19,0.1789,10.791,129.676,2
76510627,0.04288294339063769,20,8,0.4,small,34.014,37.33,68.0,3.4,1.3564659966250534,16,0.7647,62.759,12.142,122.814,26.647,0.1158,20.617,70.529,4
76516585,0.03853786601738997,20,4,0.2,small,37.129,37.129,48.0,2.4,1.4966629547095767,16,0.75,64.246,12.592,103.079,27.522,0.0947,12.592,70.5,4
76527854,0.02715269633322734,32,12,0.375,medium,31.546,36.786,84.0,2.625,1.5761900266148114,30,0.9286,59.135,10.481,113.876,25.934,0.1452,10.481,95.981,2
76528949,0.03293397963992682,32,16,0.5,medium,33.158,38.208,88.0,2.75,1.0897247358851685,30,0.9773,56.817,10.178,109.744,25.147,0.1452,10.178,76.416,2
76538468,0.04560836827656982,32,16,0.5,medium,35.648,38.987,80.0,2.5,1.5811388300841898,28,0.85,59.061,9.652,117.105,26.685,0.1694,10.876,52.911,4
76538658,0.0389619592832809,28,8,0.2857,medium,30.701,32.651,80.0,2.857142857142857,0.8329931278350429,24,0.85,62.441,11.34,120.515,27.477,0.1534,11.854,68.461,4
76546430,0.03834375869826419,20,8,0.4,small,32.618,35.201,40.0,2.0,1.5491933384829668,16,0.8,58.803,10.132,106.18,25.534,0.1579,10.132,49.782,4
76559251,0.04011569228282916,32,12,0.375,medium,31.238,36.196,96.0,3.0,1.3228756555322954,30,0.9375,58.659,10.635,111.412,25.415,0.1129,13.535,72.391,2
76593975,0.028348893010727048,32,16,0.5,medium,31.421,36.317,80.0,2.5,1.5,28,0.95,56.184,10.245,120.323,24.945,0.1452,10.245,44.797,4
76601546,0.04479677605994124,24,12,0.5,small,31.648,39.109,56.0,2.3333333333333335,1.247219128924647,22,0.9286,56.5,11.413,109.038,24.56,0.1449,13.685,109.038,2
76615970,0.046780145162144904,20,8,0.4,small,34.556,37.27,64.0,3.2,0.7483314773547882,16,0.75,63.123,11.47,123.251,27.19,0.1789,11.47,52.707,4
76623067,0.044328868176878033,24,8,0.3333,small,33.97,36.869,60.0,2.5,1.118033988749895,20,0.8667,66.314,11.565,132.055,29.128,0.1449,12.956,93.377,4
76632857,0.04571430973742098,32,12,0.375,medium,32.562,36.664,68.0,2.125,1.165922381636102,28,0.7647,60.033,10.208,112.005,26.236,0.129,14.023,69.788,4
76638881,0.037670194900351534,36,20,0.5556,large,34.404,40.741,76.0,2.111111111111111,1.3698697784375504,32,0.8947,58.285,9.831,124.181,26.217,0.1429,10.593,57.617,4
76645729,0.02531924589624213,32,12,0.375,medium,33.0,37.483,72.0,2.25,1.479019945774904,28,0.7222,60.717,9.092,120.427,27.036,0.121,12.455,72.638,4
76657754,0.04830935511918294,28,12,0.4286,medium,35.865,38.215,88.0,3.142857142857143,1.6413036132965795,24,0.9545,61.425,12.119,115.462,27.036,0.1323,12.51,81.644,4
76670723,0.03234461982700816,20,8,0.4,small,30.52,32.759,64.0,3.2,0.39999999999999997,18,0.9062,61.414,13.504,127.504,26.13,0.1368,13.504,56.562,2
76674529,0.03642544339195104,24,8,0.3333,small,32.641,36.147,60.0,2.5,1.2583057392117916,20,0.7333,60.211,11.53,108.421,25.883,0.1304,18.457,70.024,4
76682997,0.04414382517937031,20,4,0.2,small,34.018,34.018,60.0,3.0,1.6733200530681511,16,0.9333,64.396,14.844,113.079,26.637,0.0737,18.469,69.494,4
76686494,0.035130021397522096,24,8,0.3333,small,31.259,36.833,64.0,2.6666666666666665,1.1055415967851334,20,0.8125,61.098,11.143,117.619,26.046,0.1304,11.143,70.065,4
76697550,0.036070186491388954,28,12,0.4286,medium,33.412,38.395,76.0,2.7142857142857144,1.577908716741037,24,0.7368,58.189,10.095,104.212,25.125,0.1217,16.102,70.748,4
76744055,0.033603096283197235,32,16,0.5,medium,33.772,38.642,92.0,2.875,1.5360257159305635,28,0.9565,57.768,10.54,107.688,25.349,0.129,10.54,76.147,4
