episode_id,omega,n_planets,n_orbital,n_static,orbital_share,prod_total,prod_mean,prod_std,n_neutral_start,neutral_prod_share,mean_inter_dist,min_inter_dist,max_inter_dist,std_inter_dist,sun_blockage_share,home_to_nearest_neutral_median,home_to_home_median,n_home
75571862,0.04148625460858506,24,0,24,0.0,60.0,2.5,1.2583057392117916,24,1.0,63.261127714366964,12.097777348198502,124.33782129026196,27.4820016035443,0.11594202898550725,0.0,0.0,0
75608555,0.04820903900766483,28,4,24,0.14285714285714285,72.0,2.5714285714285716,1.2936264483053452,28,1.0,58.716983363009696,10.944999929443886,104.07087505425301,25.841294398462118,0.13227513227513227,0.0,0.0,0
75610004,0.03631903700418773,28,4,24,0.14285714285714285,72.0,2.5714285714285716,1.5907898179514348,28,1.0,57.476226218778976,12.771903381225924,117.86129920683554,24.814933750635042,0.10052910052910052,0.0,0.0,0
75614274,0.044862019701439784,28,0,28,0.0,72.0,2.5714285714285716,1.4982983545287878,28,1.0,60.808305975746144,11.063942160229768,117.57872504979821,26.682644164307302,0.13227513227513227,0.0,0.0,0
75618884,0.035290841711871315,24,0,24,0.0,84.0,3.5,0.7637626158259734,24,1.0,61.437799135184385,12.026693726903025,113.99580120386013,26.141020656513234,0.11594202898550725,0.0,0.0,0
75624437,0.028458102552898823,36,4,32,0.1111111111111111,100.0,2.7777777777777777,1.314684396244359,36,1.0,60.85846973056868,10.405063417766407,119.56616569293942,27.433204438849746,0.15555555555555556,0.0,0.0,0
75632972,0.030659272960921136,24,0,24,0.0,64.0,2.6666666666666665,1.3743685418725535,24,1.0,63.53690803229878,12.31745796298995,121.79028582976628,27.69592249835415,0.15942028985507245,0.0,0.0,0
75641715,0.036377260391397624,28,0,28,0.0,68.0,2.4285714285714284,1.2936264483053455,28,1.0,61.9487277555529,12.436969440088632,115.19355516786679,26.546286240485692,0.10052910052910052,0.0,0.0,0
75641802,0.03748732286925172,24,4,20,0.16666666666666666,68.0,2.8333333333333335,1.863389981249825,24,1.0,60.87601037538681,11.640748785169066,113.43251516915458,26.08717148390735,0.13043478260869565,0.0,0.0,0
75642437,0.04739483014687529,32,0,32,0.0,76.0,2.375,1.5761900266148114,32,1.0,59.147390405987196,9.85795080177139,122.0898395825343,26.890584697370148,0.1774193548387097,0.0,0.0,0
75645971,0.02938311008381521,36,4,32,0.1111111111111111,64.0,1.7777777777777777,1.227262335243029,36,1.0,59.06601780040192,9.432991329776762,122.19869048708404,26.314467544146325,0.13015873015873017,0.0,0.0,0
75648312,0.045361198736600536,36,4,32,0.1111111111111111,96.0,2.6666666666666665,1.4907119849998596,36,1.0,56.64953932812983,9.570650267695516,116.63416575342578,25.28576556949325,0.15555555555555556,0.0,0.0,0
75648785,0.026959082907943892,24,0,24,0.0,52.0,2.1666666666666665,1.4624940645653537,24,1.0,60.774518976040675,13.196990193323167,103.74984741559449,26.28134294361913,0.10144927536231885,0.0,0.0,0
75649223,0.04250775208147123,36,4,32,0.1111111111111111,88.0,2.4444444444444446,1.3425606637327303,36,1.0,58.218866935480364,10.742487138432285,119.64115087699685,25.812259269410752,0.14285714285714285,0.0,0.0,0
75649677,0.033138065626944734,32,0,32,0.0,64.0,2.0,1.224744871391589,32,1.0,58.4914808402541,10.319954971036843,115.4339051265081,26.231955877614503,0.16129032258064516,0.0,0.0,0
75653592,0.03047027238686587,36,4,32,0.1111111111111111,88.0,2.4444444444444446,1.4989708403591155,36,1.0,56.87981407268158,9.987611085180117,110.36623803903399,25.247839739305498,0.14285714285714285,0.0,0.0,0
75653796,0.02590581757469073,32,0,32,0.0,76.0,2.375,1.1110243021644486,32,1.0,62.03235382731923,10.815519970991541,131.27519780902094,27.68398142653734,0.12096774193548387,0.0,0.0,0
75665474,0.04706772041484721,32,0,32,0.0,56.0,1.75,1.3919410907075054,32,1.0,60.00239923624648,9.292864496079174,134.1257942851959,27.26499935985335,0.16129032258064516,0.0,0.0,0
75665680,0.029182802635203578,20,0,20,0.0,52.0,2.6,0.8,20,1.0,60.318514695930496,12.837834754522694,108.38105660279459,25.51376598419662,0.1368421052631579,0.0,0.0,0
75672648,0.04299472792792057,20,0,20,0.0,52.0,2.6,1.6248076809271923,20,1.0,60.46221928825582,14.007498173909635,106.31116058238182,24.98441308313748,0.11578947368421053,0.0,0.0,0
75674654,0.031155510722372166,32,4,28,0.125,88.0,2.75,1.5612494995995996,32,1.0,56.44684087610012,10.495922159717107,114.16238828218894,25.08788053549017,0.16129032258064516,0.0,0.0,0
75678738,0.03667047491394862,24,0,24,0.0,60.0,2.5,1.3844373104863459,24,1.0,60.79425333924987,11.667261142196695,112.55499453788359,26.12043375967839,0.14492753623188406,0.0,0.0,0
75678884,0.04033589142641858,32,0,32,0.0,64.0,2.0,1.118033988749895,32,1.0,61.03158073972453,9.292058150208158,118.50324814909749,27.392871560026602,0.1693548387096774,0.0,0.0,0
75681966,0.028368014294364988,32,4,28,0.125,80.0,2.5,0.5,32,1.0,55.8946000210985,10.428956811727303,104.89323906088694,24.37480951196106,0.12903225806451613,0.0,0.0,0
75682275,0.04758961146033421,24,4,20,0.16666666666666666,76.0,3.1666666666666665,1.2133516482134197,24,1.0,62.48795709578374,10.871761684691501,127.06142286614515,26.95631426912184,0.13043478260869565,0.0,0.0,0
75682823,0.04843164126224701,24,4,20,0.16666666666666666,60.0,2.5,0.7637626158259734,24,1.0,59.96085503435076,11.178104476911562,108.26141596393005,25.43762951999983,0.13043478260869565,0.0,0.0,0
75684015,0.03519141137238322,28,0,28,0.0,88.0,3.142857142857143,1.245399698154478,28,1.0,60.77612380794046,11.872309651173,112.04532404680377,26.33305150576395,0.10052910052910052,0.0,0.0,0
75692201,0.040567115289369224,32,0,32,0.0,80.0,2.5,1.0,32,1.0,59.4334853033428,11.15846389992753,110.39914957888719,25.854149443696755,0.10483870967741936,0.0,0.0,0
75693268,0.039178237873561506,28,4,24,0.14285714285714285,88.0,3.142857142857143,1.124858267715973,28,1.0,58.52480918136734,11.314117056170469,119.5851856882313,25.611420363329206,0.15343915343915343,0.0,0.0,0
75693368,0.03539146008284657,32,0,32,0.0,80.0,2.5,1.118033988749895,32,1.0,60.063909115739385,9.70205748901495,114.81926801625511,27.03061942626241,0.12903225806451613,0.0,0.0,0
75696094,0.029634152107785403,24,4,20,0.16666666666666666,64.0,2.6666666666666665,1.247219128924647,24,1.0,57.77697012793255,11.362620395641812,111.3163321349322,25.35379204651943,0.14492753623188406,0.0,0.0,0
75696709,0.049841863838995006,32,4,28,0.125,104.0,3.25,1.6393596310755,32,1.0,59.68447301296628,10.476812161487151,117.72913374490962,26.301314093775215,0.13709677419354838,0.0,0.0,0
75697081,0.04335353291263158,32,0,32,0.0,60.0,1.875,0.7806247497997998,32,1.0,60.89249479855931,10.199546948314419,114.28039124178322,26.841437758891747,0.12096774193548387,0.0,0.0,0
75697366,0.026385002108654302,36,8,28,0.2222222222222222,88.0,2.4444444444444446,1.4989708403591155,36,1.0,55.48498373315819,9.457726937541551,110.35091665871752,24.85798283127685,0.1619047619047619,0.0,0.0,0
75697432,0.02774379161062322,28,4,24,0.14285714285714285,56.0,2.0,1.0690449676496976,28,1.0,61.29683537360996,9.959996636103323,113.69209030036762,27.156705878801773,0.164021164021164,0.0,0.0,0
75698121,0.0287476287431732,32,0,32,0.0,76.0,2.375,1.3169567191065923,32,1.0,60.471516560805775,10.170683505101549,116.91983146079681,27.274259254724896,0.1532258064516129,0.0,0.0,0
75699482,0.048857182723925294,32,4,28,0.125,64.0,2.0,1.224744871391589,32,1.0,56.05786663320426,10.229379586079139,106.36456354020427,24.715745829167314,0.16129032258064516,0.0,0.0,0
75699913,0.033933580957747844,28,4,24,0.14285714285714285,92.0,3.2857142857142856,1.2777531299998799,28,1.0,58.01172358429737,10.969381108225129,115.2625777132554,25.225817174261927,0.14285714285714285,0.0,0.0,0
75700277,0.04138391347506898,28,4,24,0.14285714285714285,100.0,3.5714285714285716,1.178030178747903,28,1.0,58.03747102276767,10.931198858072735,110.52429514503126,25.60705436975126,0.164021164021164,0.0,0.0,0
75701419,0.03599196158409437,36,0,36,0.0,84.0,2.3333333333333335,1.2472191289246473,36,1.0,61.5389210600167,10.757952537783693,124.53440052130335,27.572452587734574,0.1365079365079365,0.0,0.0,0
75701856,0.04068153375614626,28,0,28,0.0,76.0,2.7142857142857144,1.2777531299998797,28,1.0,60.14948742287435,10.380563692878736,109.58682427586288,26.445908730545767,0.13227513227513227,0.0,0.0,0
75706370,0.03314566366823474,28,0,28,0.0,88.0,3.142857142857143,1.884415136896131,28,1.0,62.70286567973943,10.106565171654934,110.85973245696248,27.400688365605944,0.1111111111111111,0.0,0.0,0
75709643,0.02869264049485453,28,4,24,0.14285714285714285,92.0,3.2857142857142856,1.27775312999988,28,1.0,58.655978746854615,12.071206030521338,111.30985944380431,25.578978736440497,0.13227513227513227,0.0,0.0,0
75710307,0.03118788593750567,24,0,24,0.0,100.0,4.166666666666667,0.6871842709362769,24,1.0,60.30056585023805,13.417197899133313,103.45801040030432,25.663781903668912,0.08695652173913043,0.0,0.0,0
75714286,0.029573335414895513,28,0,28,0.0,40.0,1.4285714285714286,0.7284313590846836,28,1.0,60.19266040621829,10.627991541080709,113.5242894885531,25.721691078794606,0.08994708994708994,0.0,0.0,0
75716279,0.031115728057189276,28,4,24,0.14285714285714285,64.0,2.2857142857142856,0.880630571852711,28,1.0,61.460411761798845,10.214187758260227,124.76328057645438,27.043710234337304,0.13227513227513227,0.0,0.0,0
75717722,0.04685500644338959,28,4,24,0.14285714285714285,60.0,2.142857142857143,1.4568627181693672,28,1.0,59.139621072524434,9.463587011674084,115.00968835080373,25.98322884590714,0.14285714285714285,0.0,0.0,0
75731565,0.028448840920823615,24,4,20,0.16666666666666666,52.0,2.1666666666666665,0.8975274678557507,24,1.0,59.48225762715229,11.818583542200095,114.9093888295849,25.77859814378672,0.14492753623188406,0.0,0.0,0
75733699,0.03498127887470211,36,4,32,0.1111111111111111,92.0,2.5555555555555554,1.2570787221094177,36,1.0,59.92939722520992,10.140919385571976,120.53647814445291,26.58435939841468,0.11746031746031746,0.0,0.0,0
75736695,0.04613598687776126,24,4,20,0.16666666666666666,72.0,3.0,1.4142135623730951,24,1.0,58.28069264439033,10.387550631754673,102.02619168977967,24.730960543953948,0.11594202898550725,0.0,0.0,0
75738228,0.040955909051658954,36,4,32,0.1111111111111111,72.0,2.0,1.0540925533894598,36,1.0,60.36406984322712,10.562559867063813,118.99824303829419,27.00739097989468,0.13015873015873017,0.0,0.0,0
75743036,0.030107797803914028,24,0,24,0.0,60.0,2.5,1.8027756377319946,24,1.0,62.896314945785136,12.807377702869447,119.42558763910749,27.01800622727126,0.10144927536231885,0.0,0.0,0
75749145,0.04701078526006406,28,4,24,0.14285714285714285,88.0,3.142857142857143,0.63887656499994,28,1.0,60.631455559713366,11.906513208873985,121.41707826170867,27.416498203166153,0.18518518518518517,0.0,0.0,0
75755341,0.04815383632351436,28,0,28,0.0,72.0,2.5714285714285716,1.3997084244475304,28,1.0,60.94362255038192,10.3783231255607,119.93722429063281,27.321897990489255,0.1746031746031746,0.0,0.0,0
75760975,0.033484704317697005,28,4,24,0.14285714285714285,84.0,3.0,1.0690449676496976,28,1.0,59.80787095762561,11.714041619808455,114.95478315205983,26.057787703082106,0.13227513227513227,0.0,0.0,0
75761040,0.037481223161429225,32,4,28,0.125,88.0,2.75,1.479019945774904,32,1.0,60.0921609753637,10.298306275899893,114.52259941740513,26.465380043362654,0.13709677419354838,0.0,0.0,0
75773401,0.049015716919716144,28,0,28,0.0,80.0,2.857142857142857,1.5518257844571735,28,1.0,60.23794634617126,10.316005641469344,123.57597240051767,26.659805283563177,0.14285714285714285,0.0,0.0,0
75776178,0.0321177331927059,32,0,32,0.0,96.0,3.0,1.5811388300841898,32,1.0,61.00974272621586,10.547976763013752,118.19798442543959,27.229894989712257,0.14516129032258066,0.0,0.0,0
75776353,0.029285205268248505,28,0,28,0.0,60.0,2.142857142857143,1.5518257844571737,28,1.0,59.860741293816616,10.21554053340677,120.35391952142933,26.42293015013131,0.15343915343915343,0.0,0.0,0
75777084,0.0388924465525815,36,4,32,0.1111111111111111,96.0,2.6666666666666665,1.4907119849998598,36,1.0,56.65091158706826,9.050689031013455,109.11818405962228,25.092066773889755,0.1492063492063492,0.0,0.0,0
75777398,0.03483495802175515,36,4,32,0.1111111111111111,76.0,2.111111111111111,1.286204100310025,36,1.0,58.25145330947602,10.174398562751321,111.18974025237256,25.986843168978076,0.1492063492063492,0.0,0.0,0
75778169,0.027720276828952336,32,4,28,0.125,100.0,3.125,1.6153559979150107,32,1.0,58.93991874542288,11.819453736546045,120.59207999145829,25.970634531384444,0.14516129032258066,0.0,0.0,0
75778542,0.025726643963518425,24,4,20,0.16666666666666666,44.0,1.8333333333333333,1.462494064565354,24,1.0,55.8235671185044,11.973186402132871,104.01105160962568,23.626221901738194,0.13043478260869565,0.0,0.0,0
75778962,0.039613486633469995,32,4,28,0.125,68.0,2.125,0.9270248108869579,32,1.0,59.22950455708771,10.566079268766384,113.11383839822587,26.324881982954906,0.16129032258064516,0.0,0.0,0
75781174,0.03715184058340033,24,4,20,0.16666666666666666,76.0,3.1666666666666665,0.6871842709362768,24,1.0,65.65893635169003,11.817035192966108,125.58225060200348,28.18924204780211,0.13043478260869565,0.0,0.0,0
75781277,0.03648109680060512,24,0,24,0.0,68.0,2.8333333333333335,1.5723301886761005,24,1.0,59.76519763412514,11.478041629363227,104.64887317076918,25.573985319039522,0.13043478260869565,0.0,0.0,0
75783574,0.049948744415489944,32,0,32,0.0,80.0,2.5,1.5811388300841898,32,1.0,61.56226797787734,10.749461301571818,122.92026896129852,27.018997166197543,0.12096774193548387,0.0,0.0,0
75783641,0.027979229525256867,36,4,32,0.1111111111111111,116.0,3.2222222222222223,0.7856742013183862,36,1.0,57.00618428957675,10.979028043721593,108.86884511462897,25.23666466313403,0.13015873015873017,0.0,0.0,0
75784201,0.029422670887480233,32,0,32,0.0,84.0,2.625,1.653594569415369,32,1.0,59.57559920191588,11.151802980537251,115.93575952642038,26.463222158908337,0.12903225806451613,0.0,0.0,0
75785726,0.03786581396352842,28,0,28,0.0,60.0,2.142857142857143,1.124858267715973,28,1.0,59.93928093889775,10.24764228845609,114.00633375137718,26.318336046457784,0.12169312169312169,0.0,0.0,0
75787078,0.047074540868422124,36,4,32,0.1111111111111111,76.0,2.111111111111111,1.1967032904743342,36,1.0,60.10959104377701,10.433886357937467,113.17003585107608,26.769165528107045,0.13015873015873017,0.0,0.0,0
75789044,0.03784095281273994,36,4,32,0.1111111111111111,84.0,2.3333333333333335,1.1547005383792515,36,1.0,59.678502485080514,9.104621736753506,120.6421349558962,26.88198948969367,0.14285714285714285,0.0,0.0,0
75791936,0.028259271408812934,24,0,24,0.0,60.0,2.5,1.2583057392117916,24,1.0,59.29467724856399,12.163565080595657,102.37905032688441,25.270282133426477,0.13043478260869565,0.0,0.0,0
75792704,0.028552149559059208,28,4,24,0.14285714285714285,104.0,3.7142857142857144,1.749635530559413,28,1.0,57.214555421406665,12.652567424869433,104.73328498783337,24.528291804027848,0.1111111111111111,0.0,0.0,0
75794847,0.04262995165251435,28,4,24,0.14285714285714285,76.0,2.7142857142857144,1.385051387833237,28,1.0,56.74653104866251,10.141772692914362,106.72721985606417,25.015914042963185,0.164021164021164,0.0,0.0,0
75796408,0.03369405415886499,36,4,32,0.1111111111111111,100.0,2.7777777777777777,1.617802197617893,36,1.0,58.51498148389458,9.711646526182097,118.5404237816666,25.7366141392168,0.1111111111111111,0.0,0.0,0
75797343,0.04379213087137318,20,0,20,0.0,56.0,2.8,0.9797958971132711,20,1.0,64.20162118073219,14.343432605472627,111.50401438529012,26.86338440126561,0.09473684210526316,0.0,0.0,0
75798580,0.03024549610271502,32,4,28,0.125,76.0,2.375,1.4086784586980805,32,1.0,56.689027005641144,9.27154243545454,111.98491439419729,25.467689611371767,0.1774193548387097,0.0,0.0,0
75798980,0.02700542118411609,28,0,28,0.0,76.0,2.7142857142857144,1.749635530559413,28,1.0,63.709983555315574,9.207530023855426,117.98653851832562,29.268474479325857,0.164021164021164,0.0,0.0,0
75800164,0.030625796256508683,24,4,20,0.16666666666666666,60.0,2.5,0.7637626158259734,24,1.0,59.264244335968755,12.757938982865097,109.09040840107075,25.395851030921225,0.14492753623188406,0.0,0.0,0
75811302,0.04465028531830667,20,4,16,0.2,56.0,2.8,1.16619037896906,20,1.0,58.306472398590344,12.280136767393484,111.56760493644971,24.337589980745374,0.15789473684210525,0.0,0.0,0
75811319,0.03168976150442061,28,4,24,0.14285714285714285,84.0,3.0,1.3093073414159542,28,1.0,60.66968908967231,10.569922347488902,133.1779281345173,27.04300152145916,0.164021164021164,0.0,0.0,0
75811544,0.040686614173725016,28,4,24,0.14285714285714285,68.0,2.4285714285714284,1.178030178747903,28,1.0,61.29645578028804,11.118025205332119,127.1510654667392,27.235254820144004,0.164021164021164,0.0,0.0,0
75811657,0.039306596806075164,36,0,36,0.0,88.0,2.4444444444444446,1.3425606637327303,36,1.0,58.350553779218146,10.672057079086345,113.28614052237886,26.028671770256985,0.13015873015873017,0.0,0.0,0
75811794,0.045107149103882194,20,0,20,0.0,52.0,2.6,1.019803902718557,20,1.0,58.14561285957006,11.52810149944411,100.21667177466978,24.494409801358998,0.1368421052631579,0.0,0.0,0
75812685,0.02790107439179455,32,4,28,0.125,68.0,2.125,1.4523687548277813,32,1.0,56.77291025150114,9.227271356081415,110.74827686151056,25.01865611269594,0.14516129032258066,0.0,0.0,0
75813131,0.03608744517311867,28,4,24,0.14285714285714285,80.0,2.857142857142857,1.4568627181693672,28,1.0,56.97438154750014,10.85756329242408,114.37794303199269,25.090850626670544,0.1746031746031746,0.0,0.0,0
75813241,0.04897345367904239,28,4,24,0.14285714285714285,80.0,2.857142857142857,1.456862718169367,28,1.0,60.870867029740985,10.559564876927814,112.94684715789718,26.219845417988118,0.13227513227513227,0.0,0.0,0
75815070,0.03235707219241457,36,4,32,0.1111111111111111,84.0,2.3333333333333335,1.6329931618554518,36,1.0,58.34297932565375,9.090178536884428,115.77517908698832,25.913462666974986,0.14285714285714285,0.0,0.0,0
75815433,0.03989448919934983,20,0,20,0.0,52.0,2.6,1.9595917942265426,20,1.0,61.97061907210467,12.285959342411326,121.91553032327094,27.053230563132217,0.17894736842105263,0.0,0.0,0
75815465,0.030650281688028684,20,4,16,0.2,48.0,2.4,1.4966629547095767,20,1.0,60.73999115853227,10.572458640123301,110.28218547330015,25.58304974576327,0.15789473684210525,0.0,0.0,0
75816344,0.02982662595549747,32,4,28,0.125,76.0,2.375,1.4086784586980805,32,1.0,55.16519148032173,9.518208597121408,104.74709022447173,24.06966393439009,0.13709677419354838,0.0,0.0,0
75816639,0.03363541228707714,24,4,20,0.16666666666666666,68.0,2.8333333333333335,1.0671873729054748,24,1.0,60.075389542293806,12.13916325172558,117.87293093027306,26.564408370637025,0.17391304347826086,0.0,0.0,0
75818582,0.040155704271136836,24,0,24,0.0,56.0,2.3333333333333335,0.7453559924999298,24,1.0,58.53038885843762,11.414548101947199,113.2792787903904,25.667766592119044,0.15942028985507245,0.0,0.0,0
75820022,0.04917423531965796,36,4,32,0.1111111111111111,100.0,2.7777777777777777,1.0304020550550783,36,1.0,57.93564748610819,9.952498348489224,116.10231052666681,25.622482161650737,0.13015873015873017,0.0,0.0,0
75820420,0.03841877791892859,28,0,28,0.0,68.0,2.4285714285714284,1.4982983545287878,28,1.0,64.24372173580966,10.296303104144897,132.00399983404603,28.540012481575097,0.14285714285714285,0.0,0.0,0
75822007,0.03446597557318572,28,0,28,0.0,88.0,3.142857142857143,0.9897433186107869,28,1.0,60.078140886614484,11.530592149742185,123.89736767185154,26.65844861079912,0.14285714285714285,0.0,0.0,0
75822068,0.036495656286682235,32,4,28,0.125,80.0,2.5,1.118033988749895,32,1.0,58.91418212660849,10.140647504279126,117.69147562600025,26.233816771567206,0.13709677419354838,0.0,0.0,0
75823093,0.04142340881958374,36,4,32,0.1111111111111111,92.0,2.5555555555555554,1.6405358955814886,36,1.0,58.671858983023675,10.27743433712802,111.85246494195758,25.954385330584024,0.1365079365079365,0.0,0.0,0
75825240,0.04411022613027422,28,4,24,0.14285714285714285,100.0,3.5714285714285716,1.498298354528788,28,1.0,58.782114671499386,12.408676858502524,115.99268853131632,25.465979090769178,0.13227513227513227,0.0,0.0,0
75825491,0.04271931260735117,32,4,28,0.125,88.0,2.75,1.3919410907075054,32,1.0,60.8865946987752,9.806262440763758,114.50309244641876,27.075034927699615,0.13709677419354838,0.0,0.0,0
75826365,0.03783081813302727,32,4,28,0.125,88.0,2.75,1.7853571071357126,32,1.0,57.37668040749885,9.680871933861738,112.9780251193566,25.493514877487083,0.1532258064516129,0.0,0.0,0
75826720,0.04497952801788033,32,4,28,0.125,96.0,3.0,1.4142135623730951,32,1.0,58.39078495511258,10.948018739164434,114.19528563822746,25.585311040747538,0.12903225806451613,0.0,0.0,0
75827029,0.04692254909150934,20,0,20,0.0,44.0,2.2,1.16619037896906,20,1.0,63.319933080615414,14.271321186839973,118.56312437333874,26.33003556738465,0.09473684210526316,0.0,0.0,0
75827649,0.0322070920798445,32,4,28,0.125,76.0,2.375,1.5761900266148114,32,1.0,57.25966524704691,10.306278776985666,117.57684052301276,25.593191922922767,0.1693548387096774,0.0,0.0,0
75828924,0.025797706676432546,28,0,28,0.0,112.0,4.0,1.3093073414159542,28,1.0,60.92623677811896,11.134437793733712,117.25107808293913,26.916981497749227,0.15343915343915343,0.0,0.0,0
75829171,0.04411430880279475,28,4,24,0.14285714285714285,68.0,2.4285714285714284,1.049781318335648,28,1.0,58.38108221050732,12.197011168344133,108.94932984558376,24.98789530498893,0.12169312169312169,0.0,0.0,0
75835292,0.030678613492584206,32,4,28,0.125,76.0,2.375,1.653594569415369,32,1.0,58.732882968888596,9.190558734025032,115.1686946119051,26.026939891241895,0.13709677419354838,0.0,0.0,0
75836803,0.034113256472949646,32,4,28,0.125,64.0,2.0,0.8660254037844386,32,1.0,55.70098655668184,9.78410022791378,115.31888153501957,24.98843563622745,0.1693548387096774,0.0,0.0,0
75837587,0.028987751057410575,28,4,24,0.14285714285714285,76.0,2.7142857142857144,1.4846149779161804,28,1.0,54.57651035336675,10.602428985336763,110.43834500640111,23.798723517601164,0.164021164021164,0.0,0.0,0
75837588,0.045377734778192826,32,4,28,0.125,84.0,2.625,1.3169567191065923,32,1.0,57.381699152083534,9.816606339396854,107.84070161337281,25.52323603188185,0.1532258064516129,0.0,0.0,0
75838010,0.02543593813113978,24,4,20,0.16666666666666666,72.0,3.0,1.7320508075688772,24,1.0,59.42311649126264,11.690328661715565,102.61145582341948,25.30741099375576,0.13043478260869565,0.0,0.0,0
75840329,0.04899032291817226,24,0,24,0.0,60.0,2.5,1.2583057392117916,24,1.0,61.926916105658584,11.46654181285942,118.20378714955714,26.58492746866834,0.14492753623188406,0.0,0.0,0
75840368,0.03734285775421496,28,0,28,0.0,72.0,2.5714285714285716,1.840585532389304,28,1.0,63.69526555701741,11.39188958734334,121.817464466973,27.909630305332946,0.10052910052910052,0.0,0.0,0
75843788,0.04964819661719561,32,0,32,0.0,108.0,3.375,1.4947825928876748,32,1.0,60.19355938138959,10.783081064508881,117.60329205218292,26.79249861690258,0.12903225806451613,0.0,0.0,0
75843963,0.049903614797582825,36,4,32,0.1111111111111111,120.0,3.3333333333333335,1.7638342073763937,36,1.0,60.75492530404756,10.780722769946808,128.28747149144678,27.084660211661458,0.1492063492063492,0.0,0.0,0
75845040,0.026919205056746266,24,0,24,0.0,56.0,2.3333333333333335,1.3743685418725535,24,1.0,65.6859214930654,11.503985890051142,131.14574949522074,28.26923045976306,0.13043478260869565,0.0,0.0,0
75845161,0.030385043750260434,32,4,28,0.125,88.0,2.75,1.1989578808281798,32,1.0,62.486964224044534,10.575412079323302,125.13609497936258,27.816599027384402,0.13709677419354838,0.0,0.0,0
75845337,0.027477294499009843,32,4,28,0.125,68.0,2.125,1.2686114456365274,32,1.0,58.725717176987864,10.597085637806066,116.11519611239815,25.993579106858526,0.14516129032258066,0.0,0.0,0
75845704,0.03725462383905353,36,4,32,0.1111111111111111,64.0,1.7777777777777777,1.030402055055078,36,1.0,60.28097368854696,9.838474538049837,120.07457942455922,26.86468243327944,0.13015873015873017,0.0,0.0,0
75847145,0.03386676898361264,36,4,32,0.1111111111111111,96.0,2.6666666666666665,1.414213562373095,36,1.0,56.84589223404468,9.546429321996177,113.34104781056975,25.67869539712416,0.15555555555555556,0.0,0.0,0
75848499,0.03681109196027027,28,4,24,0.14285714285714285,64.0,2.2857142857142856,1.2777531299998797,28,1.0,59.5560396224413,11.387165414716922,116.45054974817637,26.029256001013334,0.13227513227513227,0.0,0.0,0
75850159,0.02937319146103754,24,0,24,0.0,72.0,3.0,1.2909944487358056,24,1.0,62.271175358211096,10.324200603306986,117.02819717122057,27.468442821960505,0.11594202898550725,0.0,0.0,0
75850258,0.03169286962395433,36,4,32,0.1111111111111111,72.0,2.0,1.247219128924647,36,1.0,59.44534687862176,9.935631537172577,113.95564509391866,26.42604914251834,0.13015873015873017,0.0,0.0,0
75850508,0.03308447876401456,24,0,24,0.0,92.0,3.8333333333333335,0.8975274678557507,24,1.0,59.35601976066441,12.272310822874488,101.99386499390813,25.20911850776313,0.11594202898550725,0.0,0.0,0
75851051,0.03076913051039511,28,0,28,0.0,68.0,2.4285714285714284,1.2936264483053452,28,1.0,61.21403845368628,9.703278056039583,117.73131408028118,26.640022498968385,0.12169312169312169,0.0,0.0,0
75851214,0.025156718025911157,24,0,24,0.0,44.0,1.8333333333333333,0.6871842709362769,24,1.0,63.54980026534732,11.251638111623807,114.07416708705144,27.258230536727613,0.10144927536231885,0.0,0.0,0
75851849,0.04476510989066895,32,4,28,0.125,108.0,3.375,1.2183492931011204,32,1.0,60.93500265720219,11.493697141252895,129.34198556291236,27.18828218191813,0.12903225806451613,0.0,0.0,0
75852143,0.03690131875160282,28,4,24,0.14285714285714285,92.0,3.2857142857142856,1.5779087167410373,28,1.0,56.5519967557382,12.912730549698402,108.70174102638792,24.545540716804815,0.13227513227513227,0.0,0.0,0
75852471,0.04419827199486033,24,0,24,0.0,80.0,3.3333333333333335,1.4907119849998598,24,1.0,60.68556909044516,11.366742772424374,118.45883035162666,26.317564975635428,0.11594202898550725,0.0,0.0,0
75853717,0.047234159404702936,28,4,24,0.14285714285714285,76.0,2.7142857142857144,1.2777531299998797,28,1.0,60.320901021679646,11.563916092933058,120.7564877735641,26.738974808285366,0.15343915343915343,0.0,0.0,0
75853843,0.04919319694591413,28,4,24,0.14285714285714285,80.0,2.857142857142857,1.2453996981544784,28,1.0,57.63018382203064,11.088765248413901,106.15132742475198,24.91444053480176,0.13227513227513227,0.0,0.0,0
75854043,0.030343031623155308,28,4,24,0.14285714285714285,92.0,3.2857142857142856,1.7496355305594131,28,1.0,59.407660073764916,9.909402791299273,110.16639819812157,26.270978126105206,0.164021164021164,0.0,0.0,0
75854436,0.0458050750946945,20,4,16,0.2,64.0,3.2,0.7483314773547882,20,1.0,58.12355792151159,11.77147649446959,107.54433118692458,24.05542528331512,0.11578947368421053,0.0,0.0,0
75854766,0.03552221302982737,32,0,32,0.0,88.0,2.75,1.0897247358851685,32,1.0,61.150363927978894,10.592341068463321,126.01427698308055,27.200380829935085,0.10483870967741936,0.0,0.0,0
75854976,0.0264428053112726,28,4,24,0.14285714285714285,60.0,2.142857142857143,0.9897433186107872,28,1.0,55.42276413844191,10.831751562235286,108.33249617668632,24.574373275658818,0.1746031746031746,0.0,0.0,0
75855112,0.03964665549736697,20,4,16,0.2,44.0,2.2,0.7483314773547883,20,1.0,58.81866134828323,11.667978856434472,108.09525942665428,24.568712296273834,0.15789473684210525,0.0,0.0,0
75855494,0.046125811039834305,36,4,32,0.1111111111111111,104.0,2.888888888888889,1.5234788000891208,36,1.0,59.760386819474256,10.417966712056636,121.92475673968417,27.147812924930545,0.1746031746031746,0.0,0.0,0
75856083,0.033134679040868184,32,0,32,0.0,68.0,2.125,0.9270248108869579,32,1.0,61.68747192922387,9.800951740481587,120.28427291244468,27.896888391897765,0.13709677419354838,0.0,0.0,0
75856289,0.038943258041356975,36,4,32,0.1111111111111111,84.0,2.3333333333333335,1.1547005383792515,36,1.0,58.705983127943064,10.829572863525764,119.44173985480998,26.196308634646392,0.1111111111111111,0.0,0.0,0
75856880,0.04342091857440494,32,4,28,0.125,60.0,1.875,0.9270248108869579,32,1.0,58.162493143107724,11.45030975886087,113.44178331566577,25.772704623910137,0.14516129032258066,0.0,0.0,0
75858039,0.03435691244905543,32,0,32,0.0,60.0,1.875,1.2686114456365274,32,1.0,61.728856201245975,9.706976879022854,118.18984819607668,27.245272207388943,0.12903225806451613,0.0,0.0,0
75859612,0.03672900341023345,20,0,20,0.0,56.0,2.8,1.16619037896906,20,1.0,64.13239630786843,14.789686429757696,111.46223999364408,26.377357919309848,0.07368421052631578,0.0,0.0,0
75862353,0.040844219730407375,24,0,24,0.0,68.0,2.8333333333333335,1.3437096247164249,24,1.0,61.48767283916997,11.170076065731893,114.0524309499169,26.725652399380195,0.13043478260869565,0.0,0.0,0
75862477,0.026935090662785016,28,4,24,0.14285714285714285,52.0,1.8571428571428572,0.989743318610787,28,1.0,58.730041817310095,10.075363463234083,109.85443409034517,26.007337245135382,0.164021164021164,0.0,0.0,0
75862678,0.0423989903238068,28,0,28,0.0,96.0,3.4285714285714284,1.3997084244475304,28,1.0,61.526223777354616,12.51859446171649,112.78466180993603,26.566503337428475,0.1111111111111111,0.0,0.0,0
75863121,0.04813789498004327,32,4,28,0.125,100.0,3.125,1.5360257159305635,32,1.0,58.606725104261265,11.996755276096936,112.14415952733616,25.58823308270089,0.12903225806451613,0.0,0.0,0
75863142,0.025650545346577496,20,0,20,0.0,64.0,3.2,1.3266499161421599,20,1.0,62.58878933021297,11.289200853659855,114.30321375222944,26.381867015561113,0.1368421052631579,0.0,0.0,0
75864159,0.0459690020069399,36,4,32,0.1111111111111111,76.0,2.111111111111111,1.594744454934147,36,1.0,60.82196765252724,9.999266307401527,130.04774226750837,27.57114603481321,0.1619047619047619,0.0,0.0,0
75864891,0.03250464920879255,24,0,24,0.0,76.0,3.1666666666666665,1.3437096247164249,24,1.0,61.300010432356274,10.529581614803972,111.4813440090367,26.43917003276964,0.11594202898550725,0.0,0.0,0
75864911,0.03473681141210711,24,4,20,0.16666666666666666,60.0,2.5,1.5,24,1.0,63.97498585302034,12.83039189468576,121.24901840993941,27.2695841580029,0.11594202898550725,0.0,0.0,0
75865456,0.03387118634978206,32,4,28,0.125,68.0,2.125,1.2686114456365274,32,1.0,59.12009301032109,9.771227515063558,119.35992004515415,26.50090462381784,0.1693548387096774,0.0,0.0,0
75866275,0.03526745899207557,36,0,36,0.0,68.0,1.8888888888888888,1.2862041003100253,36,1.0,57.80698547540965,9.140041082068205,122.10164580569352,26.189249794961952,0.14285714285714285,0.0,0.0,0
75867151,0.026863254879359526,24,0,24,0.0,68.0,2.8333333333333335,1.3437096247164249,24,1.0,58.28240755202713,13.15142676476463,98.52512278855608,24.73784684536526,0.10144927536231885,0.0,0.0,0
75870117,0.026743974579422725,20,0,20,0.0,52.0,2.6,1.3564659966250538,20,1.0,59.53242358723605,11.077643484410011,104.1793098132385,26.06621350152216,0.17894736842105263,0.0,0.0,0
75872623,0.02509422236864832,32,4,28,0.125,100.0,3.125,1.5360257159305635,32,1.0,59.52068993285585,12.244518291367882,119.79987541826765,26.07824255088727,0.12903225806451613,0.0,0.0,0
75874543,0.03491464294376518,36,4,32,0.1111111111111111,100.0,2.7777777777777777,1.0304020550550783,36,1.0,59.84567183293912,10.581140364842229,122.2429973682069,27.146324176519727,0.1492063492063492,0.0,0.0,0
75875734,0.0440549954172591,36,4,32,0.1111111111111111,76.0,2.111111111111111,1.4487116456005888,36,1.0,62.421294549402724,9.027928010602539,123.09871223349285,28.306032359295333,0.16825396825396827,0.0,0.0,0
75877534,0.03965122157694662,24,0,24,0.0,84.0,3.5,1.5,24,1.0,59.896532942958785,11.871995831240087,102.8357271442466,25.538392847469286,0.11594202898550725,0.0,0.0,0
75878390,0.025930962540619343,28,0,28,0.0,88.0,3.142857142857143,1.355261854357877,28,1.0,59.50321482489636,11.215516774562209,113.83188614441677,26.236599174017197,0.14285714285714285,0.0,0.0,0
75880085,0.025257043308269236,32,4,28,0.125,104.0,3.25,1.5612494995995996,32,1.0,60.85171216476853,11.866826345355795,124.75557069699948,27.037675060046716,0.14516129032258066,0.0,0.0,0
75882192,0.04724125283752278,28,4,24,0.14285714285714285,80.0,2.857142857142857,1.6413036132965795,28,1.0,58.310268317349795,10.204992504616014,115.77990512129108,26.07616700223206,0.18518518518518517,0.0,0.0,0
75886361,0.02797235762330462,24,0,24,0.0,104.0,4.333333333333333,1.4907119849998596,24,1.0,60.03230053965831,12.359989769598096,113.80759145451935,25.824679266565536,0.13043478260869565,0.0,0.0,0
75888085,0.04494191068571296,32,0,32,0.0,80.0,2.5,1.224744871391589,32,1.0,61.118811403216846,10.217248185453546,121.4178474530322,27.2933872240879,0.13709677419354838,0.0,0.0,0
75888091,0.026674425585040688,28,4,24,0.14285714285714285,76.0,2.7142857142857144,1.4846149779161804,28,1.0,58.84175484802399,10.703821693377375,114.7782867578449,25.30252786316845,0.12169312169312169,0.0,0.0,0
75888282,0.03009388318895309,32,4,28,0.125,84.0,2.625,1.4947825928876748,32,1.0,57.909037974909936,9.342748388406173,112.71667954684459,25.844075739869783,0.1532258064516129,0.0,0.0,0
75890927,0.03941398770121322,24,0,24,0.0,52.0,2.1666666666666665,1.4624940645653537,24,1.0,57.92393978997529,11.335927146119708,104.36380962967743,25.312656145831134,0.15942028985507245,0.0,0.0,0
75890977,0.04162230801212046,28,4,24,0.14285714285714285,68.0,2.4285714285714284,1.0497813183356477,28,1.0,58.43910898350526,9.899804718403983,119.8855933085799,26.12358806847348,0.1746031746031746,0.0,0.0,0
75890978,0.028238616810213814,24,0,24,0.0,56.0,2.3333333333333335,1.4907119849998598,24,1.0,61.82926259797616,10.685467868116842,111.65275639566215,27.042888920957065,0.13043478260869565,0.0,0.0,0
75891081,0.028615663175445026,24,0,24,0.0,76.0,3.1666666666666665,1.674979270186815,24,1.0,60.241868017749795,10.104484031540213,108.46791141634766,26.15000085257374,0.13043478260869565,0.0,0.0,0
75891671,0.0402358168123233,20,4,16,0.2,56.0,2.8,1.6,20,1.0,62.234322360135295,14.705935715975338,120.98154811205025,26.17411541239401,0.1368421052631579,0.0,0.0,0
75891694,0.029179873214748367,24,0,24,0.0,68.0,2.8333333333333335,1.5723301886761005,24,1.0,60.77055792700591,11.666652102589932,109.36209540834639,25.747310734840152,0.11594202898550725,0.0,0.0,0
75892238,0.027016233418530895,32,4,28,0.125,80.0,2.5,1.0,32,1.0,59.98719229138213,9.595147471082269,117.88012435820373,27.086957961777,0.1532258064516129,0.0,0.0,0
75892635,0.03586607647999947,36,0,36,0.0,76.0,2.111111111111111,1.3698697784375504,36,1.0,61.4336579502062,9.669414814102867,121.85649867435288,28.09585632104057,0.14285714285714285,0.0,0.0,0
75895003,0.04411096372691727,32,0,32,0.0,64.0,2.0,1.0,32,1.0,58.98306466778188,9.799389059652613,121.55228797104164,26.5531805642704,0.14516129032258066,0.0,0.0,0
75896280,0.02989744821082844,36,0,36,0.0,88.0,2.4444444444444446,1.5713484026367721,36,1.0,62.33843291414835,10.068162477671665,122.22486229488968,28.331442740741984,0.1492063492063492,0.0,0.0,0
75896918,0.04097315007562388,20,0,20,0.0,60.0,3.0,1.2649110640673518,20,1.0,66.2937702148396,12.89762596182435,118.19511302132389,28.116267831076627,0.11578947368421053,0.0,0.0,0
75897382,0.04587664653731775,20,0,20,0.0,56.0,2.8,1.3266499161421599,20,1.0,66.33794755546631,13.84250255878809,121.88689605528441,27.82673847083849,0.11578947368421053,0.0,0.0,0
75898362,0.03718128362954233,32,4,28,0.125,76.0,2.375,1.3169567191065923,32,1.0,59.24267938920322,10.635271405678466,116.6235789934265,26.35751741317577,0.14516129032258066,0.0,0.0,0
75898624,0.0373953669533781,32,0,32,0.0,88.0,2.75,1.6393596310755,32,1.0,58.96508321200908,9.283238553820885,110.45908843024729,26.73965981207769,0.16129032258064516,0.0,0.0,0
75899584,0.030621127253529543,20,0,20,0.0,40.0,2.0,1.5491933384829668,20,1.0,62.53747342119468,11.23906738171757,101.22054555145762,26.12779539682481,0.11578947368421053,0.0,0.0,0
75899927,0.030555809066962866,36,4,32,0.1111111111111111,76.0,2.111111111111111,1.286204100310025,36,1.0,57.66517281853213,9.383173427377255,106.23840316676979,25.98859074243392,0.1492063492063492,0.0,0.0,0
75900177,0.04044580957446872,32,0,32,0.0,100.0,3.125,1.6153559979150107,32,1.0,60.54153468922301,10.427453606855055,123.19297733568504,27.19342615373695,0.14516129032258066,0.0,0.0,0
75900368,0.040647303362043974,32,0,32,0.0,80.0,2.5,1.4142135623730951,32,1.0,59.6108199304481,9.826970735284316,118.97671234861164,26.324872601301294,0.12096774193548387,0.0,0.0,0
75902356,0.029730410570320002,24,0,24,0.0,60.0,2.5,1.118033988749895,24,1.0,62.90662152684949,10.392618353304648,120.10039024165805,27.284583139008785,0.14492753623188406,0.0,0.0,0
75902962,0.03263152064268449,24,0,24,0.0,84.0,3.5,1.3844373104863459,24,1.0,64.73729676222275,11.712502131358022,119.56683194279374,29.110022898105466,0.15942028985507245,0.0,0.0,0
75904310,0.025571808686488437,32,0,32,0.0,56.0,1.75,1.299038105676658,32,1.0,61.83664520758263,10.20544456959286,121.46709787729361,27.351757849752854,0.12903225806451613,0.0,0.0,0
75905571,0.044161695139489476,20,0,20,0.0,52.0,2.6,1.6248076809271923,20,1.0,60.51965040233975,17.56399225015662,113.67307755018844,24.9165616727286,0.09473684210526316,0.0,0.0,0
75905839,0.03807846244541783,36,4,32,0.1111111111111111,68.0,1.8888888888888888,1.1967032904743342,36,1.0,61.726758502016075,9.089380189309317,123.34256576292066,28.484688653635505,0.1746031746031746,0.0,0.0,0
75907512,0.048611611446190355,24,0,24,0.0,64.0,2.6666666666666665,1.3743685418725535,24,1.0,60.307391519147856,11.47121953544382,124.22265621028608,26.72081894042,0.15942028985507245,0.0,0.0,0
75908481,0.04191295044834625,28,0,28,0.0,76.0,2.7142857142857144,1.749635530559413,28,1.0,59.06094492666301,10.90896182455039,117.14275199553138,25.497307377335446,0.1111111111111111,0.0,0.0,0
75908621,0.02637985933541679,24,0,24,0.0,60.0,2.5,1.5,24,1.0,61.85735463202779,11.592120733335214,116.81235019679247,26.688868224133525,0.13043478260869565,0.0,0.0,0
75909283,0.043153155687848554,32,0,32,0.0,80.0,2.5,1.6583123951777,32,1.0,61.47955749860253,9.503157496427486,126.10253133811018,27.36717789491563,0.13709677419354838,0.0,0.0,0
75909571,0.026562133550974754,36,0,36,0.0,104.0,2.888888888888889,1.1967032904743342,36,1.0,59.764661669864466,10.52402864114678,112.46813769049812,26.34460701055942,0.11746031746031746,0.0,0.0,0
75909889,0.043640824303436236,32,0,32,0.0,72.0,2.25,1.6393596310755,32,1.0,60.609815519691466,9.289163577137757,120.3684034253762,26.793541846747754,0.12903225806451613,0.0,0.0,0
75910069,0.03986701153551506,20,0,20,0.0,60.0,3.0,1.4142135623730951,20,1.0,63.89851952177805,11.676564321227719,112.99621067553385,26.91876238052414,0.1368421052631579,0.0,0.0,0
75910097,0.04107244930955115,24,0,24,0.0,56.0,2.3333333333333335,1.1055415967851334,24,1.0,62.91229210934785,11.281016659161462,118.33330375494859,27.13834462991077,0.11594202898550725,0.0,0.0,0
75910559,0.04715096157152386,28,0,28,0.0,104.0,3.7142857142857144,1.577908716741037,28,1.0,62.036833249582045,11.6295535605226,119.82791693098298,27.206975158190474,0.13227513227513227,0.0,0.0,0
75911154,0.0448980362280005,32,4,28,0.125,112.0,3.5,1.5811388300841898,32,1.0,60.573069361213676,10.624821816823323,127.92767173206143,27.150776008393642,0.16129032258064516,0.0,0.0,0
75911542,0.03300977973542514,28,4,24,0.14285714285714285,56.0,2.0,1.0690449676496976,28,1.0,59.724023627702806,11.121017708695033,119.73912750628554,26.407319204092172,0.14285714285714285,0.0,0.0,0
75911938,0.04614247220547165,24,0,24,0.0,64.0,2.6666666666666665,1.3743685418725535,24,1.0,58.89480991420539,11.571178800166816,110.44086486772328,25.167660554568144,0.13043478260869565,0.0,0.0,0
75912766,0.03226174687937583,20,0,20,0.0,48.0,2.4,0.48989794855663565,20,1.0,65.70776490734353,11.059726468225977,115.2296501037693,27.667573996536515,0.1368421052631579,0.0,0.0,0
75914931,0.048739838084619874,24,0,24,0.0,68.0,2.8333333333333335,1.4624940645653537,24,1.0,61.722437878927096,12.620730613856958,113.14385012652912,26.21266815284828,0.10144927536231885,0.0,0.0,0
75915235,0.038925194078245184,24,4,20,0.16666666666666666,56.0,2.3333333333333335,1.3743685418725535,24,1.0,56.99636449913511,10.452166546734801,109.41995484272086,24.676459972472635,0.17391304347826086,0.0,0.0,0
75918336,0.028852179308455853,24,0,24,0.0,52.0,2.1666666666666665,1.0671873729054748,24,1.0,63.367087178685,9.780735039640728,114.04862538652846,27.713661292312388,0.17391304347826086,0.0,0.0,0
75920012,0.03904511964569306,24,0,24,0.0,72.0,3.0,1.0,24,1.0,60.05626686036719,11.991951291617772,104.80653584826186,25.396209852480332,0.11594202898550725,0.0,0.0,0
75920471,0.04052813989956363,32,4,28,0.125,72.0,2.25,1.299038105676658,32,1.0,60.177567445870615,11.457382200246753,119.95782912036118,26.8558014742788,0.1532258064516129,0.0,0.0,0
75921008,0.03328953904054564,24,4,20,0.16666666666666666,88.0,3.6666666666666665,1.247219128924647,24,1.0,60.070494628127456,11.88374720000867,107.82795194434719,25.455496723633516,0.13043478260869565,0.0,0.0,0
75921657,0.034010112419649664,36,4,32,0.1111111111111111,64.0,1.7777777777777777,0.9162456945817022,36,1.0,57.64514887696328,9.822264593151061,105.47341846187732,25.564246335024148,0.1492063492063492,0.0,0.0,0
75921661,0.04007317142166052,36,4,32,0.1111111111111111,72.0,2.0,1.4142135623730951,36,1.0,58.25103867482085,10.52567310798033,126.2971358612833,26.542025147452865,0.14285714285714285,0.0,0.0,0
75921861,0.03356716879937378,32,4,28,0.125,92.0,2.875,1.3635890143294642,32,1.0,58.55656088037095,9.905242753357507,116.69808071274359,25.793351707290437,0.14516129032258066,0.0,0.0,0
75923421,0.027733749072104647,32,0,32,0.0,72.0,2.25,1.479019945774904,32,1.0,58.210232272808135,9.80821153734739,115.17241886037023,26.15094111174723,0.14516129032258066,0.0,0.0,0
75923998,0.02782129180781867,28,4,24,0.14285714285714285,68.0,2.4285714285714284,1.1780301787479028,28,1.0,59.784925610642254,12.030592764604265,116.02033327000882,25.999222085876657,0.13227513227513227,0.0,0.0,0
75924157,0.035676846286851444,24,0,24,0.0,60.0,2.5,1.3844373104863459,24,1.0,63.52105122317234,10.209717193301163,118.37343398702183,27.820810400915946,0.14492753623188406,0.0,0.0,0
75924167,0.03998934315700714,24,0,24,0.0,60.0,2.5,1.6072751268321592,24,1.0,58.523215278910534,11.256577271179838,112.69486851110702,25.686611635932078,0.13043478260869565,0.0,0.0,0
75924823,0.03686703504589299,28,4,24,0.14285714285714285,96.0,3.4285714285714284,1.3997084244475304,28,1.0,56.65960010050269,11.109020586362684,107.00695079954085,24.42813395107861,0.13227513227513227,0.0,0.0,0
75925168,0.038890439086905246,28,4,24,0.14285714285714285,64.0,2.2857142857142856,1.577908716741037,28,1.0,59.65532131510507,11.279198962893753,105.37983743428556,26.199384931395407,0.12169312169312169,0.0,0.0,0
75926154,0.03556136430969975,32,0,32,0.0,100.0,3.125,1.6153559979150107,32,1.0,62.63176647922474,10.188847930044698,127.71890026233704,28.320654023109846,0.16129032258064516,0.0,0.0,0
75927019,0.042313910850711525,20,4,16,0.2,76.0,3.8,1.1661903789690602,20,1.0,62.797140645803005,13.13656234518254,116.84000416321462,26.516018130337763,0.15789473684210525,0.0,0.0,0
75927245,0.04041608177922537,24,0,24,0.0,64.0,2.6666666666666665,1.699673171197595,24,1.0,65.41673568663654,9.049476165685297,117.67995874261622,28.716214983709552,0.13043478260869565,0.0,0.0,0
75927335,0.0344577105617076,40,4,36,0.1,108.0,2.7,1.3453624047073711,40,1.0,60.17153534000103,10.597420119669248,130.62910717067462,27.143115451775685,0.15384615384615385,0.0,0.0,0
75927373,0.026828427178163625,28,4,24,0.14285714285714285,84.0,3.0,1.5118578920369088,28,1.0,58.15750023935426,10.7908163749064,112.7661880184576,25.90101350239501,0.1746031746031746,0.0,0.0,0
75927389,0.034075891638701505,28,4,24,0.14285714285714285,68.0,2.4285714285714284,1.178030178747903,28,1.0,60.420927750455625,10.994096096242052,105.14634981371837,26.042707754663983,0.13227513227513227,0.0,0.0,0
75927660,0.03711306694986121,28,0,28,0.0,64.0,2.2857142857142856,1.0301575072754257,28,1.0,58.33146343015935,12.489215540379679,109.51093939652519,25.284374622737253,0.1111111111111111,0.0,0.0,0
75927875,0.042156446434406504,28,0,28,0.0,92.0,3.2857142857142856,1.9794866372215745,28,1.0,62.03680120241812,11.370191654880118,120.58464887963848,27.241367159946684,0.14285714285714285,0.0,0.0,0
75928348,0.039047632474345735,40,0,40,0.0,88.0,2.2,1.5362291495737217,40,1.0,62.766789455634495,9.799912601022768,128.0331132747781,28.151611130002582,0.1076923076923077,0.0,0.0,0
75928517,0.0413753828459514,32,4,28,0.125,76.0,2.375,1.4086784586980805,32,1.0,56.175892133916285,10.591768492107382,107.22889545070363,24.558897751988578,0.12096774193548387,0.0,0.0,0
75928760,0.02700702228944477,32,4,28,0.125,72.0,2.25,1.3919410907075054,32,1.0,61.38321127119139,10.3183860491445,121.13718112886384,27.238955996175985,0.12096774193548387,0.0,0.0,0
75929958,0.03729785449827661,36,4,32,0.1111111111111111,60.0,1.6666666666666667,0.6666666666666666,36,1.0,60.47624869834993,10.045467667750303,116.31142109006605,26.941774670224234,0.13015873015873017,0.0,0.0,0
75930440,0.0437720098281646,24,0,24,0.0,76.0,3.1666666666666665,1.4624940645653537,24,1.0,63.616377015033095,11.556904702698963,125.020499986043,28.103172984168314,0.15942028985507245,0.0,0.0,0
75930516,0.03282398140274337,28,4,24,0.14285714285714285,68.0,2.4285714285714284,1.4982983545287878,28,1.0,64.12655022622718,10.10911848535052,126.52292181204938,28.157387632120468,0.12169312169312169,0.0,0.0,0
75930627,0.035384220489943684,20,0,20,0.0,40.0,2.0,1.0954451150103321,20,1.0,66.02698559107681,10.59649595527477,112.05832150955092,29.208428420720697,0.17894736842105263,0.0,0.0,0
75930684,0.042443553489184174,32,4,28,0.125,76.0,2.375,0.9921567416492215,32,1.0,57.93687003627886,11.075340075765785,104.9133561118325,25.045098535248098,0.11290322580645161,0.0,0.0,0
75934343,0.03856737932170316,36,4,32,0.1111111111111111,56.0,1.5555555555555556,0.9558139185602919,36,1.0,60.583212349991435,9.100461031350873,120.04249935337167,27.71655213414814,0.1746031746031746,0.0,0.0,0
75935643,0.025478625252043544,20,0,20,0.0,52.0,2.6,1.624807680927192,20,1.0,63.437082622945105,14.745400006414025,103.62425796835079,26.39885750394239,0.09473684210526316,0.0,0.0,0
75936669,0.028800605478274642,28,4,24,0.14285714285714285,60.0,2.142857142857143,1.124858267715973,28,1.0,58.46170894840599,9.439988693269374,108.52692086882897,25.767126728990675,0.13227513227513227,0.0,0.0,0
75937328,0.02654332233186085,32,0,32,0.0,116.0,3.625,1.5761900266148114,32,1.0,58.446305103373035,11.448270867634864,109.04458685404009,25.37171880902606,0.12096774193548387,0.0,0.0,0
75937738,0.039002517419092865,36,4,32,0.1111111111111111,96.0,2.6666666666666665,1.05409255338946,36,1.0,59.37175696147675,10.400307528602243,119.10987116443404,26.923341731352334,0.15555555555555556,0.0,0.0,0
75938056,0.04547592255737496,32,4,28,0.125,92.0,2.875,1.3635890143294642,32,1.0,60.041638694387885,10.897239535632648,115.8493595925337,26.994250601976674,0.16129032258064516,0.0,0.0,0
75938189,0.04190025585231312,32,0,32,0.0,92.0,2.875,1.6153559979150107,32,1.0,62.74104649201565,9.461694396424926,120.13562530577407,27.867873572407678,0.13709677419354838,0.0,0.0,0
75939046,0.028039983596447347,36,8,28,0.2222222222222222,60.0,1.6666666666666667,1.247219128924647,36,1.0,55.05116165596763,9.214848616116967,104.2629012067992,24.364915926889715,0.1365079365079365,0.0,0.0,0
75940913,0.027370359237166367,28,4,24,0.14285714285714285,68.0,2.4285714285714284,1.4982983545287878,28,1.0,59.7282578843453,10.692611755117289,113.71373099775968,26.217969283911774,0.13227513227513227,0.0,0.0,0
75941101,0.025596522869543142,28,0,28,0.0,68.0,2.4285714285714284,1.0497813183356477,28,1.0,63.877404423524766,9.863681965602723,121.54497313984346,27.789674744196894,0.12169312169312169,0.0,0.0,0
75941873,0.037563201092535026,24,0,24,0.0,68.0,2.8333333333333335,1.4624940645653537,24,1.0,60.44397236672357,10.086764585981285,115.48838408694185,26.199239383060444,0.14492753623188406,0.0,0.0,0
75942176,0.035002274866796246,28,4,24,0.14285714285714285,64.0,2.2857142857142856,1.4846149779161806,28,1.0,55.834804043740846,11.032263156947895,108.52537498999772,24.503430624265366,0.14285714285714285,0.0,0.0,0
75942366,0.029940478247614588,20,0,20,0.0,48.0,2.4,1.3564659966250538,20,1.0,62.53455039500546,13.229633696816746,121.82648256372681,26.239558258290803,0.11578947368421053,0.0,0.0,0
75943024,0.04727675183650369,32,4,28,0.125,96.0,3.0,1.7320508075688772,32,1.0,56.29948620030473,9.34604678444433,117.16685836218605,25.12348523382085,0.1693548387096774,0.0,0.0,0
75943167,0.029874440390200093,20,0,20,0.0,68.0,3.4,1.019803902718557,20,1.0,67.81884663689623,11.43990332294398,128.94191497267124,28.72830997475956,0.11578947368421053,0.0,0.0,0
75943919,0.04690851275065079,24,0,24,0.0,84.0,3.5,1.118033988749895,24,1.0,62.49967414357947,12.627944915071156,114.74869960341636,26.725085154805484,0.10144927536231885,0.0,0.0,0
75947221,0.027178966581725944,24,0,24,0.0,72.0,3.0,1.7320508075688772,24,1.0,63.593414140771294,10.672747940095164,115.78465881193941,28.077213233974444,0.15942028985507245,0.0,0.0,0
75947997,0.039656280706727304,24,0,24,0.0,44.0,1.8333333333333333,0.8975274678557508,24,1.0,60.4777437094197,9.397305401375847,114.26941720059435,26.10016313876832,0.13043478260869565,0.0,0.0,0
75951597,0.03208866672888566,36,4,32,0.1111111111111111,68.0,1.8888888888888888,0.7370277311900888,36,1.0,58.611196615621154,10.618667476089946,112.91384636670071,25.79211062293178,0.11746031746031746,0.0,0.0,0
75952877,0.04720172979059388,24,0,24,0.0,56.0,2.3333333333333335,1.5986105077709065,24,1.0,62.642304691069974,10.425831820912201,118.16183671066864,27.234784670966118,0.14492753623188406,0.0,0.0,0
75953448,0.04668505711601513,20,0,20,0.0,36.0,1.8,0.7483314773547883,20,1.0,63.767361035883255,10.487720983757487,107.05650093610272,27.508432128015553,0.1368421052631579,0.0,0.0,0
75953848,0.026604719187830115,32,4,28,0.125,76.0,2.375,1.1110243021644486,32,1.0,56.584452492775846,11.165267354498015,103.37780057778787,25.07498169110844,0.12903225806451613,0.0,0.0,0
75955697,0.030197706188415087,20,0,20,0.0,44.0,2.2,1.5999999999999999,20,1.0,60.51855714666469,15.984949619835021,106.83213714963317,24.985205886299585,0.07368421052631578,0.0,0.0,0
75955828,0.04067907502534035,32,0,32,0.0,68.0,2.125,1.2686114456365274,32,1.0,57.15352808370212,9.313711632830552,109.33687648457474,25.454670288710272,0.13709677419354838,0.0,0.0,0
75956569,0.04622728605141772,32,4,28,0.125,88.0,2.75,1.1989578808281798,32,1.0,61.478505400398774,10.911998741053434,121.62937561593654,27.478570293776254,0.16129032258064516,0.0,0.0,0
75957576,0.03838695460250892,24,0,24,0.0,68.0,2.8333333333333335,0.6871842709362768,24,1.0,61.11863735645875,11.437537332314028,113.7854492258402,26.093330279912283,0.13043478260869565,0.0,0.0,0
75957597,0.04715058746155065,24,0,24,0.0,68.0,2.8333333333333335,1.0671873729054748,24,1.0,60.47466824240951,12.038909572406189,108.05952054409317,26.156701486091453,0.11594202898550725,0.0,0.0,0
75957995,0.03734039058419254,24,0,24,0.0,52.0,2.1666666666666665,0.8975274678557507,24,1.0,61.50226550820266,9.632795437749056,106.26526717207537,26.68530738016867,0.15942028985507245,0.0,0.0,0
75958272,0.03292768540479049,24,0,24,0.0,52.0,2.1666666666666665,0.3726779962499649,24,1.0,61.93060905077353,10.58325884125133,112.22605969707769,27.117184194939394,0.14492753623188406,0.0,0.0,0
75959127,0.04721579145825337,28,0,28,0.0,68.0,2.4285714285714284,1.4982983545287878,28,1.0,62.152268854060026,9.559045913226715,110.77453347191788,26.860879664547614,0.1111111111111111,0.0,0.0,0
75959329,0.04001546740253144,36,4,32,0.1111111111111111,100.0,2.7777777777777777,1.4740554623801778,36,1.0,57.65140558058258,10.537981996346808,112.23352587591381,25.607850692281698,0.15555555555555556,0.0,0.0,0
75959429,0.025579754673342496,28,4,24,0.14285714285714285,84.0,3.0,1.0690449676496976,28,1.0,62.9983052425674,11.670695286025195,119.98988329377364,27.378589021135856,0.13227513227513227,0.0,0.0,0
75963673,0.049659981330451144,32,4,28,0.125,92.0,2.875,1.5360257159305635,32,1.0,57.633699462774885,10.796127229331647,106.4855958719437,25.187937639622206,0.13709677419354838,0.0,0.0,0
75963835,0.039959629631150684,32,4,28,0.125,64.0,2.0,1.0,32,1.0,59.50628485776655,11.433747489573632,116.92931171419191,26.016392361417005,0.13709677419354838,0.0,0.0,0
75963839,0.02559026465694858,28,4,24,0.14285714285714285,72.0,2.5714285714285716,1.3997084244475302,28,1.0,55.887960752542924,13.301953505662889,99.67699051544167,23.86434888510475,0.1111111111111111,0.0,0.0,0
75963975,0.04421391513302709,20,0,20,0.0,52.0,2.6,1.2000000000000002,20,1.0,62.38472424763294,13.57670897844978,127.22655385242358,26.4209392114423,0.1368421052631579,0.0,0.0,0
75964397,0.049769634432964616,32,4,28,0.125,96.0,3.0,1.3228756555322954,32,1.0,60.173663391589116,10.6462350830532,115.82170986714641,26.26289479901221,0.12096774193548387,0.0,0.0,0
75964594,0.042622764885175204,32,4,28,0.125,84.0,2.625,1.3169567191065923,32,1.0,59.838254188985175,9.72185438901328,112.62831636500687,26.55826964586101,0.1532258064516129,0.0,0.0,0
75964932,0.02532434026048685,20,0,20,0.0,48.0,2.4,1.3564659966250538,20,1.0,60.06398166280698,11.012051933889174,109.3580123482267,25.18190695954089,0.11578947368421053,0.0,0.0,0
75967247,0.03703968816168045,32,4,28,0.125,100.0,3.125,1.5360257159305635,32,1.0,61.38913265787038,10.61017617365023,123.02624371072913,26.990913796073755,0.13709677419354838,0.0,0.0,0
75969960,0.028313181023832363,36,4,32,0.1111111111111111,84.0,2.3333333333333335,1.49071198499986,36,1.0,58.244722854334164,10.483306174681989,118.486996247054,25.87895411040783,0.13015873015873017,0.0,0.0,0
75970255,0.040470390267116144,36,4,32,0.1111111111111111,76.0,2.111111111111111,1.2862041003100253,36,1.0,61.75600248040975,10.256864000543665,120.52342297238047,27.562364889275205,0.13015873015873017,0.0,0.0,0
75970330,0.027004379437040617,24,4,20,0.16666666666666666,76.0,3.1666666666666665,1.3437096247164249,24,1.0,60.31228789197785,11.799745901110837,114.63421758677572,26.777074698746432,0.17391304347826086,0.0,0.0,0
75970563,0.03295677999301888,40,4,36,0.1,92.0,2.3,1.3453624047073711,40,1.0,58.40559110030703,9.205145970315431,117.7885945830384,26.10540593043608,0.14871794871794872,0.0,0.0,0
75972657,0.04209196062732794,28,0,28,0.0,72.0,2.5714285714285716,1.178030178747903,28,1.0,61.48116444200168,10.17713786794861,109.7675813601926,26.61435608634485,0.12169312169312169,0.0,0.0,0
75972841,0.025402570981038427,28,4,24,0.14285714285714285,80.0,2.857142857142857,1.355261854357877,28,1.0,58.76311189944486,11.330811680581931,118.65011483677453,26.080808995517234,0.18518518518518517,0.0,0.0,0
75974716,0.03156019846560136,28,0,28,0.0,68.0,2.4285714285714284,1.498298354528788,28,1.0,62.994038183012854,10.428635011673407,120.11924348616802,27.422324396102674,0.13227513227513227,0.0,0.0,0
75976337,0.04315113499889227,24,0,24,0.0,76.0,3.1666666666666665,1.6749792701868151,24,1.0,61.37622968311596,12.090598371263003,114.42807420467584,26.55079570601666,0.13043478260869565,0.0,0.0,0
75979513,0.04813624891785792,20,0,20,0.0,60.0,3.0,1.4142135623730951,20,1.0,66.56584521485591,12.381930220784882,115.91493252357247,27.835320638527783,0.11578947368421053,0.0,0.0,0
75984949,0.033018789983529404,32,4,28,0.125,108.0,3.375,1.4947825928876748,32,1.0,61.077367834573415,11.347932852879095,122.20305923774731,26.945886892816773,0.12903225806451613,0.0,0.0,0
75991087,0.044085986938317494,20,0,20,0.0,56.0,2.8,1.469693845669907,20,1.0,60.868205453745006,13.309482092303424,112.0393190817409,25.38325925086977,0.11578947368421053,0.0,0.0,0
75994516,0.041257709443572044,32,0,32,0.0,80.0,2.5,0.7071067811865476,32,1.0,60.90722690369644,11.335460616545435,117.38288782495691,26.618976164817557,0.12096774193548387,0.0,0.0,0
75995072,0.03258769535721081,32,0,32,0.0,80.0,2.5,1.4142135623730951,32,1.0,60.46031444105504,9.436213296027653,120.97061174811,27.32042450932369,0.1532258064516129,0.0,0.0,0
75995342,0.04238680933892533,36,0,36,0.0,104.0,2.888888888888889,1.6629588385661962,36,1.0,62.47529927712197,10.597346811035491,131.83723572879575,27.79008967090759,0.11746031746031746,0.0,0.0,0
75995655,0.044458274734955956,28,0,28,0.0,100.0,3.5714285714285716,1.6781914463529615,28,1.0,59.46901297614142,11.973498721181494,115.07845373015036,26.10806034791028,0.14285714285714285,0.0,0.0,0
75996990,0.040536586478683564,24,0,24,0.0,76.0,3.1666666666666665,1.3437096247164249,24,1.0,59.4339327130574,12.05310785828876,100.9470867653799,25.09649421897139,0.11594202898550725,0.0,0.0,0
75997234,0.04225330755035417,28,0,28,0.0,92.0,3.2857142857142856,1.385051387833237,28,1.0,63.05591365920405,10.447477311165265,123.86113074042369,27.54235399958695,0.12169312169312169,0.0,0.0,0
75997519,0.04079349745071467,20,0,20,0.0,48.0,2.4,1.2000000000000002,20,1.0,61.72551221386388,10.546355961922037,114.95561758103251,25.988569768200527,0.1368421052631579,0.0,0.0,0
75998277,0.04311176509889012,32,4,28,0.125,64.0,2.0,1.224744871391589,32,1.0,56.38148895421586,9.557366827233816,116.855432858803,24.945640044194466,0.1532258064516129,0.0,0.0,0
75998641,0.04387609416008857,28,4,24,0.14285714285714285,80.0,2.857142857142857,1.124858267715973,28,1.0,57.31597181242676,11.614497029268469,106.91511863721529,24.50165069979187,0.1111111111111111,0.0,0.0,0
75998767,0.04892230752605863,32,4,28,0.125,80.0,2.5,1.3228756555322954,32,1.0,59.31245147477976,9.832834647417444,113.57366856942652,26.009190656589933,0.12903225806451613,0.0,0.0,0
75999774,0.030998994360327423,28,4,24,0.14285714285714285,88.0,3.142857142857143,1.4568627181693672,28,1.0,58.833836880342936,10.472246751591957,111.31093982821784,25.667217805533472,0.13227513227513227,0.0,0.0,0
76003630,0.03941382096594348,28,0,28,0.0,96.0,3.4285714285714284,1.3997084244475304,28,1.0,60.633489347031485,11.446183372862253,112.18022281224486,26.534165987643828,0.13227513227513227,0.0,0.0,0
76004820,0.038571576222667915,32,4,28,0.125,64.0,2.0,0.8660254037844386,32,1.0,58.01033267123628,10.852710262274654,113.62395559012258,25.14760565780787,0.12903225806451613,0.0,0.0,0
76011170,0.03853801570096391,20,0,20,0.0,32.0,1.6,0.7999999999999999,20,1.0,66.4596699269914,10.598228953164805,117.16435758336719,28.841871091698035,0.11578947368421053,0.0,0.0,0
76012428,0.04034897255662923,32,0,32,0.0,56.0,1.75,0.9682458365518543,32,1.0,59.72165969428885,9.869021971351895,119.14730866286432,26.86466839823277,0.1532258064516129,0.0,0.0,0
76020372,0.046918098807804745,28,4,24,0.14285714285714285,92.0,3.2857142857142856,1.385051387833237,28,1.0,62.406524048016415,11.349122953359272,113.45693094357021,27.0280856708124,0.12169312169312169,0.0,0.0,0
76022872,0.03572057679450939,28,0,28,0.0,64.0,2.2857142857142856,0.6998542122237651,28,1.0,59.83868576165218,10.250870231865377,112.84194363825338,26.429062281320597,0.14285714285714285,0.0,0.0,0
76023273,0.034066098701175065,32,4,28,0.125,92.0,2.875,1.2686114456365274,32,1.0,60.06297535269374,11.94789589105049,116.29302050155661,26.21295929877227,0.12096774193548387,0.0,0.0,0
76032198,0.045707356400047035,24,0,24,0.0,72.0,3.0,1.0,24,1.0,61.74254148836996,12.958687023518573,109.79567928646716,26.31309875905131,0.10144927536231885,0.0,0.0,0
76032608,0.04466196319327077,28,4,24,0.14285714285714285,88.0,3.142857142857143,1.5518257844571735,28,1.0,60.544843163125876,10.698218324005257,125.89694988878205,27.15952497861128,0.15343915343915343,0.0,0.0,0
76039927,0.04018000180273139,28,4,24,0.14285714285714285,96.0,3.4285714285714284,1.4982983545287878,28,1.0,58.15097733110935,10.272847587854711,114.15228395173287,26.04378216296294,0.164021164021164,0.0,0.0,0
76041054,0.02967793379371205,28,0,28,0.0,100.0,3.5714285714285716,1.498298354528788,28,1.0,57.80666169148593,10.866976036173291,105.31352866009044,25.06083021304305,0.1111111111111111,0.0,0.0,0
76042700,0.02948340272156852,28,0,28,0.0,100.0,3.5714285714285716,1.293626448305345,28,1.0,63.874945363539254,10.98270678096143,124.23757036178365,28.171531969620162,0.14285714285714285,0.0,0.0,0
76042942,0.039302672150312024,24,4,20,0.16666666666666666,48.0,2.0,1.1547005383792515,24,1.0,60.900215328884954,11.7491165738219,116.59192407668748,25.836052888533466,0.13043478260869565,0.0,0.0,0
76044105,0.04776169113124739,32,0,32,0.0,76.0,2.375,1.653594569415369,32,1.0,62.57481733650049,10.164264015327765,119.29256011084786,28.41082527213731,0.1532258064516129,0.0,0.0,0
76045205,0.04907199558337836,28,4,24,0.14285714285714285,88.0,3.142857142857143,1.2453996981544782,28,1.0,56.45975695193912,11.24386265793487,106.49412608012312,24.26051848145927,0.12169312169312169,0.0,0.0,0
76045306,0.04003841451284963,20,0,20,0.0,44.0,2.2,1.4696938456699067,20,1.0,65.22102467900287,10.35752382231554,125.02131961886913,28.574990967405345,0.17894736842105263,0.0,0.0,0
76048458,0.03940310715214349,20,0,20,0.0,52.0,2.6,1.3564659966250538,20,1.0,66.67145903798668,9.772738501900786,118.37788541997351,28.789479242768305,0.15789473684210525,0.0,0.0,0
76050389,0.03943151574091126,20,4,16,0.2,72.0,3.6,1.4966629547095767,20,1.0,60.832709434742604,12.288110609875826,125.86283984507041,26.450046497602905,0.17894736842105263,0.0,0.0,0
76056672,0.030006894163500816,32,0,32,0.0,84.0,2.625,0.9921567416492215,32,1.0,59.88529075875909,9.82888818640433,109.5230181689659,26.07558961086763,0.11290322580645161,0.0,0.0,0
76056759,0.02875493249245667,20,0,20,0.0,68.0,3.4,1.2000000000000002,20,1.0,59.873703488588255,12.81678549093861,114.56386361670086,25.345805672991577,0.15789473684210525,0.0,0.0,0
76057451,0.04214800304091923,28,0,28,0.0,88.0,3.142857142857143,1.5518257844571737,28,1.0,61.06604727493326,10.456797697760997,126.61014442022491,27.26699366817566,0.13227513227513227,0.0,0.0,0
76057722,0.03232788787627171,36,4,32,0.1111111111111111,120.0,3.3333333333333335,1.4142135623730951,36,1.0,60.16427193325588,11.272208098518156,119.9246715683083,26.468560541729467,0.11746031746031746,0.0,0.0,0
76059391,0.03804779203304519,28,4,24,0.14285714285714285,80.0,2.857142857142857,1.7261494247992246,28,1.0,57.0794544715269,10.839616898464914,114.51994677321514,25.37766947993404,0.164021164021164,0.0,0.0,0
76063562,0.04708055120130824,36,4,32,0.1111111111111111,104.0,2.888888888888889,1.594744454934147,36,1.0,59.57925717997873,10.7603095315305,125.41168966201707,26.705529220622992,0.14285714285714285,0.0,0.0,0
76063621,0.04814718632576139,28,0,28,0.0,88.0,3.142857142857143,1.2453996981544784,28,1.0,60.61857505591324,12.886598933602457,109.76780248606654,26.07128402170716,0.07936507936507936,0.0,0.0,0
76064593,0.04543498898612224,20,0,20,0.0,68.0,3.4,1.9595917942265426,20,1.0,65.83665839688906,11.823761814551274,115.32888936784478,27.591104612970103,0.11578947368421053,0.0,0.0,0
76066636,0.04104916162953811,36,4,32,0.1111111111111111,84.0,2.3333333333333335,1.563471919941143,36,1.0,60.81028503908444,10.474466299487155,123.10009030223003,26.999234946635767,0.13015873015873017,0.0,0.0,0
76067195,0.03591842715072826,28,0,28,0.0,88.0,3.142857142857143,1.2453996981544782,28,1.0,59.33753434647786,10.467111902874022,107.29260851941429,25.383122231883974,0.08994708994708994,0.0,0.0,0
76069664,0.04261157820413003,28,0,28,0.0,96.0,3.4285714285714284,1.590789817951435,28,1.0,58.582705112661316,11.34484642093723,112.16862198614498,25.45418544636633,0.12169312169312169,0.0,0.0,0
76071073,0.025361997700392123,24,4,20,0.16666666666666666,72.0,3.0,1.1547005383792515,24,1.0,58.3914676431803,11.49648425951741,101.93587692737862,24.993909565019692,0.11594202898550725,0.0,0.0,0
76071285,0.026007081146973577,28,0,28,0.0,72.0,2.5714285714285716,1.3997084244475304,28,1.0,61.023677913552994,9.408496703570464,125.1408251704681,27.685389970817646,0.15343915343915343,0.0,0.0,0
76076198,0.035941925492194784,28,4,24,0.14285714285714285,68.0,2.4285714285714284,1.498298354528788,28,1.0,60.11924457533483,13.423069528431421,116.53852825541466,25.78166737935889,0.1111111111111111,0.0,0.0,0
76079057,0.030469011586542707,28,4,24,0.14285714285714285,92.0,3.2857142857142856,1.4846149779161804,28,1.0,58.58551700937937,10.489751930756013,109.54601822940016,25.337747519582127,0.1111111111111111,0.0,0.0,0
76083186,0.0441265672888034,28,0,28,0.0,52.0,1.8571428571428572,0.832993127835043,28,1.0,60.84759945992608,9.532077201190587,104.44371131150274,26.45008074927602,0.12169312169312169,0.0,0.0,0
76086202,0.04555130561965347,28,4,24,0.14285714285714285,68.0,2.4285714285714284,1.0497813183356477,28,1.0,55.34960590920296,10.194906624923595,106.33034912158492,24.11101267044974,0.14285714285714285,0.0,0.0,0
76089271,0.041285187311549246,24,4,20,0.16666666666666666,56.0,2.3333333333333335,1.3743685418725535,24,1.0,56.8326568336925,10.92278933313054,105.08603767829516,24.940424709345912,0.18840579710144928,0.0,0.0,0
76090421,0.026158486806076558,36,4,32,0.1111111111111111,76.0,2.111111111111111,1.4487116456005886,36,1.0,56.79039671888366,9.126619206698384,108.1419656550663,25.17890210449484,0.1365079365079365,0.0,0.0,0
76093064,0.04122404789864862,32,4,28,0.125,84.0,2.625,1.2183492931011204,32,1.0,56.723884192842355,9.867580384482912,114.30078820416233,25.283452324162745,0.1532258064516129,0.0,0.0,0
76093236,0.027351757209072316,32,0,32,0.0,76.0,2.375,1.3169567191065923,32,1.0,59.8477618367575,9.940613035912857,117.32555653031024,26.523872312703325,0.13709677419354838,0.0,0.0,0
76094449,0.04552221755273385,24,0,24,0.0,60.0,2.5,1.2583057392117916,24,1.0,59.314269619752324,10.481598975711355,106.66893131622176,25.238634366394713,0.11594202898550725,0.0,0.0,0
76094900,0.03555266816491006,24,4,20,0.16666666666666666,88.0,3.6666666666666665,1.1055415967851334,24,1.0,57.80825073594827,13.067282159436111,109.61186762934601,24.698590113426945,0.13043478260869565,0.0,0.0,0
76096057,0.03911760509971084,36,4,32,0.1111111111111111,76.0,2.111111111111111,1.1967032904743342,36,1.0,62.44527886433199,10.60594268861897,118.92855737522943,28.28562760513415,0.1365079365079365,0.0,0.0,0
76100053,0.048975604250770556,28,4,24,0.14285714285714285,52.0,1.8571428571428572,0.8329931278350429,28,1.0,60.40667808376853,11.448769212484953,121.28553187864154,26.56283645553927,0.13227513227513227,0.0,0.0,0
76100756,0.028954490222612792,24,4,20,0.16666666666666666,84.0,3.5,1.5,24,1.0,58.8219644416076,11.36686074083634,110.04464021866211,25.434240891221858,0.13043478260869565,0.0,0.0,0
76101203,0.04470169041524467,24,0,24,0.0,68.0,2.8333333333333335,1.2133516482134197,24,1.0,62.931710366883976,11.738383149822056,118.46949306360533,27.33743856993367,0.14492753623188406,0.0,0.0,0
76101936,0.03217085809888216,28,0,28,0.0,80.0,2.857142857142857,1.6413036132965795,28,1.0,64.76930011993807,9.0211878873972,122.02164684615317,28.728354074301933,0.12169312169312169,0.0,0.0,0
76106874,0.03719127145719131,28,4,24,0.14285714285714285,64.0,2.2857142857142856,1.27775312999988,28,1.0,63.34841096731593,9.990619876817705,123.33878477313125,28.204927061775308,0.14285714285714285,0.0,0.0,0
76108868,0.04237917504192406,20,0,20,0.0,48.0,2.4,1.4966629547095767,20,1.0,60.89569754888757,13.258953191100622,108.45907306772547,25.795075604755084,0.1368421052631579,0.0,0.0,0
76109496,0.045782217606412975,28,4,24,0.14285714285714285,84.0,3.0,1.1952286093343936,28,1.0,60.85559483123127,12.504046907513336,111.49851950002315,26.620481131521476,0.12169312169312169,0.0,0.0,0
76110823,0.03723166013027599,24,4,20,0.16666666666666666,64.0,2.6666666666666665,1.3743685418725535,24,1.0,63.75738111750078,12.620370119408653,129.86699558415987,27.46251761536475,0.13043478260869565,0.0,0.0,0
76114066,0.03759903155989254,28,4,24,0.14285714285714285,56.0,2.0,0.9258200997725514,28,1.0,60.069767784621696,12.676935920740863,109.02895141465862,26.173250901656548,0.12169312169312169,0.0,0.0,0
76115985,0.0467874881833687,20,0,20,0.0,64.0,3.2,1.8330302779823362,20,1.0,61.08108911546437,12.099380755412088,104.14798720879097,26.000567746405636,0.11578947368421053,0.0,0.0,0
76116994,0.040174291379974324,32,0,32,0.0,84.0,2.625,1.4947825928876748,32,1.0,59.93344671453271,9.781058267418164,112.58756635066817,26.714054681459405,0.13709677419354838,0.0,0.0,0
76117280,0.04647363964172109,32,4,28,0.125,100.0,3.125,1.4523687548277813,32,1.0,59.866595426638135,12.760996707786914,124.0400569488815,26.608098184452704,0.1532258064516129,0.0,0.0,0
76121210,0.02896213503310788,20,4,16,0.2,48.0,2.4,1.019803902718557,20,1.0,63.7562569177815,14.026581762186241,118.02467881498889,26.844601872014984,0.1368421052631579,0.0,0.0,0
76123767,0.04510002322627211,32,0,32,0.0,52.0,1.625,0.6959705453537527,32,1.0,61.03055236334659,9.735013839247618,119.07624637003472,27.631095220788445,0.1693548387096774,0.0,0.0,0
76124992,0.04451303842044896,28,0,28,0.0,100.0,3.5714285714285716,1.761261143705422,28,1.0,58.770942796063125,10.715045407732736,108.48916977731014,25.585849774705544,0.13227513227513227,0.0,0.0,0
76126715,0.04422002667123402,28,0,28,0.0,52.0,1.8571428571428572,0.6388765649999399,28,1.0,61.86553216904633,9.734028247708842,126.88015405458597,27.543139526007625,0.13227513227513227,0.0,0.0,0
76126728,0.03101857105024847,24,0,24,0.0,52.0,2.1666666666666665,1.2133516482134197,24,1.0,63.50959116645868,11.053712854998992,119.03337756138995,27.345631216456294,0.10144927536231885,0.0,0.0,0
76126831,0.026242905606209413,32,0,32,0.0,84.0,2.625,1.2183492931011204,32,1.0,61.11794190357095,9.531645954680991,121.28730546653478,26.964977054058338,0.12096774193548387,0.0,0.0,0
76126973,0.03470618173095916,32,4,28,0.125,80.0,2.5,1.118033988749895,32,1.0,58.08846123096511,9.961242562990211,111.98515738423673,25.973812264890107,0.16129032258064516,0.0,0.0,0
76126987,0.02929703741122515,20,0,20,0.0,56.0,2.8,1.6,20,1.0,60.732942899677035,11.373492956848283,106.95782093894819,25.37032891727678,0.11578947368421053,0.0,0.0,0
76128697,0.043520320347352884,24,4,20,0.16666666666666666,104.0,4.333333333333333,0.74535599249993,24,1.0,56.55789171081889,12.925096057154397,104.90075706278321,24.522121201544767,0.14492753623188406,0.0,0.0,0
76132264,0.03822589903079497,28,0,28,0.0,76.0,2.7142857142857144,1.1605769149479945,28,1.0,61.48935081873978,12.494679214492368,119.74409227270512,26.681233158435553,0.10052910052910052,0.0,0.0,0
76134185,0.03865424344937773,32,4,28,0.125,132.0,4.125,1.0532687216470449,32,1.0,59.26512051941306,12.320217153039414,112.75846563528664,26.013728421706904,0.12096774193548387,0.0,0.0,0
76135954,0.045781366165845175,24,0,24,0.0,68.0,2.8333333333333335,1.3437096247164249,24,1.0,59.55114436964514,10.649729429999475,110.53165287363514,25.55489657841546,0.13043478260869565,0.0,0.0,0
76139036,0.03960931101301097,36,4,32,0.1111111111111111,76.0,2.111111111111111,1.0999438818457408,36,1.0,60.67835343646231,9.44437069278434,121.98599958958424,27.623865795909605,0.1873015873015873,0.0,0.0,0
76140744,0.03248073350747072,32,4,28,0.125,88.0,2.75,1.3919410907075054,32,1.0,59.795315049817404,9.194324423303827,126.63157902207081,27.03920328149058,0.16129032258064516,0.0,0.0,0
76147844,0.047482742853697954,24,0,24,0.0,76.0,3.1666666666666665,1.3437096247164249,24,1.0,58.620075087894044,10.834548656460345,98.62143638480937,25.010734684612206,0.11594202898550725,0.0,0.0,0
76151155,0.04875739076657682,28,4,24,0.14285714285714285,80.0,2.857142857142857,1.124858267715973,28,1.0,57.19162178628603,11.354066073845155,108.12594680560048,24.74646945578849,0.13227513227513227,0.0,0.0,0
76151331,0.02886221288151206,24,4,20,0.16666666666666666,68.0,2.8333333333333335,1.0671873729054748,24,1.0,59.87593787899989,10.932001518861926,112.1039715597858,25.36058047060534,0.11594202898550725,0.0,0.0,0
76155798,0.03722631933356077,28,4,24,0.14285714285714285,84.0,3.0,0.9258200997725514,28,1.0,57.31970565246661,12.917049280044289,109.31403955943371,24.592795512558155,0.12169312169312169,0.0,0.0,0
76156832,0.043459286466624156,36,0,36,0.0,100.0,2.7777777777777777,1.7497795275581802,36,1.0,60.97082951756119,9.429510486490953,129.60407429486895,27.718330919510976,0.14285714285714285,0.0,0.0,0
76157049,0.02928080418830485,24,0,24,0.0,52.0,2.1666666666666665,0.6871842709362768,24,1.0,64.86113747234168,9.738668903609227,115.7516532626902,27.891455607383417,0.11594202898550725,0.0,0.0,0
76161698,0.0410524532158236,20,4,16,0.2,48.0,2.4,1.7435595774162693,20,1.0,58.45777173393496,12.360675763455795,108.83002114165119,24.300034122133766,0.1368421052631579,0.0,0.0,0
76162286,0.04575671520140849,32,0,32,0.0,64.0,2.0,1.5,32,1.0,61.656778258014654,10.592639361234495,114.75675623089386,27.106060633480123,0.11290322580645161,0.0,0.0,0
76164392,0.03941003212400003,32,0,32,0.0,76.0,2.375,0.9921567416492215,32,1.0,58.24766740201249,9.749750104835677,123.24795742159408,26.600556257336475,0.1774193548387097,0.0,0.0,0
76166997,0.04424683269866729,32,4,28,0.125,64.0,2.0,1.0,32,1.0,59.15134830053331,9.03290475463092,114.4301906481572,26.757171706095512,0.1693548387096774,0.0,0.0,0
76168171,0.04718920677525779,36,4,32,0.1111111111111111,80.0,2.2222222222222223,1.6178021976178927,36,1.0,57.973960187154475,10.978679785688573,123.88904004191355,25.863485693105932,0.13015873015873017,0.0,0.0,0
76169387,0.0382870627828177,32,0,32,0.0,68.0,2.125,1.4523687548277813,32,1.0,59.76111212060184,9.539313925254707,123.86491464714507,26.776555451324924,0.13709677419354838,0.0,0.0,0
76176665,0.046585319098365933,28,4,24,0.14285714285714285,88.0,3.142857142857143,1.4568627181693672,28,1.0,61.331529633310765,11.895548925481362,118.1039469120992,26.865785495726318,0.14285714285714285,0.0,0.0,0
76177556,0.04833121424941686,36,4,32,0.1111111111111111,68.0,1.8888888888888888,0.8748897637790901,36,1.0,60.02682688730135,10.200658530920496,131.82422132146854,27.439107416938146,0.16825396825396827,0.0,0.0,0
76177692,0.03584517479780221,28,4,24,0.14285714285714285,88.0,3.142857142857143,1.7261494247992242,28,1.0,60.57817259310952,11.336613794019344,112.34729606817606,26.369110720325633,0.12169312169312169,0.0,0.0,0
76185100,0.04119189377433398,32,4,28,0.125,80.0,2.5,1.4142135623730951,32,1.0,56.69501729083034,10.457157447879455,108.0409306450722,24.918174448985177,0.13709677419354838,0.0,0.0,0
76193676,0.026775399285453503,32,4,28,0.125,60.0,1.875,1.165922381636102,32,1.0,58.81832144713684,10.628156504694951,116.86202506419332,26.311316530264925,0.14516129032258066,0.0,0.0,0
76194670,0.034053074445982504,28,4,24,0.14285714285714285,56.0,2.0,0.5345224838248488,28,1.0,60.59701521576995,10.901552796172053,117.27318401377296,26.739879974070142,0.13227513227513227,0.0,0.0,0
76195833,0.04209965646055098,24,0,24,0.0,92.0,3.8333333333333335,1.3437096247164249,24,1.0,61.5337932917724,11.407831175188337,118.17998243902007,26.621741832114807,0.14492753623188406,0.0,0.0,0
76198561,0.027693782966981554,32,0,32,0.0,88.0,2.75,1.6393596310755,32,1.0,61.207517097804015,9.736621921350993,108.38973993042092,26.674181582488718,0.11290322580645161,0.0,0.0,0
76198576,0.042906112100465105,20,0,20,0.0,40.0,2.0,1.5491933384829668,20,1.0,67.01824933793523,11.54142111903221,115.54295283358415,28.278189381684534,0.11578947368421053,0.0,0.0,0
76201225,0.028592825753828575,28,4,24,0.14285714285714285,80.0,2.857142857142857,1.6413036132965795,28,1.0,58.883910317536106,11.36936708670336,111.26705785925333,25.573506959356834,0.13227513227513227,0.0,0.0,0
76202954,0.04393394903897101,32,4,28,0.125,88.0,2.75,1.3919410907075054,32,1.0,59.29075191442824,10.0103381495917,106.65487534059557,25.889038740535025,0.14516129032258066,0.0,0.0,0
76205493,0.03208249149868881,28,0,28,0.0,80.0,2.857142857142857,1.2453996981544784,28,1.0,63.77088115931343,9.248859339793277,122.79762064267892,28.00918827277622,0.13227513227513227,0.0,0.0,0
76207317,0.04170497125321063,24,0,24,0.0,56.0,2.3333333333333335,1.247219128924647,24,1.0,61.05262877682581,14.592111756359815,107.75337647567564,25.812340854042628,0.10144927536231885,0.0,0.0,0
76216031,0.035261847424685425,24,4,20,0.16666666666666666,76.0,3.1666666666666665,1.5723301886761005,24,1.0,63.584870685548225,9.664289509162005,112.66605533356405,27.243878723003004,0.10144927536231885,0.0,0.0,0
76216437,0.04342043517047808,20,0,20,0.0,64.0,3.2,1.3266499161421599,20,1.0,63.80150024170442,14.461078980895863,107.98217984797631,26.366715221856207,0.07368421052631578,0.0,0.0,0
76224773,0.0464980816324402,32,4,28,0.125,52.0,1.625,0.9921567416492215,32,1.0,55.61067054368276,9.054303644513114,107.44402146682695,25.046841143772788,0.1774193548387097,0.0,0.0,0
76227451,0.03466674823548416,36,4,32,0.1111111111111111,100.0,2.7777777777777777,1.617802197617893,36,1.0,57.73594219633812,10.028217860513422,114.16684921440319,25.592243164345817,0.11746031746031746,0.0,0.0,0
76227620,0.02682945980235386,28,4,24,0.14285714285714285,92.0,3.2857142857142856,1.2777531299998799,28,1.0,58.85176492529221,12.251262993908712,120.32384275842178,25.94356999739565,0.15343915343915343,0.0,0.0,0
76229337,0.026165860602649946,20,0,20,0.0,64.0,3.2,1.3266499161421599,20,1.0,62.76613196386001,16.328077866285057,113.67149028376403,26.416356718214434,0.11578947368421053,0.0,0.0,0
76232310,0.04468681666844502,24,4,20,0.16666666666666666,48.0,2.0,1.4142135623730951,24,1.0,58.093443597735586,12.297714930379692,107.39903531502097,25.510093987853594,0.15942028985507245,0.0,0.0,0
76238738,0.037011285596975224,32,0,32,0.0,96.0,3.0,1.6583123951777,32,1.0,60.2239024477386,11.038818595163457,117.13281883111617,26.470786592658776,0.11290322580645161,0.0,0.0,0
76240663,0.041076954731786186,24,0,24,0.0,60.0,2.5,1.5,24,1.0,62.68342955191975,10.773078089494222,123.55658727883005,27.692973310046003,0.17391304347826086,0.0,0.0,0
76240675,0.02566091850806367,36,4,32,0.1111111111111111,88.0,2.4444444444444446,1.1653431646335015,36,1.0,57.50520463488687,10.675829537743946,114.58206156275759,25.273409145934576,0.11746031746031746,0.0,0.0,0
76241304,0.03813211357647768,40,4,36,0.1,80.0,2.0,1.0954451150103321,40,1.0,59.861772001212785,9.786301640377099,119.28475432553837,26.83990661013284,0.13846153846153847,0.0,0.0,0
76242405,0.040949628000720405,32,4,28,0.125,88.0,2.75,1.6393596310755,32,1.0,60.847448616522556,10.471234632614872,120.14699669262347,27.00140300154141,0.14516129032258066,0.0,0.0,0
76243092,0.0464632430104181,32,4,28,0.125,60.0,1.875,1.0532687216470449,32,1.0,58.969996752579334,9.018489955540222,112.01965441193852,26.549052623232665,0.1693548387096774,0.0,0.0,0
76247232,0.028319803032702005,24,4,20,0.16666666666666666,76.0,3.1666666666666665,1.3437096247164249,24,1.0,61.74426883948484,11.9506479399426,116.30687973283713,26.864781177447348,0.17391304347826086,0.0,0.0,0
76247605,0.032343419002798635,32,4,28,0.125,72.0,2.25,0.82915619758885,32,1.0,61.141286902572396,11.47265704723741,130.79608790060064,27.338293635081687,0.14516129032258066,0.0,0.0,0
76249460,0.037336042841898516,36,4,32,0.1111111111111111,88.0,2.4444444444444446,1.2570787221094177,36,1.0,59.11839545963735,10.58910134048597,117.27155641335055,26.438783361898285,0.1492063492063492,0.0,0.0,0
76255902,0.03335340710243176,36,0,36,0.0,72.0,2.0,1.4142135623730951,36,1.0,60.4375435707257,9.71606943275697,115.42286141294974,26.694809941071668,0.1111111111111111,0.0,0.0,0
76257210,0.027120903905211973,32,4,28,0.125,88.0,2.75,1.0897247358851685,32,1.0,60.95704309345634,10.491142840787463,119.81018700545934,27.313469225477274,0.14516129032258066,0.0,0.0,0
76257789,0.039295720968101834,20,0,20,0.0,60.0,3.0,1.4142135623730951,20,1.0,63.691724057722794,12.241959452282124,105.48489196991457,26.6777950184921,0.09473684210526316,0.0,0.0,0
76258762,0.037506128804535334,24,0,24,0.0,56.0,2.3333333333333335,1.5986105077709065,24,1.0,63.29376710412043,9.25365153821248,113.5522096313026,28.505746853027276,0.18840579710144928,0.0,0.0,0
76259847,0.04718560263779803,36,4,32,0.1111111111111111,64.0,1.7777777777777777,0.6285393610547089,36,1.0,60.423262142577755,9.739376136824726,120.05971697296316,27.139869236533077,0.1619047619047619,0.0,0.0,0
76263558,0.049855976445944666,24,0,24,0.0,80.0,3.3333333333333335,1.4907119849998596,24,1.0,60.55837612631138,12.020603758424054,115.05900146983069,26.514991699470364,0.15942028985507245,0.0,0.0,0
76271980,0.02657168912758708,32,4,28,0.125,76.0,2.375,1.2183492931011204,32,1.0,59.80154299715618,10.471090633778548,120.38200338017259,26.855669580313673,0.12903225806451613,0.0,0.0,0
76275892,0.03587433152352964,32,0,32,0.0,88.0,2.75,1.5612494995995996,32,1.0,60.80051736268957,11.223624226019105,119.66161842791121,26.74989016298932,0.12096774193548387,0.0,0.0,0
76276130,0.030353677719969392,28,4,24,0.14285714285714285,72.0,2.5714285714285716,1.498298354528788,28,1.0,57.01988799585609,11.870985849471863,104.46416704585614,24.708545979082523,0.14285714285714285,0.0,0.0,0
76279421,0.04467476607274644,40,4,36,0.1,52.0,1.3,0.6403124237432849,40,1.0,58.53550550963573,9.076558567955962,119.25076844267782,26.643170614008092,0.14871794871794872,0.0,0.0,0
76281340,0.0314628979473799,28,0,28,0.0,84.0,3.0,1.5118578920369088,28,1.0,61.736220682840965,9.929835444588727,110.90811108412505,26.592097928696827,0.07936507936507936,0.0,0.0,0
76282382,0.04746587283568317,28,4,24,0.14285714285714285,84.0,3.0,1.3093073414159542,28,1.0,57.75551510317024,10.290598566030917,110.94351349893432,25.07081929194395,0.14285714285714285,0.0,0.0,0
76287943,0.03484623271269162,36,4,32,0.1111111111111111,80.0,2.2222222222222223,1.0304020550550783,36,1.0,58.40832415552002,9.460307945279279,117.32835947256788,25.816130249077823,0.12380952380952381,0.0,0.0,0
76292858,0.03218313723339549,28,0,28,0.0,76.0,2.7142857142857144,1.385051387833237,28,1.0,61.296955322630495,10.995227794429745,121.07222324920849,27.167838455599615,0.15343915343915343,0.0,0.0,0
76293330,0.030871905827419027,24,0,24,0.0,76.0,3.1666666666666665,1.4624940645653537,24,1.0,61.64122803274598,10.97716137708302,114.3340752885037,26.4156954348531,0.11594202898550725,0.0,0.0,0
76296024,0.030271247413368032,28,4,24,0.14285714285714285,80.0,2.857142857142857,1.6413036132965795,28,1.0,56.875074808189225,9.240576372431638,110.79776317227633,24.91234609970934,0.14285714285714285,0.0,0.0,0
76301352,0.032755778831948225,36,4,32,0.1111111111111111,80.0,2.2222222222222223,1.227262335243029,36,1.0,59.474001691066896,10.429700204597141,127.14758373902863,26.862756311743556,0.1619047619047619,0.0,0.0,0
76303822,0.036033324381861624,20,0,20,0.0,40.0,2.0,1.0954451150103321,20,1.0,62.95920197673014,12.72364330868569,107.02565927906777,25.885381588178202,0.07368421052631578,0.0,0.0,0
76312376,0.030320306219857457,32,4,28,0.125,84.0,2.625,0.9921567416492215,32,1.0,60.951365668651235,10.207095079913353,114.99035267691482,27.02748925034987,0.13709677419354838,0.0,0.0,0
76317443,0.031897899840986635,36,4,32,0.1111111111111111,84.0,2.3333333333333335,1.3333333333333333,36,1.0,59.01252142349378,9.769494696199216,119.15150116585721,26.058492984508966,0.13015873015873017,0.0,0.0,0
76319914,0.02724730678557978,32,4,28,0.125,100.0,3.125,1.6909686573085854,32,1.0,59.66647233684388,11.065254775526052,120.72590219194637,26.3815078306726,0.13709677419354838,0.0,0.0,0
76324744,0.04167648414169446,32,0,32,0.0,72.0,2.25,1.479019945774904,32,1.0,60.462379265148186,9.709603570723175,120.1875550624942,27.19156949416773,0.14516129032258066,0.0,0.0,0
76324976,0.03727925942764823,32,0,32,0.0,80.0,2.5,1.0,32,1.0,59.88760575781239,11.83452169064235,119.67166314927043,26.331163407501055,0.0967741935483871,0.0,0.0,0
76334869,0.040801895821556855,20,0,20,0.0,60.0,3.0,1.2649110640673518,20,1.0,66.59360827459254,13.377735093597211,119.63857931740631,28.604709818427015,0.1368421052631579,0.0,0.0,0
76336072,0.030068009649630686,28,4,24,0.14285714285714285,72.0,2.5714285714285716,1.178030178747903,28,1.0,58.98181069085391,11.382371787710404,117.07149108473372,26.13295640996916,0.1746031746031746,0.0,0.0,0
76338140,0.045406583703420524,20,0,20,0.0,64.0,3.2,1.3266499161421599,20,1.0,59.85429304491555,13.719020475186028,101.67720488855761,25.767981949377685,0.1368421052631579,0.0,0.0,0
76338445,0.04431839445223899,28,0,28,0.0,88.0,3.142857142857143,1.2453996981544782,28,1.0,64.12700597591956,10.586637304483453,120.68657956383248,29.18845420302989,0.1746031746031746,0.0,0.0,0
76341498,0.04274322424793703,20,0,20,0.0,60.0,3.0,1.2649110640673518,20,1.0,65.82955415417946,11.898262920275922,120.50641036399111,28.691685795414188,0.15789473684210525,0.0,0.0,0
76344335,0.03935997513043441,32,0,32,0.0,80.0,2.5,1.224744871391589,32,1.0,61.823225384902756,10.460637849300154,119.33160658763525,27.58569567183499,0.14516129032258066,0.0,0.0,0
76345723,0.048298809076770644,32,4,28,0.125,80.0,2.5,1.118033988749895,32,1.0,57.74115438577756,10.220464331204923,112.92337110422191,25.519463725718442,0.13709677419354838,0.0,0.0,0
76353192,0.04558472880381091,20,0,20,0.0,72.0,3.6,1.7435595774162693,20,1.0,60.256263306166474,11.71074873885089,105.65873962241903,25.35165118103317,0.1368421052631579,0.0,0.0,0
76354266,0.039096584268217695,20,0,20,0.0,64.0,3.2,0.9797958971132711,20,1.0,63.04895240693349,12.062911973748479,121.89574313166592,26.687854039757543,0.1368421052631579,0.0,0.0,0
76358451,0.03775697201934822,28,0,28,0.0,96.0,3.4285714285714284,1.178030178747903,28,1.0,61.96961339219959,11.941015617619616,118.54456257179068,27.01229783686002,0.12169312169312169,0.0,0.0,0
76359751,0.04787797702718556,24,0,24,0.0,52.0,2.1666666666666665,1.4624940645653537,24,1.0,62.02275613988532,12.647683251160831,111.33463875849131,26.371192202754564,0.10144927536231885,0.0,0.0,0
76360514,0.027698266041982344,32,4,28,0.125,80.0,2.5,1.224744871391589,32,1.0,57.79823049352341,10.153718009608516,113.39682582124561,25.704301164976663,0.1693548387096774,0.0,0.0,0
76364693,0.046799746057799026,20,0,20,0.0,52.0,2.6,1.9595917942265426,20,1.0,60.74455149177662,14.54358325647022,105.7678492017113,25.810672739458788,0.11578947368421053,0.0,0.0,0
76369073,0.026634604387181647,36,4,32,0.1111111111111111,88.0,2.4444444444444446,1.0657403385139375,36,1.0,59.626141231363874,9.72341414153974,119.14637949517652,26.79274311849875,0.1619047619047619,0.0,0.0,0
76369368,0.03381689486147672,24,0,24,0.0,68.0,2.8333333333333335,1.0671873729054748,24,1.0,59.71305612318632,10.879465735694097,105.37770771022596,25.736018035246364,0.14492753623188406,0.0,0.0,0
76379566,0.0324102306336703,20,0,20,0.0,32.0,1.6,0.7999999999999999,20,1.0,63.52947579092944,15.596447143304399,105.71451252221007,26.212692212356465,0.09473684210526316,0.0,0.0,0
76395944,0.0423176118205062,32,4,28,0.125,100.0,3.125,1.5360257159305635,32,1.0,56.85251410967188,10.656366597082238,105.8955054712154,25.272065084476342,0.1532258064516129,0.0,0.0,0
76397269,0.04865321790262563,20,0,20,0.0,52.0,2.6,1.3564659966250538,20,1.0,64.01300483582146,12.482737420008966,109.501815655068,26.7966727272255,0.11578947368421053,0.0,0.0,0
76404318,0.033183731243959944,28,4,24,0.14285714285714285,108.0,3.857142857142857,0.832993127835043,28,1.0,57.32019479487166,11.80690134533932,111.96203758530255,24.59195489429786,0.10052910052910052,0.0,0.0,0
76404703,0.04195687571433039,32,4,28,0.125,92.0,2.875,1.3635890143294642,32,1.0,59.14550925017104,9.735045571947044,121.7308091256647,26.179583068227924,0.14516129032258066,0.0,0.0,0
76405377,0.040676926920070126,36,0,36,0.0,96.0,2.6666666666666665,1.4142135623730951,36,1.0,61.61109947791348,10.289881499346896,121.16720852664929,27.649235084734997,0.12380952380952381,0.0,0.0,0
76408494,0.039391835440594505,28,0,28,0.0,92.0,3.2857142857142856,1.385051387833237,28,1.0,62.86876155435255,10.82133012576218,123.39037229031486,27.756142247240973,0.13227513227513227,0.0,0.0,0
76416544,0.04193177914902167,20,0,20,0.0,32.0,1.6,0.7999999999999999,20,1.0,64.83149985687574,10.818038323615164,110.34180496364795,27.369301890169663,0.11578947368421053,0.0,0.0,0
76417215,0.02940831861035323,32,4,28,0.125,68.0,2.125,1.165922381636102,32,1.0,57.69634118928002,9.328843528800487,119.60915904617701,25.802748391069404,0.16129032258064516,0.0,0.0,0
76421250,0.04202326487029935,28,4,24,0.14285714285714285,108.0,3.857142857142857,1.2453996981544782,28,1.0,57.82409531859551,10.431104925609414,111.64457715784751,25.061851167397645,0.14285714285714285,0.0,0.0,0
76432784,0.0338395606957803,28,0,28,0.0,64.0,2.2857142857142856,1.385051387833237,28,1.0,62.38872811129947,12.05929847195589,120.26673909907028,27.09620913286751,0.1111111111111111,0.0,0.0,0
76435455,0.047391706820889466,20,0,20,0.0,80.0,4.0,0.8944271909999159,20,1.0,60.36309692936813,12.75770099216667,107.58326407828507,25.561135544144108,0.1368421052631579,0.0,0.0,0
76443885,0.04537096251741263,32,0,32,0.0,56.0,1.75,0.6614378277661477,32,1.0,60.88052137206654,9.134509658521022,119.57155233186467,27.20419474067044,0.14516129032258066,0.0,0.0,0
76448561,0.049850906850297506,36,0,36,0.0,88.0,2.4444444444444446,1.2570787221094175,36,1.0,62.539642177215576,9.99560079167838,130.84445134521258,27.97826777145948,0.11746031746031746,0.0,0.0,0
76451682,0.03047945007430129,24,4,20,0.16666666666666666,44.0,1.8333333333333333,0.3726779962499649,24,1.0,59.402645214568295,10.28316675466301,114.53445862133613,26.003877484896016,0.17391304347826086,0.0,0.0,0
76453508,0.0391836820080294,36,0,36,0.0,68.0,1.8888888888888888,1.3698697784375504,36,1.0,60.36664929470513,10.42351098800526,117.07078681257167,26.539940948612337,0.11746031746031746,0.0,0.0,0
76475049,0.04353405630695546,20,0,20,0.0,40.0,2.0,1.5491933384829668,20,1.0,62.33254010905161,9.723539514691831,120.67543983195243,27.142659593805035,0.1368421052631579,0.0,0.0,0
76475658,0.030176389728007152,28,0,28,0.0,92.0,3.2857142857142856,1.1605769149479945,28,1.0,62.01352328964003,11.786824027969153,117.9726912187077,26.98880027727985,0.08994708994708994,0.0,0.0,0
76476141,0.042061547202920574,28,4,24,0.14285714285714285,84.0,3.0,1.7728105208558367,28,1.0,59.657117319449235,10.164112346704629,119.19817802651697,27.06385156803682,0.164021164021164,0.0,0.0,0
76480194,0.03239715134423146,24,0,24,0.0,84.0,3.5,1.2583057392117916,24,1.0,58.179751802577094,10.62736941107268,97.87123597376139,24.59003388559208,0.10144927536231885,0.0,0.0,0
76480597,0.026084358431016516,20,0,20,0.0,72.0,3.6,1.3564659966250538,20,1.0,65.14239417035571,12.654790421807158,119.45193657612272,27.39594971084859,0.11578947368421053,0.0,0.0,0
76481945,0.03614622972511816,28,0,28,0.0,92.0,3.2857142857142856,1.1605769149479943,28,1.0,59.58385282143829,11.880187384466844,109.74113956199473,26.10772698396882,0.15343915343915343,0.0,0.0,0
76483783,0.03932179429170794,24,0,24,0.0,68.0,2.8333333333333335,1.4624940645653537,24,1.0,60.507181442035936,13.870104576206758,112.13535336564739,25.617208988952022,0.10144927536231885,0.0,0.0,0
76489368,0.0326658602299599,36,4,32,0.1111111111111111,84.0,2.3333333333333335,1.563471919941143,36,1.0,59.73400141877913,9.92080607617113,121.3419036558967,26.598691501118687,0.1365079365079365,0.0,0.0,0
76501130,0.04017121632304293,32,4,28,0.125,60.0,1.875,0.9270248108869579,32,1.0,57.49342227080296,9.634382260670444,107.50739269334781,25.191573703000365,0.12903225806451613,0.0,0.0,0
76501532,0.04012979074261154,36,4,32,0.1111111111111111,64.0,1.7777777777777777,0.6285393610547089,36,1.0,62.67682469161144,9.891917799321666,130.68772002830625,28.247561747533986,0.14285714285714285,0.0,0.0,0
76509046,0.04390218888410944,20,0,20,0.0,52.0,2.6,1.3564659966250536,20,1.0,70.07346313425641,10.444044946826638,129.67639442549694,31.190288988097983,0.17894736842105263,0.0,0.0,0
76510627,0.04288294339063769,20,0,20,0.0,68.0,3.4,1.3564659966250534,20,1.0,62.758729703196515,12.142221999486027,122.8142407847549,26.646961155592226,0.11578947368421053,0.0,0.0,0
76516585,0.03853786601738997,20,0,20,0.0,48.0,2.4,1.4966629547095767,20,1.0,64.24566963182012,12.592061839760195,103.07888574771499,27.522315891658067,0.09473684210526316,0.0,0.0,0
76527854,0.02715269633322734,32,4,28,0.125,84.0,2.625,1.5761900266148114,32,1.0,59.13501838858716,10.481417937679636,113.87600467629308,25.933583720019143,0.14516129032258066,0.0,0.0,0
76528949,0.03293397963992682,32,4,28,0.125,88.0,2.75,1.0897247358851685,32,1.0,56.81690026887039,10.177570739057348,109.74449874662648,25.14672221607475,0.14516129032258066,0.0,0.0,0
76538468,0.04560836827656982,32,4,28,0.125,80.0,2.5,1.5811388300841898,32,1.0,59.06138123754309,9.65209924116711,117.10522401014802,26.685439724085057,0.1693548387096774,0.0,0.0,0
76538658,0.0389619592832809,28,0,28,0.0,80.0,2.857142857142857,0.8329931278350429,28,1.0,62.441459551564144,11.339817797326033,120.5150079709326,27.476830585031962,0.15343915343915343,0.0,0.0,0
76546430,0.03834375869826419,20,0,20,0.0,40.0,2.0,1.5491933384829668,20,1.0,58.80326460779601,10.132269819781698,106.18048603730617,25.53353300952411,0.15789473684210525,0.0,0.0,0
76559251,0.04011569228282916,32,4,28,0.125,96.0,3.0,1.3228756555322954,32,1.0,58.65862708558741,10.635369438060538,111.41211407525353,25.41546548179179,0.11290322580645161,0.0,0.0,0
76593975,0.028348893010727048,32,4,28,0.125,80.0,2.5,1.5,32,1.0,56.1841562582351,10.244623874988266,120.32320300440773,24.94466955738124,0.14516129032258066,0.0,0.0,0
76601546,0.04479677605994124,24,4,20,0.16666666666666666,56.0,2.3333333333333335,1.247219128924647,24,1.0,56.500171190907565,11.412701388590051,109.03833730470518,24.560323242193064,0.14492753623188406,0.0,0.0,0
76615970,0.046780145162144904,20,0,20,0.0,64.0,3.2,0.7483314773547882,20,1.0,63.12310572403862,11.470384509277244,123.25136406638063,27.190237626376444,0.17894736842105263,0.0,0.0,0
76623067,0.044328868176878033,24,0,24,0.0,60.0,2.5,1.118033988749895,24,1.0,66.31445457530474,11.565126340654913,132.0551668154874,29.127660652247084,0.14492753623188406,0.0,0.0,0
76632857,0.04571430973742098,32,4,28,0.125,68.0,2.125,1.165922381636102,32,1.0,60.03342551594241,10.208157759750357,112.00494749993496,26.236178648120625,0.12903225806451613,0.0,0.0,0
76638881,0.037670194900351534,36,8,28,0.2222222222222222,76.0,2.111111111111111,1.3698697784375504,36,1.0,58.28520133077166,9.83088907208594,124.181065863325,26.21657062382505,0.14285714285714285,0.0,0.0,0
76645729,0.02531924589624213,32,4,28,0.125,72.0,2.25,1.479019945774904,32,1.0,60.71675780649957,9.092349286892484,120.42739364516568,27.03590043228837,0.12096774193548387,0.0,0.0,0
76657754,0.04830935511918294,28,0,28,0.0,88.0,3.142857142857143,1.6413036132965795,28,1.0,61.425091411874845,12.119017947720826,115.46201998668307,27.03625251157267,0.13227513227513227,0.0,0.0,0
76670723,0.03234461982700816,20,0,20,0.0,64.0,3.2,0.39999999999999997,20,1.0,61.413567355561945,13.503959008879361,127.50394327342474,26.130406567455985,0.1368421052631579,0.0,0.0,0
76674529,0.03642544339195104,24,0,24,0.0,60.0,2.5,1.2583057392117916,24,1.0,60.21085526700907,11.530012819536545,108.42116847424911,25.88291386530993,0.13043478260869565,0.0,0.0,0
76682997,0.04414382517937031,20,0,20,0.0,60.0,3.0,1.6733200530681511,20,1.0,64.39621835934486,14.84431871514495,113.07930636963602,26.636614384089587,0.07368421052631578,0.0,0.0,0
76686494,0.035130021397522096,24,4,20,0.16666666666666666,64.0,2.6666666666666665,1.1055415967851334,24,1.0,61.09820114991519,11.143304355237799,117.6193965670874,26.046037767332308,0.13043478260869565,0.0,0.0,0
76697550,0.036070186491388954,28,0,28,0.0,76.0,2.7142857142857144,1.577908716741037,28,1.0,58.1887640636303,10.09496578214615,104.21224834534215,25.12510246612866,0.12169312169312169,0.0,0.0,0
76744055,0.033603096283197235,32,4,28,0.125,92.0,2.875,1.5360257159305635,32,1.0,57.7678301081956,10.539956128645011,107.68765795546892,25.348707285354106,0.12903225806451613,0.0,0.0,0
