pro_target_id,pro_target_owner,pro_target_ships,pro_target_prod,pro_target_priority,pro_target_zone,pro_target_dist_frac,pro_action_type,pro_rank,heur_top_id,heur_top_owner,heur_top_ships,heur_top_prod,heur_top_priority,heur_top_zone,heur_top_dist_frac,heur_n_moves,heur_idle,targets_match,pro_ships_sent,pro_src_owner_ships_total,pro_src_ships,pro_src_prod,episode_id,step,phase,n_players,launch_idx
22,1,8,1,-0.07143630245736488,periphery,0.15569525650052496,reinforce,9.0,7.0,0.0,43.0,3.0,1.4254620707175025,priority_target,0.0,7,False,False,120,515,123,3,75375338,187,0.4746,2,0
7,1,1,3,2.1218638633193927,priority_target,0.17069088961316406,enemy,1.0,7.0,1.0,4.0,3.0,2.1218638633193927,priority_target,,5,False,True,11,529,12,3,75375338,283,0.7183,2,0
6,1,88,3,0.6028774977775442,priority_target,0.6617805771466505,enemy,9.0,25.0,1.0,11.0,3.0,3.7935628429122983,easy_target,0.15437815425509827,0,True,False,3,8,3,1,75556366,128,0.8,4,0
17,0,3,1,-1.875469155694022,contested,0.6502852932707357,enemy,9.0,1.0,0.0,45.0,5.0,0.8431539585964628,priority_target,0.26558362296396504,2,False,False,22,737,33,5,75560041,157,0.7889,2,0
29,0,9,1,-0.988666226080126,contested,0.22012306484811353,enemy,11.0,26.0,-1.0,28.0,1.0,0.8318743890285273,priority_target,0.09834841274170789,1,False,False,22,249,31,2,75560041,109,0.5477,2,0
25,-1,28,1,-0.7348204524542057,contested,0.6207719401159661,neutral,13.0,24.0,-1.0,28.0,1.0,0.9712684788173023,priority_target,0.08622446269605086,5,False,False,30,233,49,3,75560041,87,0.4372,2,0
1,0,111,5,-0.3023827705513009,isolated,0.612614598380039,reinforce,,8.0,-1.0,69.0,3.0,0.8675104550749957,priority_target,0.07739283670196057,3,False,False,30,679,46,2,75608555,87,0.5724,2,0
17,-1,19,1,-3.1731032313811003,periphery,0.07823388528154208,neutral,3.0,1.0,0.0,83.0,3.0,1.164294284624818,priority_target,0.1315847632677681,0,True,False,28,733,56,3,75614274,109,0.9008,2,2
22,2,22,4,-1.5855218945831981,hard_far,0.5240342243512742,enemy,13.0,11.0,2.0,1.0,4.0,3.029901663200291,easy_target,0.0,2,False,False,61,351,82,4,75618884,74,0.3592,4,0
0,1,14,3,-0.30004381464223706,rear,0.32698684368184516,reinforce,,29.0,3.0,131.0,4.0,2.2105357001630654,priority_target,0.0,2,False,False,34,425,47,1,75624437,143,0.5396,4,0
2,2,25,3,-0.9625782466515624,periphery,0.14172523283191985,enemy,7.0,18.0,2.0,26.0,3.0,2.6406026264080316,easy_target,0.0,2,False,False,52,379,82,3,75632972,130,0.2808,4,1
7,2,9,3,-0.014781641898486186,mid,0.16522829215570764,reinforce,,,,,,,,,0,True,False,2,323,8,3,75641715,302,0.9379,4,11
19,2,20,1,-0.8214518100427537,isolated,0.4690018444799273,reinforce,,,,,,,,,0,True,False,4,790,20,2,75641715,313,0.972,4,15
1,0,138,1,-1.1109181026296502,isolated,0.1896986586536289,reinforce,,,,,,,,,0,True,False,6,1385,20,5,75641802,227,0.9742,4,6
11,3,46,5,-0.12869827325636374,priority_target,0.10338990503457503,enemy,3.0,17.0,3.0,1.0,1.0,1.2414282499713385,easy_target,0.0,2,False,False,181,487,221,5,75641802,171,0.7339,4,4
5,0,10,4,-0.015440542701452033,mid,0.41144734435792657,reinforce,,,,,,,,,0,True,False,4,477,10,1,75641802,191,0.8197,4,0
12,3,3,1,-0.6722471326535628,rear,0.40858892565000593,reinforce,,16.0,2.0,43.0,2.0,1.3262862432754234,priority_target,0.0737980880436603,2,False,False,7,375,18,2,75642437,294,0.7597,4,8
5,3,10,5,-0.49330565758722644,bastion,0.08443616914891103,reinforce,,3.0,2.0,6.0,2.0,0.23671717654453417,contested,0.08125461649136605,1,False,False,10,350,20,1,75642437,355,0.9173,4,5
20,2,3,1,-1.06067685637354,isolated,0.08125461649136605,enemy,,12.0,2.0,21.0,1.0,-0.011771176181721299,contested,0.0,3,False,False,2,319,4,2,75642437,335,0.8656,4,0
1,3,8,2,-1.1957794447504122,rear,0.14871012336297845,reinforce,,4.0,2.0,10.0,5.0,0.8309087989697297,priority_target,0.15290982777522125,0,True,False,2,268,3,1,75642437,322,0.832,4,5
10,2,18,1,0.6222840708022813,easy_target,0.2087565185959949,enemy,2.0,29.0,2.0,14.0,2.0,0.9082462137476306,contested,0.07539924266702049,2,False,False,2,277,3,1,75642437,256,0.6615,4,5
3,3,45,5,-1.1648123275242597,hard_far,0.5563693004013793,enemy,25.0,30.0,0.0,1.0,2.0,3.1506764960686624,easy_target,0.07705036142936497,3,False,False,22,90,33,3,75648312,24,0.1333,4,0
9,1,14,3,-1.2813445567090214,hard_far,0.8459906909408732,enemy,23.0,21.0,-1.0,18.0,4.0,3.156970781336082,priority_target,0.2584375261981398,0,True,False,25,64,25,3,75649223,42,0.2246,4,0
11,0,65,5,1.8696291901817843,easy_target,0.306515638239146,enemy,1.0,11.0,0.0,45.0,5.0,1.8696291901817843,easy_target,,3,False,True,211,3482,212,4,75653592,203,0.9442,4,0
22,-1,9,1,-0.6390178670257196,mid,0.1921509234866988,neutral,,7.0,-1.0,5.0,5.0,2.0586283367357705,priority_target,0.43334035389670406,3,False,False,18,49,18,3,75665474,32,0.4,2,0
4,0,38,5,-1.4926609066810856,hard_far,0.7517334256361418,enemy,10.0,2.0,-1.0,52.0,4.0,1.767867089776786,priority_target,0.3413043288926306,2,False,False,20,59,20,5,75672648,31,0.1867,2,0
6,0,48,5,1.8976374733539083,contested,0.10251990661453532,reinforce,1.0,6.0,1.0,7.0,5.0,1.8976374733539083,contested,,6,False,True,17,215,42,1,75672648,65,0.3916,2,0
3,1,5,5,-0.3913852904262707,rear,0.24368414610948438,reinforce,,6.0,-1.0,82.0,5.0,1.9554676660918013,priority_target,0.21126013435838065,1,False,False,65,177,65,5,75674654,69,0.3485,2,0
17,3,39,2,0.40911944308743575,contested,0.42571021884124094,reinforce,,13.0,2.0,103.0,1.0,0.32685757198786797,periphery,0.07193087566478046,0,True,False,30,679,41,4,75678884,282,0.5767,4,0
28,1,16,2,-0.746817127643505,contested,0.29840359161322827,reinforce,,11.0,-1.0,72.0,3.0,2.662270012072026,priority_target,0.09267427436452846,2,False,False,14,134,24,3,75681966,50,0.3497,4,0
28,1,6,1,,,0.443428597183224,enemy,,23.0,1.0,28.0,3.0,1.5440325090856168,contested,0.20094716366855225,0,True,False,18,534,27,5,75684015,60,0.3681,2,1
19,3,15,1,-1.084963888384768,isolated,0.19498756493637714,reinforce,,,,,,,,,0,True,False,4,338,8,3,75693368,201,0.971,4,19
10,3,17,4,0.8822701321673416,contested,0.2175543145521347,reinforce,,22.0,2.0,6.0,3.0,2.8521373144343993,easy_target,0.0,1,False,False,31,186,32,2,75693368,141,0.6812,4,0
2,3,3,2,0.4625789135259513,contested,0.10502994304598243,enemy,4.0,26.0,1.0,23.0,3.0,2.3679605365619136,contested,0.183171083905121,0,True,False,37,109,37,3,75693368,123,0.5942,4,0
22,0,20,3,-0.052186679260305735,periphery,0.3499279439198677,enemy,7.0,21.0,3.0,67.0,3.0,2.1391541888388756,priority_target,0.0786471468827124,1,False,False,24,231,37,3,75693368,50,0.2415,4,0
24,-1,18,1,,,0.25252970058993207,neutral,,16.0,0.0,40.0,2.0,2.496665344588664,easy_target,0.0,3,False,False,5,559,31,3,75696094,156,0.8125,2,18
20,1,26,3,0.2705529230600131,mid,0.38536226267479234,reinforce,,,,,,,,,0,True,False,3,721,11,2,75696094,170,0.8854,2,11
4,-1,47,5,0.6567010781607298,priority_target,0.09954551800999616,neutral,1.0,4.0,-1.0,47.0,5.0,0.6567010781607298,priority_target,,2,False,True,48,574,48,5,75696709,80,0.6349,4,0
9,1,68,4,-0.6605970606464235,bastion,0.08456489815618998,reinforce,,35.0,2.0,17.0,1.0,0.5530200093459453,periphery,0.08061294580567238,5,False,False,12,517,12,3,75697366,122,0.5495,4,2
12,1,351,3,-0.028467311246594018,mid,0.0845198332775676,reinforce,,22.0,0.0,44.0,3.0,1.3631419253675772,contested,0.08242049718450739,2,False,False,15,1347,15,5,75698121,134,0.8481,2,1
10,3,8,2,-0.48066056872513563,isolated,0.5949722283635716,reinforce,,,,,,,,,0,True,False,32,749,75,4,75699482,299,0.9967,4,13
2,0,9,4,0.7178374105979115,hard_far,0.26050357446216493,enemy,4.0,14.0,0.0,11.0,1.0,1.9935211745276669,easy_target,0.08851986379304844,5,False,False,39,273,40,2,75699482,163,0.5433,4,0
10,3,35,2,-0.44380839669066297,isolated,0.4583682166761388,reinforce,,,,,,,,,2,False,False,2,821,13,1,75699482,265,0.8833,4,23
7,3,9,2,-0.2757154331643638,isolated,0.45300690136148763,reinforce,,,,,,,,,0,True,False,2,688,3,1,75699482,296,0.9867,4,11
13,0,2,2,-2.136360004347174,hard_far,0.08055947893693376,reinforce,7.0,22.0,1.0,15.0,4.0,0.8393350633368708,contested,0.2278395206574716,2,False,False,22,582,22,3,75699913,131,0.8239,2,0
5,3,44,5,0.41717399118713544,mid,0.2792765425424902,reinforce,,,,,,,,,0,True,False,32,1885,32,3,75709643,200,0.8065,4,3
11,3,47,3,-1.2584060883096442,hard_far,0.5894002494983588,enemy,11.0,19.0,2.0,10.0,5.0,3.0431190538393436,easy_target,0.24383137469263952,2,False,False,31,513,41,3,75709643,91,0.3669,4,0
10,2,5,4,-0.15340221080115557,contested,0.12286066615223065,reinforce,,8.0,-1.0,74.0,4.0,1.845337974837747,contested,0.12286066615223067,2,False,False,23,163,23,4,75710307,53,0.3136,4,0
5,0,7,1,-0.4934217648861024,mid,0.21235543974208726,reinforce,,,,,,,,,0,True,False,4,576,12,1,75714286,362,0.9891,4,15
25,2,14,2,0.20298531883964988,frontline,0.11248490287031222,enemy,,24.0,2.0,6.0,2.0,1.2342015329914162,contested,0.10737169048919949,3,False,False,45,322,50,2,75716279,186,0.8122,4,1
10,0,3,3,-0.8011012431608506,rear,0.22524869017882984,reinforce,,11.0,1.0,825.0,3.0,-2.063927903631169,priority_target,0.12385242690426165,0,True,False,5,46,5,5,75717722,482,0.9659,4,5
4,0,3,3,-0.36841852289285215,hard_far,0.11940297773762795,reinforce,4.0,16.0,3.0,9.0,1.0,1.1145164375362766,contested,0.08357000566709415,0,True,False,16,182,26,2,75731565,209,0.6656,4,2
11,2,26,3,0.7664861505260412,hard_far,0.148111046160867,enemy,10.0,7.0,2.0,56.0,3.0,2.869350776577357,priority_target,0.14057764024044478,0,True,False,173,345,345,4,75738228,199,0.7866,4,0
12,2,22,4,-1.2622148906203703,priority_target,0.6945681435924834,reinforce,14.0,15.0,0.0,9.0,4.0,2.110941579861323,easy_target,0.08894417341873284,1,False,False,22,282,22,4,75749145,267,0.837,4,0
8,0,111,4,-0.41666047123318173,isolated,0.6197836760265487,reinforce,,12.0,2.0,180.0,4.0,0.42609706539501835,priority_target,0.0,8,False,False,35,813,41,2,75749145,246,0.7712,4,1
13,0,19,4,-0.09814575404475065,bastion,0.0889441734187328,reinforce,,3.0,2.0,13.0,3.0,1.3387008917606384,contested,0.2278247912647737,3,False,False,12,538,12,3,75749145,253,0.7931,4,0
6,1,22,4,-0.0006667014417424122,contested,0.5354082643848083,reinforce,,18.0,0.0,154.0,3.0,1.3523611587390372,priority_target,0.08362235799136161,0,True,False,18,235,18,4,75755341,140,0.7568,2,0
25,1,4,1,-0.06933756196169213,frontline,0.3871505305866605,reinforce,,18.0,0.0,3.0,3.0,1.8145714413350056,contested,0.30156515589194316,1,False,False,18,389,28,1,75755341,88,0.4757,2,0
11,0,8,2,-1.3171290945547312,periphery,0.3323168125247983,enemy,12.0,4.0,0.0,82.0,4.0,1.2003804053015594,priority_target,0.23400804220494628,2,False,False,24,415,65,3,75755341,86,0.4649,2,0
4,2,3,3,-0.9539512213667698,rear,0.2955608051861463,reinforce,,0.0,0.0,31.0,5.0,3.099848411917545,priority_target,0.15943333196190895,0,True,False,10,69,10,5,75773401,29,0.2437,4,0
15,1,5,2,-0.47604518252115574,rear,0.13299272351002595,reinforce,,4.0,-1.0,47.0,2.0,1.540546951788064,priority_target,0.1861136943667221,2,False,False,2,313,2,1,75778962,113,0.9741,2,5
14,1,17,2,0.598714510350066,contested,0.5367312649499102,reinforce,,31.0,0.0,10.0,4.0,1.5371546073812064,priority_target,0.23977474889591355,2,False,False,16,226,16,2,75778962,80,0.6897,2,1
2,1,148,3,-0.3921724211606362,mid,0.14642594329353162,reinforce,,13.0,0.0,64.0,3.0,-0.1799707434749295,periphery,0.2334088828407413,0,True,False,36,1159,36,4,75781174,143,0.7526,2,1
5,-1,39,3,0.8768088880077902,easy_target,0.09918891240576776,neutral,3.0,2.0,-1.0,83.0,4.0,2.358972794412586,priority_target,0.22480745216033954,3,False,False,29,582,30,5,75783641,68,0.5113,4,0
9,1,20,5,0.12323633816259522,bastion,0.2515375575513585,reinforce,,6.0,3.0,37.0,3.0,1.049517141832336,contested,0.25478274540271256,2,False,False,10,938,10,3,75783641,94,0.7068,4,0
11,-1,84,3,3.0184620271726095,easy_target,0.12743725807655604,neutral,1.0,11.0,3.0,4.0,3.0,3.0184620271726095,easy_target,,8,False,True,29,809,154,3,75789044,89,0.1784,4,0
22,1,60,2,-2.6493400438124093,hard_far,0.28292341019762607,enemy,13.0,29.0,1.0,0.0,1.0,0.7836750339277045,contested,0.0772619396906166,0,True,False,13,348,19,1,75796408,212,0.8154,2,3
3,2,21,4,1.232411871308607,frontline,0.43961092911849137,reinforce,,11.0,1.0,727.0,4.0,2.0380900946934526,priority_target,0.12091276634519633,2,False,False,25,2601,332,4,75811302,317,0.898,4,6
5,1,9,2,1.9535558529015458,contested,0.11490566701550566,reinforce,3.0,17.0,2.0,15.0,4.0,2.8772861004374106,easy_target,0.09628353415247493,0,True,False,20,339,23,3,75811319,245,0.491,4,0
12,2,9877,3,1.1361517901094658,frontline,0.08261991042130606,reinforce,,24.0,1.0,31.0,1.0,1.405856294304266,contested,0.0747406376852464,6,False,False,24,19152,56,2,75811319,497,0.996,4,0
9,2,49,2,-0.44012893297516886,frontline,0.09458933310771485,reinforce,,4.0,0.0,36.0,4.0,2.072164521735081,priority_target,0.0,3,False,False,12,6689,16,3,75811794,303,0.6072,4,0
19,2,6258,3,-0.07325531546312802,mid,0.6009166785657892,reinforce,,15.0,3.0,4.0,1.0,1.3407113805201476,contested,0.08151598744463769,4,False,False,30,12117,30,3,75811794,437,0.8758,4,0
3,0,50,5,0.2518609350977381,mid,0.7032594026613078,reinforce,,25.0,1.0,39.0,1.0,1.1932417278203857,contested,0.07466739930854938,9,False,False,101,16072,108,4,75813241,357,0.7154,2,0
10,1,10,1,0.4840613001129117,contested,0.5732859495041033,enemy,3.0,25.0,1.0,18.0,1.0,1.2873031842792642,contested,0.07466739930854936,8,False,False,104,14838,114,5,75813241,336,0.6733,2,0
7,1,75,3,-0.777640577771678,bastion,0.44477272755607067,reinforce,,18.0,3.0,29.0,2.0,2.6584165068305303,easy_target,0.0,8,False,False,37,504,39,2,75816344,135,0.3629,4,0
8,0,27,5,0.30045745517677075,bastion,0.11455200354664756,reinforce,,26.0,2.0,110.0,2.0,1.805333590432804,priority_target,0.07492295456698193,0,True,False,9,205,17,1,75816344,61,0.164,4,0
5,0,62,2,0.8325610577957689,frontline,0.3553878366657647,enemy,,9.0,0.0,13.0,2.0,2.2624245188922254,easy_target,0.12316922636573897,0,True,False,7,209,22,3,75818582,112,0.855,2,10
7,3,47,2,-1.0260811306289048,rear,0.23271026550954876,reinforce,,11.0,2.0,5.0,5.0,2.3134445639610495,easy_target,0.12886115085459673,2,False,False,303,891,319,3,75820420,289,0.5792,4,0
4,0,35,4,0.5544386011417846,frontline,0.6882080361272659,enemy,,0.0,0.0,61.0,3.0,2.917414853586312,priority_target,0.0,2,False,False,7,277,7,4,75822068,168,0.866,4,5
30,-1,23,1,-1.4266669908307335,periphery,0.6362618561443715,neutral,26.0,17.0,1.0,24.0,2.0,2.7629658267739554,contested,0.2747008006581153,5,False,False,17,183,90,3,75822068,33,0.1701,4,0
13,3,81,1,-3.0254761130241725,periphery,0.6021469783605303,enemy,20.0,30.0,-1.0,23.0,1.0,1.1876955751235576,easy_target,0.07170520615898211,4,False,False,21,177,21,4,75822068,100,0.5155,4,0
33,-1,9,1,-2.229546497748713,periphery,0.6172853375902236,neutral,16.0,30.0,0.0,20.0,5.0,1.9424695712687774,easy_target,0.09236382056307083,0,True,False,10,500,17,2,75823093,113,0.5979,2,3
30,1,59,2,1.7050553732212599,contested,0.12143904444934021,enemy,1.0,30.0,1.0,0.0,2.0,1.7050553732212599,contested,,5,False,True,11,293,11,1,75825491,65,0.4887,2,0
21,0,12,4,0.045145612722441476,bastion,0.33676043542440426,reinforce,,13.0,1.0,4.0,3.0,1.91501467953229,easy_target,0.0,4,False,False,35,402,35,5,75825491,82,0.6165,2,0
6,1,19,1,-0.7066097775734486,isolated,0.3303669756725718,reinforce,,25.0,-1.0,17.0,1.0,0.7717556264311665,contested,0.17812240385741232,0,True,False,33,261,33,2,75825491,87,0.6541,2,0
10,1,15,2,-1.2020596675076483,rear,0.07873236468648888,enemy,,7.0,1.0,71.0,5.0,0.9898722910670676,priority_target,0.15663260780638655,2,False,False,66,763,101,4,75828924,104,0.8254,2,1
10,0,3,3,2.0556315975509127,contested,0.09403168527777338,enemy,1.0,10.0,0.0,0.0,3.0,2.0556315975509127,contested,,1,False,True,17,440,18,3,75836803,113,0.2265,2,0
26,-1,21,1,,,0.15129642924708914,neutral,,17.0,0.0,82.0,4.0,1.38528390141192,priority_target,0.08266310670998539,3,False,False,19,758,76,4,75838010,158,0.5563,4,2
15,1,43,4,1.6443214580223569,priority_target,0.23479973098362614,enemy,1.0,15.0,1.0,81.0,4.0,1.6443214580223569,priority_target,,6,False,True,101,256,103,5,75840368,67,0.5403,2,0
6,1,55,1,-1.3198601452166228,periphery,0.10960002360625308,enemy,22.0,14.0,3.0,56.0,4.0,2.212659179184937,contested,0.0830420787517627,1,False,False,13,133,13,4,75843963,147,0.4579,4,0
33,1,8,1,-1.0517964256703871,periphery,0.10046973271899805,enemy,15.0,10.0,-1.0,73.0,1.0,-0.1510053848543545,hard_far,0.0816938176418805,1,False,False,30,869,30,4,75843963,289,0.9003,4,0
5,0,6,2,-0.11800477736296956,frontline,0.1249102575314516,enemy,,11.0,0.0,23.0,3.0,2.0809487380157767,easy_target,0.0,0,True,False,1,144,1,1,75845040,79,0.622,2,0
9,0,300,4,0.5398195207091819,hard_far,0.1397775613407609,enemy,17.0,23.0,0.0,246.0,5.0,5.0903493354804565,priority_target,,0,True,False,358,0,358,5,75847145,186,0.3727,4,0
1,0,6,2,1.715743581745289,contested,0.08859994501868221,enemy,1.0,1.0,0.0,6.0,2.0,1.715743581745289,contested,,4,False,True,50,895,62,4,75848499,132,0.9231,2,0
5,1,6,3,-1.0336557406576359,rear,0.2053042492458698,reinforce,,1.0,0.0,104.0,4.0,1.4572108267144275,priority_target,0.0,4,False,False,48,172,48,3,75851051,131,0.6359,2,1
6,1,15,5,-0.5463367320918144,bastion,0.10475080012759899,reinforce,,19.0,0.0,60.0,5.0,2.695546242611262,priority_target,0.0,0,True,False,15,205,15,5,75852143,114,0.3918,2,0
6,0,10,3,-0.5767732732756389,rear,0.09408634197670984,reinforce,,1.0,1.0,176.0,4.0,0.5992099042813233,priority_target,0.10228449509758258,0,True,False,4,455,4,4,75853717,201,0.6612,4,10
9,0,4,4,0.5082850412897562,frontline,0.6143369281639356,reinforce,,1.0,1.0,176.0,4.0,1.5663837319490743,priority_target,0.08691451775660777,0,True,False,4,247,4,2,75853717,203,0.6678,4,8
25,0,18,1,-1.3311702142543864,isolated,0.08427300993133799,reinforce,,1.0,1.0,143.0,4.0,0.37856643370859455,priority_target,0.1422371803659222,0,True,False,46,390,46,3,75853717,196,0.6447,4,2
6,2,12,3,-0.6360388464860582,rear,0.08427300993133799,reinforce,,21.0,3.0,80.0,2.0,1.9329350567749028,contested,0.268950257508865,0,True,False,14,114,14,1,75853717,41,0.1349,4,0
27,1,32,1,0.36332697774775813,easy_target,0.07806718480618781,reinforce,7.0,20.0,0.0,40.0,4.0,2.0832124580617175,contested,0.3268871590322122,2,False,False,20,259,23,5,75854043,71,0.3515,2,0
22,-1,13,1,,,0.5993131351705545,neutral,,2.0,3.0,31.0,4.0,3.1553600739091476,easy_target,0.0,3,False,False,108,763,108,4,75854436,177,0.9516,4,1
6,1,36,3,-1.1139340627725742,hard_far,0.6962212988176162,enemy,10.0,9.0,-1.0,47.0,2.0,0.6159882543764047,hard_far,0.08173259738580488,0,True,False,8,143,8,2,75854976,88,0.5535,2,0
7,-1,47,1,-0.6468465670236772,hard_far,0.2343132526947048,neutral,15.0,10.0,-1.0,30.0,3.0,1.7137054872580537,priority_target,0.22165765246213529,3,False,False,36,249,36,4,75862353,40,0.1465,4,1
21,1,29,2,-0.8749037897812509,periphery,0.5296150531933358,enemy,9.0,8.0,1.0,4.0,2.0,1.7035133713358486,easy_target,0.0,1,False,False,9,268,9,1,75862477,103,0.5124,2,0
23,-1,30,1,-0.21516835058030112,hard_far,0.05120371163995725,neutral,14.0,34.0,-1.0,29.0,1.0,1.5074653369214766,priority_target,0.0654912456197128,3,False,False,1,118,1,1,75866275,83,0.3609,2,0
30,0,13,1,-1.260167592322879,periphery,0.4960483094392293,enemy,21.0,20.0,-1.0,30.0,1.0,1.6078694936157607,priority_target,0.19261534840363664,2,False,False,41,135,41,1,75866275,112,0.487,2,0
17,1,41,5,1.1449362892219606,contested,0.0873434061783965,reinforce,,29.0,0.0,34.0,1.0,1.1257791104251782,contested,0.08391113379964257,2,False,False,31,463,31,3,75880085,159,0.7395,2,0
22,2,23,4,1.0951818650454204,frontline,0.07674457587736433,reinforce,,8.0,-1.0,86.0,4.0,2.4246475329149364,priority_target,0.08264375485104136,0,True,False,10,139,11,1,75882192,80,0.6202,4,0
12,0,27,3,1.1583772346103407,priority_target,0.5669512117862244,enemy,1.0,12.0,0.0,80.0,3.0,1.1583772346103407,priority_target,,0,True,True,4,235,16,4,75890977,181,0.683,2,1
6,-1,1,3,0.21011021574073172,periphery,0.20847859545037592,neutral,6.0,14.0,0.0,18.0,3.0,1.2933011344121643,priority_target,0.306573917049303,0,True,False,17,149,17,3,75890977,78,0.2943,2,0
5,1,47,5,0.6421598964043143,frontline,0.17669262746034245,reinforce,,12.0,-1.0,23.0,1.0,0.5072954899861594,periphery,0.09007031444331239,4,False,False,34,285,34,3,75890978,137,0.7405,2,1
10,1,11,4,1.4990430851531784,contested,0.08519157649712054,reinforce,1.0,10.0,0.0,22.0,4.0,1.4990430851531784,contested,,1,False,True,7,782,7,1,75891081,72,0.6261,2,0
7,3,9,3,0.4891346563594747,contested,0.08302079763732337,reinforce,,0.0,-1.0,38.0,1.0,1.6471396517950947,easy_target,0.2399130985588659,1,False,False,86,213,86,2,75895003,301,0.6032,4,0
8,0,29,1,-2.2804228411985736,hard_far,0.5266762370174242,enemy,24.0,29.0,-1.0,21.0,1.0,1.3891478182483563,priority_target,0.07566941716063569,2,False,False,25,202,25,5,75896280,68,0.4072,2,0
17,1,31,5,0.06551732284167261,bastion,0.1109936330266831,reinforce,,6.0,-1.0,14.0,3.0,2.2911807617719373,contested,0.1975329243233819,3,False,False,30,129,32,5,75896280,53,0.3174,2,0
18,0,13,4,1.4937601237626001,contested,0.5877354650368372,enemy,1.0,18.0,0.0,13.0,4.0,1.4937601237626001,contested,,5,False,True,43,328,53,2,75896918,85,0.4293,2,3
2,1,10,1,-1.3230081584134954,rear,0.08436533403986055,reinforce,,13.0,-1.0,19.0,1.0,0.6340275013788147,easy_target,0.08802390082274425,4,False,False,11,244,11,5,75898624,106,0.848,2,3
5,0,17,3,1.8216487560096843,easy_target,0.09798471932880214,reinforce,1.0,5.0,1.0,6.0,3.0,1.8216487560096843,easy_target,,7,False,True,78,348,92,3,75899927,100,0.2004,2,1
22,1,60,5,-1.6595833229426968,priority_target,0.5838806129503403,enemy,16.0,19.0,1.0,4.0,2.0,1.58237782885235,easy_target,0.20035626110853194,7,False,False,28,312,28,5,75900177,62,0.31,2,1
8,0,5,1,-1.030377350820937,rear,0.21919215251139598,reinforce,,22.0,1.0,4.0,4.0,2.4649220109010233,priority_target,0.3785198536663126,1,False,False,15,448,16,1,75904310,234,0.6903,4,0
16,0,25,1,0.2837257364895098,frontline,0.0872484701841476,enemy,,20.0,0.0,40.0,4.0,4.127887986250879,priority_target,0.15947539042733194,0,True,False,4,11,4,4,75904310,230,0.6785,4,0
0,2,36,5,1.0911668003009203,priority_target,0.11104696905936966,enemy,1.0,0.0,2.0,133.0,5.0,1.0911668003009203,priority_target,,0,True,True,16,429,33,4,75905571,89,0.6642,4,0
1,1,1,1,-1.0211694680278007,bastion,0.3837986852074295,enemy,,10.0,-1.0,29.0,1.0,-0.1507860675817556,easy_target,0.09056996567417445,0,True,False,2,831,8,4,75908481,130,0.7182,4,3
11,0,41,2,-1.1312820825486463,bastion,0.3747946346587795,reinforce,,9.0,-1.0,42.0,2.0,0.2065057034530463,easy_target,0.08562853447430532,2,False,False,8,539,33,2,75908621,184,0.934,2,3
7,-1,60,1,0.29744831545642303,periphery,0.2252564263485252,neutral,2.0,5.0,-1.0,60.0,1.0,0.34898795149386264,periphery,0.13792937210865147,14,False,False,168,572,224,2,75908621,181,0.9188,2,3
28,2,67,2,-1.3651705405919603,rear,0.08057784192012349,reinforce,,18.0,1.0,0.0,4.0,1.1479767229187936,contested,0.14309256403958173,3,False,False,15,1191,148,4,75909571,120,0.2405,4,2
14,0,8,3,0.6965210223833626,contested,0.14055368351166658,enemy,,18.0,2.0,16.0,5.0,3.3131636248109424,easy_target,0.0,0,True,False,6,35,24,5,75910069,99,0.839,4,0
34,-1,34,1,,,0.2846754793556399,neutral,,29.0,0.0,6.0,3.0,1.4196758989756235,contested,0.08488767298520941,1,False,False,279,4707,343,5,75920471,462,0.9259,4,0
0,1,7,4,1.1798646075867834,priority_target,0.4028582538072274,enemy,5.0,21.0,-1.0,26.0,1.0,1.6555339952720485,priority_target,0.07966630887467918,2,False,False,34,155,34,2,75921657,67,0.6442,2,1
18,3,16,1,-0.9159465104519595,periphery,0.5362837050222686,enemy,17.0,20.0,3.0,25.0,4.0,4.397383373541292,priority_target,0.0,6,False,False,17,214,92,1,75923421,226,0.8828,4,0
6,1,15,5,0.23511240302929232,mid,0.47955736189247006,reinforce,,,,,,,,,2,False,False,15,222,15,5,75924157,166,0.9222,4,1
10,2,2,1,-1.7092465563864911,hard_far,0.5219284198956449,enemy,21.0,11.0,-1.0,26.0,1.0,1.4959248269312306,priority_target,0.2617050178672727,7,False,False,1,435,1,1,75925168,68,0.4,4,0
25,1,18,3,0.1495855353272121,frontline,0.6291390457308209,reinforce,,1.0,0.0,33.0,4.0,2.2624072707269414,priority_target,0.0,1,False,False,20,494,28,4,75925168,148,0.8706,4,1
0,1,16,4,-0.2584643878504596,rear,0.5268991871714278,reinforce,,17.0,0.0,8.0,1.0,2.2657429536954203,easy_target,0.09943755980039892,2,False,False,12,467,20,4,75925168,153,0.9,4,0
10,2,64,5,-0.024197617368344138,mid,0.24247410182008136,reinforce,,3.0,3.0,21.0,5.0,2.2415128009886165,priority_target,0.27384902584544274,2,False,False,34,216,44,5,75927245,95,0.4043,4,0
13,0,17,1,-1.1412854110378217,periphery,0.5763014433470632,enemy,21.0,15.0,0.0,5.0,1.0,2.1186167327446785,easy_target,0.0,5,False,False,5,311,8,5,75927875,124,0.62,2,0
29,0,36,1,-0.46962038740408396,mid,0.08584434816705372,reinforce,,22.0,1.0,25.0,4.0,1.5538996874573456,priority_target,0.1782848640450477,4,False,False,23,353,31,3,75928517,138,0.9139,2,1
11,3,5,2,-0.0003299368245473031,periphery,0.1581409922622632,enemy,4.0,16.0,3.0,113.0,5.0,0.39712666334337615,priority_target,0.05828318705919459,0,True,False,7,299,30,1,75935643,178,0.6096,4,1
15,1,24,2,-0.8425619658910926,rear,0.2889060570232212,reinforce,,23.0,0.0,8.0,3.0,1.4353810510400837,easy_target,0.0,2,False,False,24,731,34,2,75937738,157,0.7734,2,2
32,0,19,3,0.6620344899987582,priority_target,0.08486343702334435,reinforce,2.0,5.0,-1.0,67.0,2.0,0.7311935770609064,hard_far,0.08069990202875732,4,False,False,22,385,22,3,75937738,98,0.4828,2,0
5,1,8,4,0.18884899305466582,periphery,0.297868623345948,enemy,7.0,12.0,1.0,5.0,1.0,2.046387596921908,easy_target,0.08530830093725077,1,False,False,24,131,35,5,75938189,103,0.741,2,1
11,1,27,3,-1.868011165340286,priority_target,0.38467212154440544,enemy,21.0,2.0,1.0,1.0,3.0,3.253896859229152,easy_target,0.2169474734450054,0,True,False,8,102,14,5,75938189,105,0.7554,2,3
18,1,2,1,-0.07015811720272479,contested,0.19971178639512552,enemy,3.0,31.0,-1.0,21.0,1.0,0.4917594619991819,easy_target,0.06741077574055758,2,False,False,2,255,3,1,75939046,137,0.9448,2,20
19,1,31,3,-0.6594087821392263,frontline,0.6190057401706263,reinforce,,2.0,-1.0,19.0,4.0,1.0496676251466133,easy_target,0.12352755928520721,4,False,False,8,413,32,3,75943167,198,0.9252,2,4
6,2,34,3,0.42921764048417,priority_target,0.2334530987654595,enemy,6.0,22.0,1.0,3.0,2.0,3.643761417637198,easy_target,0.16045074411015947,0,True,False,12,53,17,2,75951597,128,0.2565,4,0
1,2,12,3,-0.22226820671866224,priority_target,0.10559747078196355,enemy,8.0,3.0,2.0,14.0,3.0,2.8247602055635017,easy_target,0.2513067564691469,1,False,False,12,53,23,1,75953448,203,0.6527,4,0
25,-1,16,1,-0.9363876917951303,periphery,0.29755513097124625,neutral,10.0,10.0,-1.0,52.0,2.0,1.198708072475579,priority_target,0.10911482506811271,1,False,False,38,244,43,4,75953848,103,0.5787,4,2
4,-1,41,1,-0.692478680500471,isolated,0.35782208994852727,neutral,,,,,,,,,0,True,False,37,843,54,4,75955828,191,0.9502,4,9
5,-1,59,1,-0.32940751615852726,hard_far,0.42459409721624486,neutral,7.0,12.0,0.0,31.0,1.0,1.0291860406537556,contested,0.0,3,False,False,19,399,35,4,75955828,111,0.5522,4,1
26,3,4,2,-0.5603754225592901,isolated,0.59144935203916,reinforce,,4.0,-1.0,24.0,1.0,0.3693164813264064,easy_target,0.09438275601267368,0,True,False,4,667,7,4,75955828,185,0.9204,4,2
19,3,10,4,1.189793752449936,frontline,0.4473160458296887,reinforce,,6.0,-1.0,59.0,1.0,0.6798172978016156,hard_far,0.08125715531080366,4,False,False,2,1202,3,1,75955828,178,0.8856,4,16
12,2,4,4,1.4891877795070196,contested,0.3365592992535536,reinforce,,2.0,0.0,0.0,4.0,3.116198804139896,contested,0.08512794596740055,0,True,False,4,45,4,4,75957597,84,0.4565,4,0
0,0,12,3,-1.2339763518283309,periphery,0.6097114144418991,enemy,12.0,15.0,0.0,16.0,4.0,1.818275796103991,contested,0.14315047390995045,1,False,False,21,316,21,2,75959127,84,0.2772,2,2
1,2,35,5,0.49585044613696566,mid,0.10476809851832641,enemy,,17.0,2.0,42.0,3.0,3.6604260176398142,easy_target,0.0,1,False,False,31,544,31,4,75959429,163,0.9532,4,12
2,1,147,5,0.4247255187987956,mid,0.33429509861579054,reinforce,,17.0,2.0,24.0,3.0,2.5220438720971137,easy_target,0.0,3,False,False,16,750,16,3,75959429,157,0.9181,4,6
25,1,2,2,-0.7930804242856633,isolated,0.28509523775870227,reinforce,,,,,,,,,0,True,False,3,359,3,3,75959429,170,0.9942,4,18
12,1,6,4,0.23513520660767273,mid,0.23852770419527314,reinforce,,,,,,,,,0,True,False,3,359,3,3,75959429,170,0.9942,4,4
31,0,3,1,,,0.07331644925026307,reinforce,,,,,,,,,0,True,False,45,248,45,3,75963839,159,0.9815,4,21
13,1,18,2,0.7004234257531463,easy_target,0.3237289553077717,enemy,11.0,6.0,1.0,49.0,5.0,6.3290326644587225,priority_target,,0,True,False,18,0,65,3,75963839,133,0.821,4,2
2,1,7,2,1.66729743030514,priority_target,0.49881360896369065,enemy,1.0,2.0,1.0,7.0,2.0,1.66729743030514,priority_target,,2,False,True,16,1033,43,2,75964932,121,0.6836,2,0
31,1,30,2,-0.42560517480093907,rear,0.39400239002205195,reinforce,,11.0,2.0,29.0,4.0,3.372916345037745,easy_target,0.09747555307710315,4,False,False,1,261,4,1,75967247,138,0.6935,4,0
32,-1,20,3,0.73270273255819,priority_target,0.283836651316068,neutral,6.0,25.0,-1.0,8.0,5.0,2.0401370490763897,easy_target,0.3069459196819013,1,False,False,25,40,25,1,75970255,27,0.1812,2,0
30,3,3,1,-1.5636963337274958,rear,0.10187732147482617,reinforce,,20.0,0.0,188.0,2.0,-0.17635980944449492,contested,0.07856822173204821,4,False,False,20,1902,20,2,75970563,242,0.8643,4,1
31,3,7,1,-1.2362329298158623,rear,0.17879233986334858,reinforce,,1.0,0.0,492.0,5.0,0.19477651964099335,priority_target,0.09407241895179301,0,True,False,2,1240,2,1,75970563,267,0.9536,4,29
8,3,7,3,-0.39333642085502973,mid,0.09407241895179301,reinforce,,1.0,0.0,492.0,5.0,0.19477651964099335,priority_target,0.09407241895179301,0,True,False,454,1240,454,5,75970563,267,0.9536,4,0
7,-1,35,2,-1.6460690450056226,periphery,0.4601055596066523,neutral,12.0,22.0,1.0,61.0,5.0,1.3496768082106991,priority_target,0.08703752502224021,3,False,False,80,446,80,5,75972657,84,0.5526,2,0
3,1,44,5,-0.9110261702409927,hard_far,0.09415592369158506,enemy,10.0,13.0,-1.0,16.0,1.0,1.616824371368915,easy_target,0.09415592369158506,4,False,False,6,252,6,1,75972841,83,0.5497,2,1
9,1,20,4,-0.23753703024997674,hard_far,0.5504159740961195,enemy,6.0,14.0,1.0,525.0,5.0,0.8031207576888985,priority_target,0.0818700317643944,3,False,False,59,818,95,1,75974716,156,0.6023,4,1
8,0,37,4,0.8747430978082084,priority_target,0.10159142948047685,reinforce,2.0,0.0,1.0,85.0,5.0,3.766326246568542,priority_target,0.0,0,True,False,10,88,10,5,75976337,179,0.8211,2,0
6,2,134,4,-0.004310282536679311,frontline,0.6270429111041346,enemy,,,,,,,,,4,False,False,232,842,232,2,75991087,164,0.6406,4,0
20,3,84,3,0.06387732610656255,isolated,0.10128866788553474,reinforce,,,,,,,,,0,True,False,134,814,134,3,75994516,163,0.8624,4,0
2,0,7,3,0.046225844379051056,contested,0.13691647165068174,enemy,5.0,20.0,0.0,3.0,5.0,1.7660767888325997,contested,0.0,1,False,False,63,577,91,5,75995342,93,0.4366,2,0
0,0,31,3,-0.45323672602606635,hard_far,0.1355970649971264,enemy,3.0,26.0,0.0,6.0,5.0,1.1971731913846293,contested,0.07811437532057793,7,False,False,121,1679,121,5,75995342,156,0.7324,2,1
16,0,86,2,-1.685114943662823,hard_far,0.6739711340362934,enemy,14.0,13.0,2.0,120.0,5.0,2.984649141633489,priority_target,0.08989498243346987,0,True,False,62,352,71,4,75996990,54,0.1444,4,0
4,2,122,3,-0.8428582635400872,hard_far,0.5603477306655535,enemy,8.0,1.0,2.0,28.0,5.0,2.12293142615267,easy_target,0.0,1,False,False,49,435,49,3,75998641,469,0.9399,4,4
10,1,307,3,1.2556944421140124,contested,0.20212337546937892,reinforce,,24.0,2.0,77.0,3.0,1.48357490178818,easy_target,0.22753074244928712,2,False,False,113,582,113,3,75998641,460,0.9218,4,10
18,2,6,3,1.2956173055421383,easy_target,0.5672438021604616,enemy,3.0,13.0,2.0,50.0,3.0,3.289350401160402,priority_target,0.07674025020707252,0,True,False,5,54,7,2,76004820,100,0.4808,4,0
1,-1,56,2,-1.4398713893216184,hard_far,0.2870143492073081,neutral,9.0,13.0,0.0,10.0,2.0,0.5183007403223385,contested,0.12285794652005744,0,True,False,23,181,35,4,76032198,84,0.5385,4,0
11,1,16,3,0.5143557196518642,frontline,0.26012670809856386,enemy,,12.0,1.0,8.0,1.0,1.692211313850002,contested,0.0,1,False,False,4,419,7,4,76032608,67,0.7882,2,9
3,3,189,5,-1.0466382743655958,hard_far,0.7446791026623377,enemy,12.0,5.0,2.0,65.0,5.0,2.4109379103089097,priority_target,0.08977019488349396,2,False,False,31,209,41,5,76041054,90,0.2903,4,0
10,-1,83,2,-0.2043789214064583,hard_far,0.4238542536440467,neutral,14.0,16.0,0.0,64.0,5.0,1.6016841089372211,priority_target,0.1416065198703947,1,False,False,5,73,5,3,76041054,291,0.9387,4,0
11,1,4,2,-1.5465797180540566,rear,0.5045803654033987,reinforce,,0.0,0.0,6.0,5.0,1.4275319964255404,contested,0.12292130661176098,4,False,False,40,599,40,5,76042700,116,0.8169,2,2
4,0,28,4,1.2221340799926153,frontline,0.1434095899470398,enemy,,18.0,0.0,44.0,3.0,2.2223168463656995,priority_target,0.0,5,False,False,3,379,77,5,76045205,119,0.5805,2,2
23,0,11,1,,,0.21171127011994167,enemy,,12.0,0.0,9.0,3.0,2.0796584628463037,easy_target,0.08689006340213556,0,True,False,40,173,40,3,76050389,71,0.5966,2,1
25,3,15,1,0.9036008930797791,frontline,0.3102275203823627,reinforce,,9.0,0.0,36.0,2.0,0.7300689621069776,hard_far,0.1508759403682899,2,False,False,12,991,22,2,76056672,271,0.7699,4,4
12,0,17,3,-0.575085381660692,rear,0.2590117132828692,enemy,,16.0,0.0,11.0,5.0,2.6422223883303624,easy_target,0.0,4,False,False,88,309,88,5,76057451,349,0.762,2,0
1,0,44,5,1.134901787235707,priority_target,0.16080333478977263,reinforce,3.0,13.0,1.0,3.0,3.0,2.62696480933218,easy_target,0.0,3,False,False,32,230,32,5,76057451,264,0.5764,2,0
20,0,6,1,1.0842248505366303,contested,0.11827240758399181,reinforce,,27.0,1.0,10.0,1.0,0.46042342312164375,contested,0.0,0,True,False,32,461,39,3,76057451,124,0.2707,2,0
0,-1,66,1,-0.8687931267031002,hard_far,0.27887320814880256,neutral,7.0,4.0,2.0,6.0,4.0,0.39805848398405846,periphery,0.12400172731193737,0,True,False,10,1054,10,3,76059391,68,0.6182,4,0
1,1,46,5,1.7331578157150418,priority_target,0.3691757759614441,enemy,4.0,15.0,-1.0,30.0,5.0,2.7850939897773572,priority_target,0.1282417678075745,7,False,False,18,298,30,3,76063562,56,0.2523,4,0
13,3,62,2,-2.155384829862614,periphery,0.5396034399885759,enemy,13.0,26.0,3.0,52.0,4.0,0.9957316517916762,priority_target,0.0,4,False,False,140,551,141,5,76063621,152,0.3046,4,1
38,-1,15,1,,,0.6275635074812332,neutral,,15.0,0.0,754.0,5.0,1.3763505729775005,priority_target,0.07595319018943725,2,False,False,109,5933,109,2,76066636,253,0.9036,4,1
29,-1,23,1,-0.05174345095796436,hard_far,0.3865048001074803,neutral,12.0,1.0,0.0,25.0,3.0,1.711414579518579,priority_target,0.15674240903457867,2,False,False,45,126,45,5,76066636,51,0.1821,4,0
6,1,40,4,1.4788992110766102,frontline,0.22983314169228453,reinforce,,2.0,-1.0,49.0,3.0,0.5675223681011146,easy_target,0.09020583951309054,2,False,False,20,278,20,4,76071073,120,0.9524,2,3
3,3,40,4,0.7008773754701579,periphery,0.3881568481255969,enemy,3.0,22.0,2.0,8.0,1.0,2.556453083653091,easy_target,0.07951231858527552,5,False,False,23,79,23,3,76071285,111,0.681,4,0
9,1,56,4,0.1894559029625238,contested,0.195715032253486,enemy,1.0,9.0,1.0,0.0,4.0,0.1894559029625238,contested,,4,False,True,9,863,20,1,76071285,112,0.6871,4,0
8,0,26,2,0.45086695761033435,frontline,0.5254301883914757,reinforce,,15.0,1.0,54.0,5.0,1.4033239843990388,priority_target,0.0,2,False,False,12,145,12,2,76089271,117,0.7905,2,1
5,0,29,3,-1.2402955360321566,hard_far,0.5609834514171629,enemy,11.0,14.0,0.0,10.0,5.0,1.3948144509840605,priority_target,0.13537435746210566,3,False,False,23,325,24,2,76089271,72,0.4865,2,1
10,-1,45,3,-1.5794980575895803,priority_target,0.4049637588693651,neutral,12.0,23.0,1.0,6.0,3.0,0.7379559376272944,periphery,0.2517958567210414,2,False,False,18,323,18,3,76093064,57,0.4222,2,1
2,1,44,3,2.388578835666686,frontline,0.4698536893535208,enemy,,9.0,-1.0,34.0,1.0,0.19504394593589677,periphery,0.08171389458646036,0,True,False,50,226,50,5,76109496,96,0.2623,2,1
8,-1,74,1,-0.23874957343220043,hard_far,0.504372763300742,neutral,6.0,27.0,0.0,75.0,3.0,1.2513788189456347,priority_target,0.07195661146850016,0,True,False,10,290,10,1,76123767,106,0.4818,4,0
26,1,18,3,5.233462910450679,easy_target,0.39795361726748146,reinforce,1.0,26.0,0.0,6.0,3.0,5.233462910450679,easy_target,,1,False,True,10,77,20,1,76123767,93,0.4227,4,0
10,0,223,5,0.48533337850342767,isolated,0.1616199693204245,reinforce,,,,,,,,,2,False,False,1,4192,4,1,76126831,180,0.9524,4,1
7,2,10,3,1.228214783896854,priority_target,0.14673456025667603,enemy,3.0,19.0,2.0,35.0,4.0,1.8167009178349274,priority_target,0.1240699023409072,0,True,False,33,37,35,3,76132264,113,0.4449,4,0
18,2,22,4,0.08639813735538898,contested,0.09086479191997401,reinforce,,14.0,3.0,7.0,1.0,2.1170629863612027,easy_target,0.09731469674599276,0,True,False,21,68,22,3,76132264,147,0.5787,4,1
34,-1,53,1,,,0.18462058832103306,neutral,,5.0,0.0,122.0,4.0,1.3613144876965482,priority_target,0.0,2,False,False,21,582,29,4,76134185,156,0.3126,4,0
21,0,23,3,0.3772743269846911,contested,0.5975884334687914,enemy,6.0,29.0,0.0,14.0,5.0,2.600162827569422,contested,0.10175133187869906,3,False,False,13,340,13,5,76134185,135,0.2705,4,0
14,1,4,1,-0.10795055299465439,mid,0.3522854784030254,enemy,,3.0,2.0,50.0,5.0,1.7349095292631582,priority_target,0.16570005524942508,2,False,False,12,154,12,1,76140744,85,0.3058,4,0
9,1,152,4,-1.185318907572694,hard_far,0.6053888370850108,enemy,4.0,16.0,1.0,20.0,4.0,0.809826530113996,contested,0.2225962766436921,0,True,False,20,565,70,3,76140744,251,0.9029,4,1
12,2,2,1,-1.0741551921681793,rear,0.2832747924921685,reinforce,,26.0,1.0,0.0,1.0,1.1662900537697305,contested,0.22259627664369208,3,False,False,46,357,47,4,76140744,133,0.4784,4,2
1,3,40,3,0.005789818995727308,frontline,0.6610803189622061,reinforce,,15.0,0.0,51.0,5.0,1.2021745845221614,priority_target,0.07661182826078711,0,True,False,12,435,12,4,76147844,93,0.823,4,0
32,3,18,1,-1.6117609140680726,periphery,0.3782554962103863,enemy,23.0,35.0,2.0,14.0,1.0,2.022423893437923,easy_target,0.08848024986715437,2,False,False,22,197,22,1,76156832,87,0.2597,4,0
9,3,149,3,-0.13690222129151175,bastion,0.2665784021486534,reinforce,,12.0,0.0,53.0,2.0,1.5730813979393443,contested,0.1383901541987191,3,False,False,20,1777,20,2,76157049,240,0.8136,4,0
4,0,32,2,0.3743838684202042,contested,0.412736908093458,enemy,1.0,4.0,0.0,32.0,2.0,0.3743838684202042,contested,,0,True,True,36,327,36,2,76157049,182,0.6169,4,0
11,3,37,4,0.016093488850398296,isolated,0.35732645049281553,enemy,,14.0,1.0,24.0,1.0,2.3322922143584166,contested,0.2708250119682437,2,False,False,108,231,17,5,76161698,124,0.2485,4,0
19,0,86,1,-0.2738025558453171,mid,0.15581453801668682,reinforce,,,,,,,,,0,True,False,3,910,8,1,76176665,138,0.9452,2,11
11,0,131,4,-0.35490419601051315,isolated,0.6038353944561786,reinforce,,,,,,,,,0,True,False,7,792,27,1,76176665,120,0.8219,2,9
9,3,14,4,0.6073100941416127,frontline,0.15174912559227552,reinforce,,1.0,1.0,98.0,5.0,2.571567944780331,priority_target,0.1199894978859573,2,False,False,52,1447,62,5,76195833,143,0.9408,4,0
18,1,17,3,0.21482958634063598,frontline,0.45030959982199387,reinforce,,0.0,-1.0,48.0,2.0,0.8811443430068724,easy_target,0.08606640634155467,7,False,False,60,2758,81,1,76202954,111,0.9407,2,0
16,1,3,3,-0.38538040999756806,isolated,0.12445324212054591,reinforce,,5.0,-1.0,28.0,1.0,0.456343595870916,easy_target,0.07078377987546687,7,False,False,289,2051,386,4,76202954,100,0.8475,2,1
17,3,2,1,-1.2903311475942698,periphery,0.5232325444062117,reinforce,9.0,26.0,0.0,33.0,3.0,1.4602512803298997,easy_target,0.08979068202912077,0,True,False,10,321,17,1,76205493,116,0.5714,4,0
22,2,11,1,1.243705205691663,easy_target,0.30264742503045067,enemy,4.0,1.0,-1.0,67.0,4.0,2.6420994484886284,priority_target,0.17636427964165816,1,False,False,23,56,26,2,76207317,47,0.3672,4,0
26,3,31,1,0.21668902896295925,frontline,0.18685344677995533,reinforce,,19.0,1.0,32.0,1.0,0.3316386861914782,contested,0.06585558735885737,6,False,False,10,2656,218,2,76224773,273,0.5471,4,0
15,3,21,1,-1.4681398810207267,hard_far,0.5992456321897035,enemy,22.0,12.0,3.0,20.0,1.0,2.1050519445463354,priority_target,0.0,5,False,False,19,184,19,1,76224773,113,0.2265,4,1
21,2,12,4,-2.7946316114755327,priority_target,0.5594095693173723,enemy,21.0,8.0,-1.0,74.0,4.0,2.4012762550654316,priority_target,0.10665066634542714,3,False,False,62,125,80,2,76227620,86,0.2945,4,1
31,-1,2,1,,,0.07491219883466826,neutral,,8.0,-1.0,74.0,4.0,2.268698607547794,priority_target,0.12297077389974115,2,False,False,72,187,110,4,76227620,74,0.2534,4,0
4,3,243,5,0.1030426338059208,bastion,0.33107745775512254,reinforce,,8.0,0.0,36.0,2.0,2.680862592530172,easy_target,0.08500926298836234,7,False,False,12,1271,12,1,76240675,157,0.3146,4,1
3,0,52,3,1.6289089000955848,contested,0.6110318948435617,enemy,1.0,3.0,0.0,16.0,3.0,1.6289089000955848,contested,,3,False,True,12,2116,22,2,76240675,284,0.5691,4,3
37,1,11,1,1.0185987397014462,easy_target,0.0691996025264768,enemy,5.0,35.0,2.0,14.0,2.0,2.5557470096053154,easy_target,0.12840236504133717,4,False,False,16,193,32,1,76241304,82,0.2939,4,1
9,0,7,2,-0.2175952183407766,mid,0.13095345192420177,enemy,,1.0,0.0,33.0,5.0,3.2593115734152636,priority_target,0.0,1,False,False,34,87,34,5,76241304,64,0.2294,4,0
32,0,28,4,-0.6204912897991854,priority_target,0.36563246594023124,reinforce,15.0,35.0,1.0,1.0,4.0,2.9135567051977724,easy_target,0.0854467000268015,4,False,False,23,292,35,3,76249460,124,0.6739,2,1
27,1,2,2,-1.0958114107228047,rear,0.07440129615285812,reinforce,,11.0,-1.0,26.0,4.0,1.6210712742077082,priority_target,0.17299665708266523,1,False,False,2,35,2,2,76255902,31,0.1867,2,1
20,0,34,2,-0.3977088881109172,mid,0.6130461001258801,reinforce,,,,,,,,,4,False,False,412,1830,413,5,76257210,152,0.7525,4,3
28,0,5,2,-0.15374084851709427,frontline,0.15386085360796561,reinforce,,,,,,,,,5,False,False,58,1881,59,5,76257210,157,0.7772,4,3
15,0,82,2,-0.2740653627748097,bastion,0.0753305323484281,reinforce,,21.0,-1.0,24.0,2.0,0.9494193956436414,priority_target,0.08486528612372458,0,True,False,10,452,20,2,76259847,73,0.3578,2,1
14,0,12,2,-0.3167224658462692,periphery,0.5563128181974336,enemy,14.0,30.0,0.0,25.0,3.0,2.989238241994676,priority_target,0.07951425022126683,2,False,False,4,148,4,2,76259847,163,0.799,2,1
23,1,11,1,0.356601952706212,frontline,0.1989891528663818,reinforce,,7.0,3.0,9.0,3.0,2.1013147280382585,priority_target,0.0,0,True,False,11,282,42,5,76276130,173,0.3467,4,1
5,1,6,3,0.793984696737388,periphery,0.4844706268389155,enemy,3.0,0.0,3.0,81.0,5.0,1.5115057786344372,priority_target,0.08394054593531101,5,False,False,13,325,46,3,76276130,211,0.4228,4,0
6,-1,5,4,1.9024521101915168,easy_target,0.23644007175806173,neutral,1.0,6.0,-1.0,5.0,4.0,1.9024521101915168,easy_target,,2,False,True,6,19,6,5,76281340,15,0.0711,4,0
3,1,1,3,0.756086659129904,easy_target,0.13404962742852447,enemy,2.0,20.0,1.0,5.0,5.0,3.119142758101127,contested,0.11487380544239058,2,False,False,32,702,40,5,76293330,93,0.5602,4,3
22,3,9,1,-0.11604657967515775,frontline,0.5841022177969021,reinforce,,0.0,1.0,177.0,5.0,0.3720001258155782,priority_target,0.08155154488458025,0,True,False,15,398,15,5,76296024,283,0.8899,4,0
6,3,8,4,1.5684484021718386,easy_target,0.3061054527446368,enemy,3.0,2.0,3.0,40.0,5.0,2.741841904848196,easy_target,0.11642922435662711,2,False,False,6,122,6,4,76296024,134,0.4214,4,1
3,3,5,5,0.4027238134305884,isolated,0.682975016336386,reinforce,,,,,,,,,0,True,False,15,2028,15,5,76296024,313,0.9843,4,1
11,1,22,2,-1.0701410328424392,rear,0.4944788861505669,reinforce,,18.0,0.0,14.0,4.0,1.9167190673434016,contested,0.14182799424862116,0,True,False,14,407,24,2,76312376,75,0.6148,2,1
22,-1,21,5,1.9236180893230852,priority_target,0.2513757844084037,neutral,2.0,1.0,-1.0,6.0,4.0,2.110787882130978,contested,0.2028617573536601,2,False,False,22,134,26,5,76319914,39,0.3333,2,0
9,-1,50,1,-1.3655242322632406,rear,0.1321530140854658,neutral,,12.0,1.0,96.0,5.0,2.8670351088358874,priority_target,0.0,1,False,False,7,615,13,5,76319914,93,0.7949,2,6
1,0,7,4,0.14380437891430858,isolated,0.6774583246649687,reinforce,,12.0,1.0,96.0,5.0,2.5833193940558337,priority_target,0.0,3,False,False,16,488,17,4,76319914,90,0.7692,2,4
17,1,18,1,-1.77724535630239,periphery,0.4064408891501007,enemy,15.0,19.0,-1.0,27.0,1.0,0.8763998632236103,priority_target,0.09868156671154434,4,False,False,58,165,59,4,76334869,28,0.1129,4,0
17,1,21,1,0.18108362224973218,contested,0.4980429258463277,reinforce,,12.0,0.0,149.0,5.0,1.695718531495163,priority_target,0.11488783135562222,1,False,False,43,193,44,5,76353192,59,0.285,2,0
4,0,7,2,-0.7376320794866663,isolated,0.11446246637454253,reinforce,,12.0,1.0,23.0,5.0,1.5623429566984512,contested,0.14553030513078705,1,False,False,5,241,5,5,76353192,154,0.744,2,3
10,0,54,3,-0.7612339193203319,periphery,0.1940893927952962,reinforce,5.0,9.0,1.0,1.0,3.0,2.9333064676128764,easy_target,0.0,0,True,False,20,300,69,5,76354266,95,0.4634,2,0
27,3,0,5,0.43639140610471716,mid,0.6347108906421007,enemy,,,,,,,,,2,False,False,18,598,26,2,76358451,153,0.827,4,6
17,2,23,4,0.10037049489738384,mid,0.2644483443221338,reinforce,,11.0,3.0,32.0,3.0,1.3967696107404068,easy_target,0.1233174652385877,2,False,False,11,487,17,5,76358451,151,0.8162,4,6
27,3,31,5,0.6483696199357584,priority_target,0.21070046649461657,enemy,6.0,26.0,2.0,2.0,5.0,2.547684107204337,easy_target,0.2970362902239138,1,False,False,87,154,62,4,76358451,61,0.3297,4,1
6,3,60,2,-0.6456709018965581,contested,0.6207579376851183,enemy,9.0,24.0,3.0,14.0,5.0,2.027719200989251,easy_target,0.08510238901415709,1,False,False,34,214,34,3,76358451,101,0.5459,4,1
11,3,30,3,0.08964686636130512,periphery,0.22574097841749352,reinforce,11.0,22.0,2.0,42.0,5.0,2.7412370403910673,priority_target,0.12146047901755806,6,False,False,16,207,40,5,76358451,133,0.7189,4,0
22,3,117,3,-0.7975196192918825,bastion,0.2171418674997614,reinforce,,12.0,2.0,46.0,5.0,1.6753359338516849,priority_target,0.12223265632205471,3,False,False,61,716,61,1,76359751,139,0.4225,4,0
9,2,61,1,-0.22675133675690778,frontline,0.18730721728148794,reinforce,,19.0,3.0,20.0,1.0,1.7912265321202616,easy_target,0.06984819539769836,2,False,False,28,1051,91,5,76359751,228,0.693,4,0
14,0,21,3,-0.5499360004406467,bastion,0.29280355188291163,reinforce,,15.0,1.0,95.0,3.0,1.1893206072212377,priority_target,0.10553277978390611,4,False,False,13,248,13,4,76360514,86,0.5584,2,1
11,3,8,4,-0.7587374091443669,bastion,0.0950986500370668,reinforce,,2.0,-1.0,62.0,4.0,2.3364414666191453,priority_target,0.18700961310130468,8,False,False,2,159,2,2,76395944,51,0.1022,4,1
25,1,29,3,-1.2477665323376805,rear,0.08983152034092844,reinforce,,17.0,3.0,59.0,5.0,0.8755928580762301,priority_target,0.2420327442110939,3,False,False,4,280,18,4,76395944,75,0.1503,4,3
17,0,5,5,1.9875311526937112,easy_target,0.18577282372192655,enemy,3.0,12.0,0.0,9.0,3.0,3.9209306298491136,easy_target,0.08348740006090002,1,False,False,23,104,36,3,76404318,53,0.2246,4,0
3,-1,47,5,0.8381221185143544,priority_target,0.2623664352777778,neutral,6.0,14.0,2.0,68.0,4.0,2.616682716390357,priority_target,0.12863953402960637,1,False,False,3,92,3,1,76404703,45,0.2419,4,0
8,-1,37,1,-1.570150639568241,hard_far,0.5719762219390693,neutral,13.0,14.0,-1.0,8.0,1.0,1.2006670064040856,easy_target,0.3158481948092994,1,False,False,12,44,12,2,76416544,43,0.1784,4,0
31,2,34,1,-2.077109316957712,periphery,0.5198441818707148,enemy,26.0,28.0,3.0,2.0,1.0,3.5132245246699467,easy_target,0.0,4,False,False,1,139,1,1,76417215,88,0.5432,4,1
9,1,142,4,0.01850718282031033,frontline,0.16719923194240166,reinforce,,1.0,0.0,155.0,4.0,1.1951057092298978,priority_target,0.13339032784541432,3,False,False,49,908,110,4,76421250,194,0.8981,2,8
2,0,27,4,1.3865822858140167,priority_target,0.09194982277736413,enemy,1.0,2.0,0.0,84.0,4.0,1.3865822858140167,priority_target,,4,False,True,36,459,48,5,76421250,72,0.3333,2,0
18,1,56,5,0.5177665877843439,priority_target,0.5184206017128444,enemy,4.0,16.0,3.0,89.0,5.0,1.0671518871680852,priority_target,0.21786789406297716,2,False,False,18,199,33,5,76435455,76,0.322,4,0
1,1,16,1,-0.5398640518664937,isolated,0.1375417247065293,reinforce,,,,,,,,,0,True,False,11,537,16,1,76453508,119,0.8686,2,5
9,1,25,5,2.1628900481448547,easy_target,0.1259295888770328,reinforce,1.0,9.0,3.0,1.0,5.0,2.1628900481448547,easy_target,,1,False,True,13,65,13,1,76475049,58,0.2974,4,0
22,0,53,5,0.495478236151918,priority_target,0.49564950290477383,enemy,3.0,23.0,0.0,43.0,5.0,3.861734995500048,easy_target,0.0,1,False,False,111,353,111,3,76475658,42,0.3307,4,0
16,0,26,2,0.8312335977468646,contested,0.1780022980141987,enemy,2.0,14.0,2.0,12.0,2.0,1.355026857438606,contested,0.25547468325702977,0,True,False,72,283,76,5,76480597,46,0.3286,4,0
19,3,16,1,0.6928068973940724,contested,0.024120728601473077,enemy,3.0,8.0,0.0,48.0,3.0,1.4382865895550208,contested,0.16016949023976923,5,False,False,1,497,1,1,76483783,483,0.9679,4,1
17,3,17,1,-1.733213996056735,periphery,0.41861900478353486,enemy,13.0,23.0,3.0,144.0,1.0,0.7732101165142182,contested,0.0,0,True,False,71,559,71,4,76483783,321,0.6433,4,0
33,-1,25,1,-1.1195236596859577,periphery,0.35692568194705665,neutral,20.0,31.0,0.0,4.0,2.0,3.2014020472711144,easy_target,0.2255557033081995,2,False,False,16,195,19,3,76501532,117,0.6062,2,1
15,-1,7,1,-1.6641895370235715,contested,0.38584458073762296,neutral,12.0,12.0,0.0,1.0,1.0,1.7732683361767863,easy_target,0.3437398211847565,0,True,False,11,96,16,4,76510627,47,0.178,4,0
17,3,37,3,-0.0848711428280418,mid,0.2834529567032159,reinforce,,,,,,,,,0,True,False,12,554,18,4,76510627,232,0.8788,4,2
10,2,5,5,0.6249708179225963,contested,0.19448913249292846,enemy,5.0,9.0,2.0,1.0,5.0,0.9865435467919668,easy_target,0.19448913249292835,4,False,False,59,418,70,1,76510627,184,0.697,4,1
5,1,8,4,-0.17370709205920964,periphery,0.5067585616696239,enemy,6.0,12.0,0.0,30.0,1.0,1.8127609291995528,contested,0.11724293331109197,2,False,False,5,124,35,3,76510627,65,0.2462,4,0
1,1,12,4,0.3004182359629046,periphery,0.402819233558736,enemy,3.0,5.0,0.0,27.0,4.0,1.1544392412965998,contested,0.0,0,True,False,22,252,23,3,76510627,99,0.375,4,0
12,1,3,3,-0.14266040717536255,mid,0.10130901499052633,reinforce,,,,,,,,,0,True,False,6,224,6,5,76527854,117,0.7852,2,27
24,1,8,1,-0.06361713099248772,mid,0.5928676015785515,reinforce,,,,,,,,,0,True,False,46,709,46,1,76527854,139,0.9329,2,4
0,1,12,1,-0.47758396239095885,frontline,0.16841744963718958,reinforce,,,,,,,,,0,True,False,11,614,11,5,76527854,145,0.9732,2,19
0,-1,24,1,-0.8580826593853744,periphery,0.21479498602306352,neutral,3.0,19.0,0.0,206.0,5.0,0.8373927531944592,priority_target,0.09150745797023273,0,True,False,9,149,9,2,76527854,96,0.6443,2,15
23,1,2,2,0.24477466658664881,mid,0.4128045687415707,reinforce,,,,,,,,,0,True,False,15,677,15,1,76527854,131,0.8792,2,1
4,-1,35,1,-0.5317561222450631,frontline,0.5280470033115253,neutral,,23.0,0.0,53.0,2.0,3.0857617889628313,contested,0.0,1,False,False,1,371,1,1,76527854,108,0.7248,2,2
16,2,26,2,0.21891450588063133,contested,0.4925447253152695,enemy,1.0,16.0,2.0,140.0,2.0,0.21891450588063133,contested,,0,True,True,3,572,26,3,76538658,200,0.7692,4,2
0,0,100,3,-0.2579945615784278,contested,0.08018462061909136,enemy,3.0,18.0,2.0,94.0,2.0,0.6079069653929053,contested,0.08514492921046653,2,False,False,1,620,2,2,76538658,222,0.8538,4,12
5,0,94,4,4.593441156254254,priority_target,0.1641144411745954,enemy,1.0,5.0,0.0,143.0,4.0,4.593441156254254,priority_target,,3,False,True,1,618,236,3,76538658,145,0.5577,4,1
5,3,197,4,3.3047944551337722,priority_target,0.08483720214010214,enemy,1.0,5.0,3.0,310.0,4.0,3.3047944551337722,priority_target,,5,False,True,1,476,205,2,76538658,182,0.7,4,2
26,3,45,3,0.00593570017989177,mid,0.34645055955536325,reinforce,,,,,,,,,2,False,False,3,1052,5,2,76538658,259,0.9962,4,8
1,2,15,3,2.2832096619934417,priority_target,0.08018462061909136,enemy,2.0,5.0,3.0,173.0,4.0,4.298169958615389,priority_target,0.08483720214010214,0,True,False,1,53,53,2,76538658,203,0.7808,4,0
21,1,183,2,-0.4005032359610232,hard_far,0.08483720214010214,enemy,3.0,18.0,2.0,38.0,2.0,0.33825645561601314,contested,0.08514492921046651,3,False,False,13,465,13,4,76538658,197,0.7577,4,5
30,0,33,2,-0.29695174062007423,isolated,0.4076785820946364,reinforce,,,,,,,,,0,True,False,38,281,38,2,76632857,145,0.9603,4,2
0,3,299,4,-0.5253890638314023,bastion,0.43413688153276336,reinforce,,10.0,-1.0,40.0,1.0,0.6437939717856943,easy_target,0.10991906646760524,5,False,False,27,3998,36,2,76638881,195,0.9559,4,2
19,3,40,5,-1.477895592398641,priority_target,0.6169730397003993,enemy,26.0,9.0,-1.0,40.0,1.0,2.4551306613107666,priority_target,0.13340236065928862,0,True,False,5,45,5,1,76638881,57,0.2794,4,2
0,3,244,4,-0.5115458162764945,bastion,0.0822121402097353,reinforce,,10.0,-1.0,40.0,1.0,0.669969017482593,easy_target,0.09855585419313206,6,False,False,2,3379,2,1,76638881,188,0.9216,4,0
8,-1,40,1,0.02538673996742008,hard_far,0.3335484043267871,neutral,9.0,22.0,2.0,10.0,2.0,2.255311850559403,easy_target,0.06951488327964697,3,False,False,5,129,5,2,76638881,81,0.3971,4,2
20,2,1,1,1.3826195338231266,easy_target,0.09478915644580894,reinforce,3.0,13.0,1.0,88.0,5.0,2.1535822342732436,priority_target,0.16468821103563147,3,False,False,15,358,136,5,76657754,82,0.4039,4,0
11,1,26,2,1.362549671186038,contested,0.16820878504041162,reinforce,4.0,19.0,0.0,11.0,5.0,3.1223240855559506,priority_target,0.2568584954053948,4,False,False,34,224,143,5,76686494,126,0.5575,4,2
7,2,43,4,-0.31100464867094724,isolated,0.25940353353805606,reinforce,,20.0,1.0,36.0,3.0,1.2031048410719025,priority_target,0.09592976315155181,0,True,False,26,210,26,5,76744055,87,0.4628,4,2
