uuid,numeric
16ea9dfc-3fa5-11f1-84c9-0242ac130203,75368665
858ca536-3fb2-11f1-9a86-0242ac130202,75372144
31990030-3fb4-11f1-bf30-0242ac130204,75372594
3f05205a-3fbe-11f1-b485-0242ac130202,75375338
d95ef318-402e-11f1-b781-0242ac130202,75398399
f92b5c0a-4258-11f1-83ce-0242ac130204,75556366
88f49bd0-4259-11f1-aeaf-0242ac130202,75556510
7699d2ae-425c-11f1-bc34-0242ac130203,75557254
ef36b886-4265-11f1-94ff-0242ac130203,75560041
5948c3dc-429c-11f1-887f-0242ac130203,75571862
7a1616b0-434a-11f1-89c6-0242ac130203,75608555
972edb6a-434f-11f1-97d2-0242ac130206,75610004
b94f3a56-4362-11f1-bf7f-0242ac130202,75614274
147b7366-4374-11f1-ab7d-0242ac130205,75618884
30195b56-438d-11f1-af70-0242ac130203,75624437
8e9820d0-43b6-11f1-97c0-0242ac130202,75632972
c775a38c-43de-11f1-88da-0242ac130203,75641715
5d7ef176-43df-11f1-945d-0242ac130206,75641802
265abe84-43e2-11f1-900f-0242ac130202,75642437
03eda8aa-43f3-11f1-9159-0242ac130205,75645971
9b6dbfc6-43fd-11f1-92fd-0242ac130204,75648312
f3a64698-43ff-11f1-8cb6-0242ac130204,75648785
37344ae8-4402-11f1-b1b8-0242ac130202,75649223
6f7ea20c-4404-11f1-a38c-0242ac130204,75649677
d693255a-4416-11f1-9571-0242ac130202,75653592
fac531e2-4417-11f1-9731-0242ac130202,75653796
23929f30-444d-11f1-84ef-0242ac130202,75665474
afaa8460-444d-11f1-929d-0242ac130206,75665680
db30a268-446b-11f1-ad3a-0242ac130203,75672648
d031d5ea-4474-11f1-9e1f-0242ac130204,75674654
24ccfe48-4486-11f1-b970-0242ac130203,75678738
b72a2b4e-4486-11f1-ba1c-0242ac130204,75678884
4140f2e6-4495-11f1-98b3-0242ac130202,75681966
5f2afc74-4496-11f1-9003-0242ac130204,75682275
963098ee-4498-11f1-8231-0242ac130203,75682823
9dea8752-449d-11f1-9bbf-0242ac130203,75684015
346e6928-44c1-11f1-bd54-0242ac130203,75692201
5a482d9a-44c7-11f1-82e8-0242ac130205,75693268
f1a82adc-44c7-11f1-91f7-0242ac130205,75693368
915e4790-44d3-11f1-8161-0242ac130202,75696094
d818791a-44d5-11f1-be89-0242ac130205,75696709
09d31436-44d8-11f1-b88a-0242ac130202,75697081
290a909e-44d9-11f1-9f9e-0242ac130206,75697366
b63a3d8e-44d9-11f1-b114-0242ac130202,75697432
80f798e4-44dc-11f1-8fae-0242ac130203,75698121
9431b9f8-44e1-11f1-96f3-0242ac130206,75699482
ae471954-44e2-11f1-aea1-0242ac130202,75699913
398c67ee-44e3-11f1-815f-0242ac130203,75700277
0d0404ae-44e6-11f1-b854-0242ac130203,75701419
49a64c4e-44e8-11f1-b658-0242ac130203,75701856
ba6341b4-44fa-11f1-9200-0242ac130204,75706370
5f3d39ec-450a-11f1-a4cb-0242ac130205,75709643
3106f13c-450d-11f1-9317-0242ac130202,75710307
991c7b9a-451f-11f1-9f27-0242ac130206,75714286
c7c41ee8-452a-11f1-9140-0242ac130203,75716279
9edd2986-4532-11f1-b2d7-0242ac130202,75717722
9e65db50-457e-11f1-a252-0242ac130204,75731565
c15c8f5e-4589-11f1-ba2f-0242ac130203,75733699
46fd7d40-4598-11f1-8e80-0242ac130202,75736695
7543c924-459e-11f1-94ca-0242ac130205,75738228
1a39d87e-45b3-11f1-8122-0242ac130203,75743036
0c37ef4c-45cf-11f1-947d-0242ac130204,75749145
21c51c3c-45ec-11f1-8b20-0242ac130203,75755341
1b568c20-460d-11f1-8edc-0242ac130203,75760975
a75e67ba-460d-11f1-bc2b-0242ac130203,75761040
ff20198a-4644-11f1-bd95-0242ac130206,75773401
453cba66-4651-11f1-8501-0242ac130204,75776178
d4120002-4651-11f1-9ad6-0242ac130202,75776353
2e1e280c-4655-11f1-b3b3-0242ac130206,75777084
de1e36b0-4656-11f1-8aff-0242ac130202,75777398
c83bbb16-465a-11f1-b8dc-0242ac130204,75778169
eb738216-465b-11f1-8816-0242ac130202,75778542
1e749c20-465e-11f1-85b0-0242ac130202,75778962
878c826a-466b-11f1-afb9-0242ac130204,75781174
19e0d04e-466c-11f1-a735-0242ac130203,75781277
cc47f168-4676-11f1-a361-0242ac130203,75783574
5b659256-4677-11f1-a800-0242ac130204,75783641
b789c856-467a-11f1-ba07-0242ac130202,75784201
44b9a8f4-4680-11f1-bf18-0242ac130203,75785726
daf0d1a8-4685-11f1-b941-0242ac130204,75787078
6a9496c4-468f-11f1-a584-0242ac130206,75789044
5af156ea-469d-11f1-b71d-0242ac130202,75791936
b51ee99a-46a0-11f1-861b-0242ac130204,75792704
312c721a-46aa-11f1-8f82-0242ac130203,75794847
e71ef254-46b0-11f1-9797-0242ac130202,75796408
5cecf0f4-46b5-11f1-8577-0242ac130202,75797343
d20e287c-46b9-11f1-9782-0242ac130203,75798580
89a690d6-46bb-11f1-8f13-0242ac130203,75798980
892adf18-46c0-11f1-a196-0242ac130202,75800164
a7354f0e-46fa-11f1-9438-0242ac130205,75811302
adef9d7c-46fa-11f1-a1c0-0242ac130204,75811319
ce25c912-46fb-11f1-a9b0-0242ac130202,75811544
56abfa68-46fc-11f1-9c4e-0242ac130203,75811657
7210e84e-46fd-11f1-be34-0242ac130202,75811794
cdc1e622-4700-11f1-9354-0242ac130203,75812685
0c21f16c-4703-11f1-bcd9-0242ac130205,75813131
965c3a04-4703-11f1-8f10-0242ac130203,75813241
7e3cd692-470b-11f1-9a3d-0242ac130202,75815070
1c19ab32-470d-11f1-bb75-0242ac130204,75815433
16b84cfc-470d-11f1-ba78-0242ac130203,75815465
066f9c84-4711-11f1-b795-0242ac130203,75816344
b78b2c8a-4712-11f1-a3a5-0242ac130203,75816639
94bf41ac-471a-11f1-8975-0242ac130203,75818582
ddbbfdb2-4721-11f1-bb5a-0242ac130206,75820022
1bbb57dc-4724-11f1-9221-0242ac130204,75820420
5d5931c6-472b-11f1-8774-0242ac130206,75822007
e7ed4b2e-472b-11f1-90e9-0242ac130203,75822068
ce43f232-472f-11f1-88e9-0242ac130203,75823093
c12a380a-4738-11f1-9301-0242ac130204,75825240
4efef29c-4739-11f1-83ec-0242ac130204,75825491
4722b046-473d-11f1-afef-0242ac130205,75826365
57db6a76-473e-11f1-a7bc-0242ac130204,75826720
911d9136-4740-11f1-bb8e-0242ac130202,75827029
d43da62a-4742-11f1-9ac3-0242ac130205,75827649
11968c24-474a-11f1-95f0-0242ac130204,75828924
cc638d44-474b-11f1-b19f-0242ac130204,75829171
3aaa2c88-4768-11f1-bbf9-0242ac130203,75835292
651b9ec4-476e-11f1-801d-0242ac130202,75836803
af7ee870-4770-11f1-901a-0242ac130203,75837587
9e5cd96c-4770-11f1-9359-0242ac130203,75837588
4d05d8a0-4772-11f1-873d-0242ac130205,75838010
7ba3c0b8-477d-11f1-8b34-0242ac130203,75840329
7db1df84-477d-11f1-bfb8-0242ac130203,75840368
23206cba-478d-11f1-93c8-0242ac130202,75843788
454937ee-478e-11f1-b5b0-0242ac130206,75843963
4789a7b0-4797-11f1-9053-0242ac130203,75845040
c888b3ce-4797-11f1-ac61-0242ac130204,75845161
55906d70-4798-11f1-bcfa-0242ac130204,75845337
923ee4a2-479a-11f1-be94-0242ac130206,75845704
d2cb0e5e-47a1-11f1-be36-0242ac130205,75847145
675a8b30-47a7-11f1-98e0-0242ac130202,75848499
a79541e8-47ae-11f1-8281-0242ac130202,75850159
a678620e-47ae-11f1-8623-0242ac130204,75850258
59004eea-47b0-11f1-82be-0242ac130203,75850508
938adba0-47b2-11f1-897b-0242ac130203,75851051
26893c62-47b3-11f1-85c3-0242ac130204,75851214
0cb19984-47b7-11f1-a76a-0242ac130203,75851849
2c5ecbca-47b8-11f1-9c83-0242ac130202,75852143
4ef149d2-47b9-11f1-b551-0242ac130205,75852471
c36d0d06-47bd-11f1-a439-0242ac130206,75853717
e396e6be-47be-11f1-849f-0242ac130203,75853843
6f308298-47bf-11f1-bce6-0242ac130203,75854043
a8fa9f3e-47c1-11f1-b533-0242ac130206,75854436
59b40436-47c3-11f1-9c70-0242ac130202,75854766
73becd24-47c4-11f1-82f2-0242ac130202,75854976
0432fca4-47c5-11f1-a84e-0242ac130204,75855112
b19ab778-47c6-11f1-9bcd-0242ac130203,75855494
ee9d59c6-47c8-11f1-9314-0242ac130203,75856083
0809d938-47ca-11f1-aac9-0242ac130203,75856289
e5d7ab80-47cc-11f1-9926-0242ac130203,75856880
e0927bbe-47d1-11f1-8792-0242ac130203,75858039
6c111bb0-47d6-11f1-9772-0242ac130205,75859612
f9666d08-47e0-11f1-8c11-0242ac130206,75862353
939b529e-47e1-11f1-b472-0242ac130202,75862477
2b3cb188-47e2-11f1-b936-0242ac130203,75862678
d431e9b0-47e3-11f1-b4dc-0242ac130206,75863121
db56e7a4-47e3-11f1-a22e-0242ac130202,75863142
aad6f3e0-47e7-11f1-b5f7-0242ac130204,75864159
0bed64b8-47eb-11f1-b3aa-0242ac130206,75864891
03c9c448-47eb-11f1-92ca-0242ac130204,75864911
bcea74c6-47ec-11f1-aed3-0242ac130205,75865456
0f38f52e-47f0-11f1-b75f-0242ac130202,75866275
d942b8a8-47f2-11f1-b0e7-0242ac130204,75867151
e44c6e1a-47fc-11f1-8ca9-0242ac130203,75870117
38afccfc-4809-11f1-9c58-0242ac130202,75872623
2ad6238e-4812-11f1-9b17-0242ac130204,75874543
36bf54ae-4817-11f1-8fd6-0242ac130204,75875734
1f98de72-4820-11f1-a11d-0242ac130202,75877534
ce48c832-4821-11f1-9b22-0242ac130203,75878390
7fa4006e-4823-11f1-af7e-0242ac130204,75880085
e5257582-4826-11f1-83b2-0242ac130204,75882192
13e9f842-4850-11f1-a7e3-0242ac130203,75886361
34e9d2dc-4856-11f1-ac97-0242ac130203,75888085
336156a6-4856-11f1-b119-0242ac130204,75888091
c918d386-4856-11f1-9721-0242ac130203,75888282
470f0900-4860-11f1-8307-0242ac130203,75890927
4461acf8-4860-11f1-b53f-0242ac130203,75890977
42fdd72e-4860-11f1-b635-0242ac130203,75890978
d63f55f8-4860-11f1-a927-0242ac130204,75891081
851a29c6-4862-11f1-afa9-0242ac130203,75891671
8472a11a-4862-11f1-a717-0242ac130203,75891694
bd6c8d94-4864-11f1-a6fe-0242ac130203,75892238
dc5aaaa0-4865-11f1-af86-0242ac130204,75892635
52a5ed34-486e-11f1-9d13-0242ac130203,75895003
ca77674e-4872-11f1-a6a4-0242ac130204,75896280
00d771f6-4875-11f1-94b1-0242ac130203,75896918
ac2ac660-4876-11f1-8a7f-0242ac130203,75897382
083841c8-487a-11f1-834a-0242ac130203,75898362
9c61ef48-487a-11f1-b875-0242ac130202,75898624
fa4b313e-487d-11f1-ba04-0242ac130204,75899584
12b57f12-487f-11f1-a2e4-0242ac130203,75899927
a2e528da-487f-11f1-a7db-0242ac130202,75900177
32f45478-4880-11f1-96ca-0242ac130203,75900368
0492c8b4-4888-11f1-873d-0242ac130204,75902356
3fee8a22-488a-11f1-b543-0242ac130203,75902962
bac20ed2-488e-11f1-b66d-0242ac130206,75904310
c3ffe73a-4893-11f1-b5cc-0242ac130205,75905571
da449620-4894-11f1-acf0-0242ac130204,75905839
5cda6b9c-4899-11f1-92a3-0242ac130203,75907512
9ac96b30-489c-11f1-8c9d-0242ac130204,75908481
219617ee-489d-11f1-8b79-0242ac130202,75908621
4586b95a-489e-11f1-96f7-0242ac130204,75909283
6087ba64-489f-11f1-8ff9-0242ac130204,75909571
7a62077c-48a0-11f1-bdfe-0242ac130204,75909889
08686d36-48a1-11f1-9855-0242ac130205,75910069
0a694cfe-48a1-11f1-98ae-0242ac130205,75910097
b55b94cc-48a2-11f1-8e3a-0242ac130202,75910559
f9095eaa-48a4-11f1-8d9f-0242ac130206,75911154
a3e03ffa-48a6-11f1-891b-0242ac130203,75911542
c0bae174-48a7-11f1-b5ba-0242ac130202,75911938
1a5a636e-48ab-11f1-bc08-0242ac130202,75912766
ddf96390-48b2-11f1-a961-0242ac130202,75914931
6deea028-48b3-11f1-bd19-0242ac130202,75915235
1b9f7f20-48bf-11f1-914c-0242ac130203,75918336
b9ae51c8-48c4-11f1-a7f4-0242ac130203,75920012
63a929a4-48c6-11f1-8772-0242ac130204,75920471
2d731ea6-48c8-11f1-a165-0242ac130204,75921008
68320e56-48ca-11f1-a583-0242ac130202,75921657
647d6e2c-48ca-11f1-b48d-0242ac130204,75921661
00c0e37c-48cb-11f1-b8ac-0242ac130204,75921861
017142a8-48d0-11f1-adcf-0242ac130203,75923421
961fbb12-48d2-11f1-a8a1-0242ac130203,75923998
3c6fd876-48d3-11f1-bc45-0242ac130206,75924157
43656286-48d3-11f1-a5e5-0242ac130204,75924167
d857cf72-48d4-11f1-b3df-0242ac130202,75924823
f42d712e-48d5-11f1-8a84-0242ac130204,75925168
4eefb2a4-48d9-11f1-9d64-0242ac130202,75926154
ac7e90ea-48dc-11f1-9f47-0242ac130203,75927019
3898ebca-48dd-11f1-9d3f-0242ac130204,75927245
c8bf87a4-48dd-11f1-aca8-0242ac130206,75927335
c3717c30-48dd-11f1-9bec-0242ac130205,75927373
ca5ecc00-48dd-11f1-bdaf-0242ac130206,75927389
e3df64a4-48de-11f1-9e29-0242ac130203,75927660
7614ce5e-48df-11f1-b240-0242ac130204,75927875
9cc98c50-48e0-11f1-80f1-0242ac130203,75928348
1a3531c6-48e1-11f1-8933-0242ac130202,75928517
b0fe9d90-48e1-11f1-806b-0242ac130203,75928760
0a077206-48e5-11f1-b718-0242ac130202,75929958
b47b3780-48e6-11f1-ae89-0242ac130204,75930440
b57e4190-48e6-11f1-8390-0242ac130203,75930516
482644ac-48e7-11f1-9cd2-0242ac130202,75930627
45bd6862-48e7-11f1-8c05-0242ac130203,75930684
e08a21fa-48f1-11f1-a249-0242ac130206,75934343
d4762838-48f5-11f1-a503-0242ac130206,75935643
96cf0d94-48f8-11f1-99a2-0242ac130203,75936669
48a863e8-48fa-11f1-aa2d-0242ac130204,75937328
666c9cfe-48fb-11f1-9619-0242ac130204,75937738
7ed6958c-48fc-11f1-8d7d-0242ac130204,75938056
7dd3bdd6-48fc-11f1-83a4-0242ac130202,75938189
4b874a16-48ff-11f1-aa4c-0242ac130203,75939046
5416d7c8-4904-11f1-97ca-0242ac130203,75940913
e7ac7254-4904-11f1-8bcb-0242ac130203,75941101
ae8354d6-4907-11f1-b32a-0242ac130203,75941873
3c3de3b8-4908-11f1-a7ee-0242ac130202,75942176
cb737890-4908-11f1-b849-0242ac130204,75942366
7f3978a6-490a-11f1-8841-0242ac130206,75943024
0937d1ce-490b-11f1-97c0-0242ac130204,75943167
b61b1cec-490c-11f1-9486-0242ac130203,75943919
e79750a0-4917-11f1-ab28-0242ac130204,75947221
b4cb4a3e-491a-11f1-a3cc-0242ac130202,75947997
6f50a9b6-4926-11f1-8632-0242ac130204,75951597
ef61c0b4-492a-11f1-ab1c-0242ac130204,75952877
23726d0c-492d-11f1-be98-0242ac130203,75953448
cdd2c584-492e-11f1-82d9-0242ac130204,75953848
f2abced6-4934-11f1-8bea-0242ac130203,75955697
85ab6160-4935-11f1-9e34-0242ac130202,75955828
4d828946-4938-11f1-8623-0242ac130203,75956569
1b8c1242-493b-11f1-aa21-0242ac130206,75957576
1b80d26a-493b-11f1-a6d0-0242ac130205,75957597
35333062-493c-11f1-84a9-0242ac130204,75957995
574ec336-493d-11f1-bb51-0242ac130204,75958272
1c5ddafc-4940-11f1-a5ae-0242ac130203,75959127
b1e9fb1e-4940-11f1-85ae-0242ac130202,75959329
4c9e7f72-4941-11f1-8327-0242ac130205,75959429
3e8db0b6-494f-11f1-9105-0242ac130206,75963673
c42dabae-494f-11f1-b6ef-0242ac130206,75963835
ceaa99d4-494f-11f1-b09f-0242ac130203,75963839
506903e8-4950-11f1-a2c3-0242ac130203,75963975
786405b8-4951-11f1-9492-0242ac130204,75964397
9691e07c-4952-11f1-9d50-0242ac130206,75964594
aa7b9b0e-4953-11f1-be89-0242ac130204,75964932
f6363f02-495a-11f1-bc92-0242ac130205,75967247
e0add416-4963-11f1-a1ba-0242ac130203,75969960
fd8cbb0a-4964-11f1-b463-0242ac130203,75970255
ff3bde9a-4964-11f1-94bd-0242ac130204,75970330
234a4f0a-4966-11f1-894c-0242ac130204,75970563
cf5ad62e-496c-11f1-bb36-0242ac130204,75972657
649e88d4-496d-11f1-b92f-0242ac130204,75972841
93e4f334-4973-11f1-b345-0242ac130205,75974716
91171678-4978-11f1-9173-0242ac130204,75976337
ac91677c-4983-11f1-98a8-0242ac130204,75979513
37f3c51c-4993-11f1-a311-0242ac130203,75984949
f8065580-499e-11f1-bdf1-0242ac130205,75991087
b1640fd0-49aa-11f1-aa89-0242ac130203,75994516
63aef578-49ac-11f1-b0b1-0242ac130203,75995072
7e1d21ae-49ad-11f1-9b0c-0242ac130203,75995342
a36143e0-49ae-11f1-ad16-0242ac130203,75995655
ad0ca6aa-49b3-11f1-bba8-0242ac130203,75996990
c5431834-49b4-11f1-91e7-0242ac130203,75997234
e23c4ca2-49b5-11f1-a83e-0242ac130203,75997519
192a1904-49b8-11f1-b0e2-0242ac130203,75998277
4336973a-49b9-11f1-a906-0242ac130206,75998641
ce078c8e-49b9-11f1-a4f3-0242ac130203,75998767
b14e6da2-49bd-11f1-8156-0242ac130202,75999774
058fed4e-49ca-11f1-b1f4-0242ac130205,76003630
7e509ad6-49ce-11f1-a10a-0242ac130205,76004820
2c9ea812-49e3-11f1-a8f4-0242ac130202,76011170
0fa6b584-49e7-11f1-8278-0242ac130203,76012428
e0fe1176-4a01-11f1-a836-0242ac130202,76020372
1ff770e6-4a09-11f1-bb62-0242ac130202,76022872
3fed1a6c-4a0a-11f1-8e11-0242ac130202,76023273
fb43ade4-4a23-11f1-85c0-0242ac130206,76032198
198f4064-4a25-11f1-a34a-0242ac130202,76032608
b529e272-4a39-11f1-83a0-0242ac130203,76039927
087e2d7c-4a3d-11f1-8d81-0242ac130204,76041054
9fa6bc14-4a42-11f1-81f2-0242ac130203,76042700
32c0f730-4a43-11f1-bc0b-0242ac130203,76042942
09b7ba1a-4a46-11f1-8c2e-0242ac130206,76044105
5639f774-4a49-11f1-991e-0242ac130203,76045205
59b49756-4a49-11f1-b03c-0242ac130202,76045306
69622bf0-4a53-11f1-a669-0242ac130206,76048458
ec15c2c4-4a57-11f1-b8e8-0242ac130202,76050389
5f07ea32-4a62-11f1-9109-0242ac130203,76056672
ed3fb0a0-4a62-11f1-ad68-0242ac130204,76056759
aa097eae-4a64-11f1-8024-0242ac130203,76057451
b9d0215c-4a65-11f1-8f89-0242ac130202,76057722
c5fa114a-4a6a-11f1-b6fd-0242ac130203,76059391
b274095c-4a77-11f1-9a4a-0242ac130206,76063562
3bb3defe-4a78-11f1-80fe-0242ac130204,76063621
7c486bf4-4a7a-11f1-9a13-0242ac130202,76064593
a36b236a-4a80-11f1-9751-0242ac130205,76066636
d5c40258-4a82-11f1-90f0-0242ac130206,76067195
37c16c7c-4a8b-11f1-a838-0242ac130205,76069664
229ed8ee-4a8f-11f1-a031-0242ac130203,76071073
b8ed45c4-4a8f-11f1-8be2-0242ac130206,76071285
4cfd8698-4a9f-11f1-b8bd-0242ac130203,76076198
ca5e6392-4aa8-11f1-ac9a-0242ac130204,76079057
1eab3338-4ab5-11f1-8df8-0242ac130203,76083186
9fd3d2a4-4abe-11f1-8254-0242ac130205,76086202
2a0209ec-4ac8-11f1-a869-0242ac130202,76089271
824fbb82-4acb-11f1-bab4-0242ac130205,76090421
e4a9f3da-4ad3-11f1-848f-0242ac130204,76093064
7af7937e-4ad4-11f1-a61f-0242ac130204,76093236
eb6f94cc-4ad8-11f1-8737-0242ac130203,76094449
99788e7e-4ada-11f1-8976-0242ac130206,76094900
15d31706-4adf-11f1-973b-0242ac130205,76096057
8534cf60-4aec-11f1-91c3-0242ac130206,76100053
4c1334bc-4aef-11f1-8293-0242ac130204,76100756
6c253eca-4af0-11f1-9bfb-0242ac130203,76101203
abbaced6-4af2-11f1-bd6f-0242ac130204,76101936
e8f026c0-4b01-11f1-8250-0242ac130203,76106874
7fcd4154-4b07-11f1-8908-0242ac130205,76108868
bac67292-4b09-11f1-8f13-0242ac130202,76109496
085dcdae-4b0d-11f1-a957-0242ac130203,76110823
0216a256-4b15-11f1-9a8d-0242ac130203,76114066
c4d4a7dc-4b17-11f1-bafc-0242ac130204,76115985
730dda98-4b19-11f1-b09a-0242ac130206,76116994
f9ab268c-4b19-11f1-b365-0242ac130202,76117280
a39e4e3a-4b24-11f1-b64a-0242ac130203,76121210
01253458-4b2d-11f1-88f5-0242ac130205,76123767
61543506-4b30-11f1-ae00-0242ac130205,76124992
614ecb98-4b35-11f1-846d-0242ac130203,76126715
6ae2f81e-4b35-11f1-a7c7-0242ac130203,76126728
f1a7d676-4b35-11f1-9292-0242ac130202,76126831
7ee86e88-4b36-11f1-8b9d-0242ac130203,76126973
818a508e-4b36-11f1-b7cd-0242ac130203,76126987
17bd97c8-4b3c-11f1-90e5-0242ac130203,76128697
bf43ae1a-4b46-11f1-bbfd-0242ac130203,76132264
73cbbe1c-4b4d-11f1-bdd4-0242ac130206,76134185
702f46fc-4b52-11f1-8e95-0242ac130203,76135954
6079af1e-4b5b-11f1-8261-0242ac130203,76139036
fc413c14-4b60-11f1-9a53-0242ac130205,76140744
590769ee-4b77-11f1-af26-0242ac130205,76147844
d9fdb554-4b80-11f1-8a03-0242ac130204,76151155
67abb220-4b81-11f1-b582-0242ac130205,76151331
af080342-4b8d-11f1-ba32-0242ac130202,76155798
7ced364a-4b90-11f1-bafa-0242ac130206,76156832
9b261fea-4b91-11f1-93c5-0242ac130204,76157049
9511c1e6-4b9f-11f1-8d23-0242ac130206,76161698
3d0df8be-4ba1-11f1-9f20-0242ac130203,76162286
f3b5c96a-4ba7-11f1-b4b1-0242ac130204,76164392
356aaf5e-4baf-11f1-8568-0242ac130203,76166997
fd2b409c-4bb1-11f1-b325-0242ac130204,76168171
55c899b8-4bb5-11f1-a1b2-0242ac130202,76169387
95a0ec38-4bca-11f1-b82d-0242ac130204,76176665
654e0bb2-4bcd-11f1-aaa6-0242ac130205,76177556
f5f0f3f0-4bcd-11f1-b7fb-0242ac130203,76177692
e0daada0-4be4-11f1-9264-0242ac130206,76185100
b3ec1692-4bff-11f1-9490-0242ac130203,76193676
772ccb9a-4c02-11f1-aae6-0242ac130206,76194670
d3a4d004-4c05-11f1-a9a4-0242ac130203,76195833
ac5561e6-4c0d-11f1-bd64-0242ac130206,76198561
a7b07b3a-4c0d-11f1-a89f-0242ac130203,76198576
733c6c6c-4c15-11f1-bc26-0242ac130204,76201225
310846da-4c1b-11f1-bc1b-0242ac130203,76202954
7beb7f30-4c22-11f1-ba57-0242ac130203,76205493
0b07f536-4c28-11f1-b710-0242ac130206,76207317
51dfb9de-4c42-11f1-b7e5-0242ac130203,76216031
f9d9354c-4c43-11f1-9aa5-0242ac130202,76216437
b5e400be-4c5d-11f1-8140-0242ac130202,76224773
f1829430-4c64-11f1-b7af-0242ac130203,76227451
86ce0cd6-4c65-11f1-9960-0242ac130206,76227620
200a7b64-4c6b-11f1-acd0-0242ac130203,76229337
290857fe-4c75-11f1-bcd3-0242ac130202,76232310
b62b150a-4c88-11f1-9bab-0242ac130204,76238738
53baaaf6-4c8e-11f1-8a82-0242ac130206,76240663
56595618-4c8e-11f1-a65a-0242ac130202,76240675
1c21a484-4c91-11f1-9588-0242ac130206,76241304
e163a844-4c93-11f1-a459-0242ac130203,76242405
1f4c3c0a-4c96-11f1-9ced-0242ac130202,76243092
e2ab5932-4ca1-11f1-8fb4-0242ac130204,76247232
ff64876e-4ca2-11f1-9afe-0242ac130203,76247605
0135d3d6-4ca8-11f1-9f7d-0242ac130204,76249460
72f0b3a8-4cba-11f1-ab6c-0242ac130203,76255902
5b444130-4cbe-11f1-a949-0242ac130203,76257210
072107e4-4cc0-11f1-b937-0242ac130205,76257789
44ed5d0a-4cc2-11f1-828e-0242ac130203,76258762
a094d810-4cc5-11f1-a90e-0242ac130203,76259847
3133d370-4cd1-11f1-9027-0242ac130203,76263558
33d624b2-4ce9-11f1-8aa4-0242ac130205,76271980
cb37fb6e-4cf3-11f1-bf1f-0242ac130204,76275892
f2ea07d2-4cf4-11f1-a880-0242ac130206,76276130
6a450058-4cfe-11f1-b678-0242ac130206,76279421
016c5f80-4d04-11f1-8a41-0242ac130202,76281340
60eb3438-4d07-11f1-822e-0242ac130203,76282382
c4d57d58-4d18-11f1-935e-0242ac130206,76287943
30751eb2-4d26-11f1-84a4-0242ac130205,76292858
db2ef8ae-4d27-11f1-97d6-0242ac130202,76293330
b0148aa0-4d2f-11f1-b8f7-0242ac130204,76296024
c59aacf6-4d3e-11f1-afb3-0242ac130206,76301352
0fc1bdc2-4d46-11f1-8e40-0242ac130202,76303822
7b47bc6a-4d5d-11f1-a536-0242ac130203,76312376
8dc35692-4d6c-11f1-a7a6-0242ac130204,76317443
5fd62b62-4d74-11f1-b2b7-0242ac130203,76319914
72604e44-4d82-11f1-83eb-0242ac130203,76324744
fbed54b8-4d82-11f1-a27c-0242ac130202,76324976
d4040f62-4d9d-11f1-9cbb-0242ac130206,76334869
3003f536-4da1-11f1-aef6-0242ac130203,76336072
36e910c0-4da6-11f1-bbe1-0242ac130204,76338140
50f3e642-4da7-11f1-93fa-0242ac130203,76338445
3ed44aac-4db0-11f1-854e-0242ac130203,76341498
a0b392a2-4db8-11f1-a009-0242ac130204,76344335
8bcfe6d4-4dbc-11f1-8967-0242ac130203,76345723
3a4a951a-4dd1-11f1-ac71-0242ac130204,76353192
716d5882-4dd3-11f1-993e-0242ac130204,76354266
a22a3ae8-4dde-11f1-8a2e-0242ac130205,76358451
8f9f637c-4de2-11f1-acf4-0242ac130203,76359751
c31204a6-4de4-11f1-a142-0242ac130203,76360514
a2d743bc-4def-11f1-9300-0242ac130203,76364693
01079bb2-4dfa-11f1-b836-0242ac130203,76369073
909abd7c-4dfa-11f1-bd1e-0242ac130203,76369368
4a6d463e-4e14-11f1-950e-0242ac130205,76379566
3edb8ad4-4e31-11f1-b9d5-0242ac130203,76395944
8460fe8e-4e33-11f1-b99c-0242ac130203,76397269
f85d7f20-4e3c-11f1-9340-0242ac130206,76404318
cbe34186-4e3d-11f1-89e5-0242ac130206,76404703
d2dcd262-4e3e-11f1-aef8-0242ac130203,76405377
d835d5ce-4e43-11f1-8db7-0242ac130202,76408494
19e590bc-4e59-11f1-876d-0242ac130203,76416544
58a87538-4e5b-11f1-ba9f-0242ac130205,76417215
619bfa66-4e65-11f1-a194-0242ac130203,76421250
59756c98-4e86-11f1-acf8-0242ac130202,76432784
2a86cc80-4e8e-11f1-ac8a-0242ac130204,76435455
ff7c029c-4ea3-11f1-8d33-0242ac130203,76443885
b0b64cd8-4eaf-11f1-8f03-0242ac130204,76448561
f596509e-4eb6-11f1-a169-0242ac130202,76451682
897df9d8-4ebc-11f1-81f7-0242ac130203,76453508
f041e428-4ef7-11f1-a2ef-0242ac130203,76475049
8b490d92-4ef9-11f1-9376-0242ac130203,76475658
b07cbfb8-4efa-11f1-b65b-0242ac130204,76476141
daf0e642-4f05-11f1-810b-0242ac130203,76480194
f7585c4c-4f06-11f1-8198-0242ac130205,76480597
50a851fa-4f0a-11f1-90ba-0242ac130204,76481945
ead5a66a-4f0f-11f1-a0f5-0242ac130205,76483783
1623f13c-4f1f-11f1-9cf3-0242ac130202,76489368
ec8e6292-4f3e-11f1-973f-0242ac130204,76501130
07f6403a-4f40-11f1-b346-0242ac130204,76501532
b5ddbb24-4f54-11f1-b319-0242ac130202,76509046
342adfb2-4f59-11f1-89fb-0242ac130203,76510627
48788a6e-4f68-11f1-9708-0242ac130202,76516585
f4b0e930-4f85-11f1-ad56-0242ac130204,76527854
be30e34e-4f88-11f1-a525-0242ac130204,76528949
ecb93c2a-4fa1-11f1-90a9-0242ac130203,76538468
7afdb830-4fa2-11f1-82e5-0242ac130202,76538658
22aff7d2-4fb7-11f1-90b1-0242ac130204,76546430
af53523e-4fca-11f1-aab5-0242ac130202,76559251
85e94a48-500b-11f1-a9c4-0242ac130203,76593975
790c44c0-5019-11f1-a828-0242ac130203,76601546
c2fa9f9a-5033-11f1-b450-0242ac130205,76615970
294cf434-5041-11f1-9ecf-0242ac130204,76623067
a0ed95ae-5053-11f1-9d7c-0242ac130204,76632857
3c990344-505e-11f1-ac3f-0242ac130204,76638881
a7f91d06-506b-11f1-a460-0242ac130203,76645729
8d62041e-5082-11f1-a0c0-0242ac130202,76657754
e7aa4216-509a-11f1-970d-0242ac130203,76670723
27dfe604-50a2-11f1-b9c3-0242ac130203,76674529
d1811f7a-50b1-11f1-902e-0242ac130203,76682997
8e7a5bf4-50b8-11f1-933b-0242ac130202,76686494
39a47c3a-50cd-11f1-bfdc-0242ac130204,76697550
8644ee00-5125-11f1-82ff-0242ac130203,76744055
